lane-gate	Set up job	﻿2026-09-13T05:39:25.5919484Z Current runner version: '2.337.0'
lane-gate	Set up job	2026-09-13T05:39:25.5944362Z ##[group]Runner Image Provisioner
lane-gate	Set up job	2026-09-13T05:39:25.5945374Z Hosted Compute Agent
lane-gate	Set up job	2026-09-13T05:39:25.5945930Z Version: 20260828.587
lane-gate	Set up job	2026-09-13T05:39:25.5946510Z Commit: abac92662cab4cc7352de4f9f9d2e2419aad9c29
lane-gate	Set up job	2026-09-13T05:39:25.5947257Z Build Date: 2026-08-28T16:44:25Z
lane-gate	Set up job	2026-09-13T05:39:25.5947908Z Worker ID: {c2cfade9-53ac-4ebf-bb2d-cddc55d74243}
lane-gate	Set up job	2026-09-13T05:39:25.5948631Z Azure Region: northcentralus
lane-gate	Set up job	2026-09-13T05:39:25.5949324Z ##[endgroup]
lane-gate	Set up job	2026-09-13T05:39:25.5951567Z ##[group]Operating System
lane-gate	Set up job	2026-09-13T05:39:25.5952241Z Ubuntu
lane-gate	Set up job	2026-09-13T05:39:25.5952724Z 24.04.5
lane-gate	Set up job	2026-09-13T05:39:25.5953270Z LTS
lane-gate	Set up job	2026-09-13T05:39:25.5953766Z ##[endgroup]
lane-gate	Set up job	2026-09-13T05:39:25.5954278Z ##[group]Runner Image
lane-gate	Set up job	2026-09-13T05:39:25.5954851Z Image: ubuntu-24.04
lane-gate	Set up job	2026-09-13T05:39:25.5955383Z Version: 20260907.300.1
lane-gate	Set up job	2026-09-13T05:39:25.5956376Z Included Software: https://github.com/actions/runner-images/blob/ubuntu24/20260907.300/images/ubuntu/Ubuntu2404-Readme.md
lane-gate	Set up job	2026-09-13T05:39:25.5958066Z Image Release: https://github.com/actions/runner-images/releases/tag/ubuntu24%2F20260907.300
lane-gate	Set up job	2026-09-13T05:39:25.5958980Z ##[endgroup]
lane-gate	Set up job	2026-09-13T05:39:25.5960344Z ##[group]GITHUB_TOKEN Permissions
lane-gate	Set up job	2026-09-13T05:39:25.5962783Z Contents: read
lane-gate	Set up job	2026-09-13T05:39:25.5963349Z Metadata: read
lane-gate	Set up job	2026-09-13T05:39:25.5963901Z Statuses: write
lane-gate	Set up job	2026-09-13T05:39:25.5964521Z ##[endgroup]
lane-gate	Set up job	2026-09-13T05:39:25.5966546Z Secret source: Actions
lane-gate	Set up job	2026-09-13T05:39:25.5967492Z Cache mode: read
lane-gate	Set up job	2026-09-13T05:39:25.5968385Z Prepare workflow directory
lane-gate	Set up job	2026-09-13T05:39:25.6291206Z Prepare all required actions
lane-gate	Set up job	2026-09-13T05:39:25.6341587Z Getting action download info
lane-gate	Set up job	2026-09-13T05:39:25.8798043Z Download action repository 'actions/checkout@v7' (SHA:3d3c42e5aac5ba805825da76410c181273ba90b1)
lane-gate	Set up job	2026-09-13T05:39:26.0603453Z Complete job name: lane-gate
lane-gate	Run actions/checkout@v7	﻿2026-09-13T05:39:26.1335981Z ##[group]Run actions/checkout@v7
lane-gate	Run actions/checkout@v7	2026-09-13T05:39:26.1336879Z with:
lane-gate	Run actions/checkout@v7	2026-09-13T05:39:26.1337471Z   repository: kingpanther13/Hubitat-local-MCP-server
lane-gate	Run actions/checkout@v7	2026-09-13T05:39:26.1341870Z   token: ***
lane-gate	Run actions/checkout@v7	2026-09-13T05:39:26.1342470Z   ssh-strict: true
lane-gate	Run actions/checkout@v7	2026-09-13T05:39:26.1342965Z   ssh-user: git
lane-gate	Run actions/checkout@v7	2026-09-13T05:39:26.1343477Z   persist-credentials: true
lane-gate	Run actions/checkout@v7	2026-09-13T05:39:26.1344024Z   clean: true
lane-gate	Run actions/checkout@v7	2026-09-13T05:39:26.1344526Z   sparse-checkout-cone-mode: true
lane-gate	Run actions/checkout@v7	2026-09-13T05:39:26.1345131Z   fetch-depth: 1
lane-gate	Run actions/checkout@v7	2026-09-13T05:39:26.1345612Z   fetch-tags: false
lane-gate	Run actions/checkout@v7	2026-09-13T05:39:26.1346143Z   show-progress: true
lane-gate	Run actions/checkout@v7	2026-09-13T05:39:26.1346653Z   lfs: false
lane-gate	Run actions/checkout@v7	2026-09-13T05:39:26.1347148Z   submodules: false
lane-gate	Run actions/checkout@v7	2026-09-13T05:39:26.1347673Z   set-safe-directory: true
lane-gate	Run actions/checkout@v7	2026-09-13T05:39:26.1348235Z   allow-unsafe-pr-checkout: false
lane-gate	Run actions/checkout@v7	2026-09-13T05:39:26.1348952Z ##[endgroup]
lane-gate	Run actions/checkout@v7	2026-09-13T05:39:26.2385143Z Syncing repository: kingpanther13/Hubitat-local-MCP-server
lane-gate	Run actions/checkout@v7	2026-09-13T05:39:26.2387370Z ##[group]Getting Git version info
lane-gate	Run actions/checkout@v7	2026-09-13T05:39:26.2388515Z Working directory is '/home/runner/work/Hubitat-local-MCP-server/Hubitat-local-MCP-server'
lane-gate	Run actions/checkout@v7	2026-09-13T05:39:26.2390086Z [command]/usr/bin/git version
lane-gate	Run actions/checkout@v7	2026-09-13T05:39:26.2455144Z git version 2.55.0
lane-gate	Run actions/checkout@v7	2026-09-13T05:39:26.2484751Z ##[endgroup]
lane-gate	Run actions/checkout@v7	2026-09-13T05:39:26.2502135Z Temporarily overriding HOME='/home/runner/work/_temp/10db40b2-e028-49f5-b2bb-323ff54980b1' before making global git config changes
lane-gate	Run actions/checkout@v7	2026-09-13T05:39:26.2504122Z Adding repository directory to the temporary git global config as a safe directory
lane-gate	Run actions/checkout@v7	2026-09-13T05:39:26.2510040Z [command]/usr/bin/git config --global --add safe.directory /home/runner/work/Hubitat-local-MCP-server/Hubitat-local-MCP-server
lane-gate	Run actions/checkout@v7	2026-09-13T05:39:26.2565480Z Deleting the contents of '/home/runner/work/Hubitat-local-MCP-server/Hubitat-local-MCP-server'
lane-gate	Run actions/checkout@v7	2026-09-13T05:39:26.2569525Z ##[group]Determining repository object format
lane-gate	Run actions/checkout@v7	2026-09-13T05:39:26.2576883Z ##[endgroup]
lane-gate	Run actions/checkout@v7	2026-09-13T05:39:26.2584779Z ##[group]Initializing the repository
lane-gate	Run actions/checkout@v7	2026-09-13T05:39:26.2585981Z [command]/usr/bin/git init /home/runner/work/Hubitat-local-MCP-server/Hubitat-local-MCP-server
lane-gate	Run actions/checkout@v7	2026-09-13T05:39:26.2664868Z hint: Using 'master' as the name for the initial branch. This default branch name
lane-gate	Run actions/checkout@v7	2026-09-13T05:39:26.2668476Z hint: will change to "main" in Git 3.0. To configure the initial branch name
lane-gate	Run actions/checkout@v7	2026-09-13T05:39:26.2670644Z hint: to use in all of your new repositories, which will suppress this warning,
lane-gate	Run actions/checkout@v7	2026-09-13T05:39:26.2671899Z hint: call:
lane-gate	Run actions/checkout@v7	2026-09-13T05:39:26.2672590Z hint:
lane-gate	Run actions/checkout@v7	2026-09-13T05:39:26.2673430Z hint: 	git config --global init.defaultBranch <name>
lane-gate	Run actions/checkout@v7	2026-09-13T05:39:26.2674437Z hint:
lane-gate	Run actions/checkout@v7	2026-09-13T05:39:26.2675367Z hint: Names commonly chosen instead of 'master' are 'main', 'trunk' and
lane-gate	Run actions/checkout@v7	2026-09-13T05:39:26.2676713Z hint: 'development'. The just-created branch can be renamed via this command:
lane-gate	Run actions/checkout@v7	2026-09-13T05:39:26.2677904Z hint:
lane-gate	Run actions/checkout@v7	2026-09-13T05:39:26.2678629Z hint: 	git branch -m <name>
lane-gate	Run actions/checkout@v7	2026-09-13T05:39:26.2679396Z hint:
lane-gate	Run actions/checkout@v7	2026-09-13T05:39:26.2680513Z hint: Disable this message with "git config set advice.defaultBranchName false"
lane-gate	Run actions/checkout@v7	2026-09-13T05:39:26.2682329Z Initialized empty Git repository in /home/runner/work/Hubitat-local-MCP-server/Hubitat-local-MCP-server/.git/
lane-gate	Run actions/checkout@v7	2026-09-13T05:39:26.2685330Z [command]/usr/bin/git remote add origin https://github.com/kingpanther13/Hubitat-local-MCP-server
lane-gate	Run actions/checkout@v7	2026-09-13T05:39:26.2726780Z ##[endgroup]
lane-gate	Run actions/checkout@v7	2026-09-13T05:39:26.2728362Z ##[group]Disabling automatic garbage collection
lane-gate	Run actions/checkout@v7	2026-09-13T05:39:26.2730146Z [command]/usr/bin/git config --local gc.auto 0
lane-gate	Run actions/checkout@v7	2026-09-13T05:39:26.2759470Z ##[endgroup]
lane-gate	Run actions/checkout@v7	2026-09-13T05:39:26.2761272Z ##[group]Setting up auth
lane-gate	Run actions/checkout@v7	2026-09-13T05:39:26.2762294Z Removing SSH command configuration
lane-gate	Run actions/checkout@v7	2026-09-13T05:39:26.2764944Z [command]/usr/bin/git config --local --name-only --get-regexp core\.sshCommand
lane-gate	Run actions/checkout@v7	2026-09-13T05:39:26.2800863Z [command]/usr/bin/git submodule foreach --recursive sh -c "git config --local --name-only --get-regexp 'core\.sshCommand' && git config --local --unset-all 'core.sshCommand' || :"
lane-gate	Run actions/checkout@v7	2026-09-13T05:39:26.3134539Z Removing HTTP extra header
lane-gate	Run actions/checkout@v7	2026-09-13T05:39:26.3140577Z [command]/usr/bin/git config --local --name-only --get-regexp http\.https\:\/\/github\.com\/\.extraheader
lane-gate	Run actions/checkout@v7	2026-09-13T05:39:26.3175119Z [command]/usr/bin/git submodule foreach --recursive sh -c "git config --local --name-only --get-regexp 'http\.https\:\/\/github\.com\/\.extraheader' && git config --local --unset-all 'http.https://github.com/.extraheader' || :"
lane-gate	Run actions/checkout@v7	2026-09-13T05:39:26.3366027Z Removing includeIf entries pointing to credentials config files
lane-gate	Run actions/checkout@v7	2026-09-13T05:39:26.3371270Z [command]/usr/bin/git config --local --name-only --get-regexp ^includeIf\.gitdir:
lane-gate	Run actions/checkout@v7	2026-09-13T05:39:26.3400294Z [command]/usr/bin/git submodule foreach --recursive git config --local --show-origin --name-only --get-regexp remote.origin.url
lane-gate	Run actions/checkout@v7	2026-09-13T05:39:26.3580910Z [command]/usr/bin/git config --file /home/runner/work/_temp/git-credentials-c0ec114e-4527-47f5-ba91-8e6c6ef7d141.config http.https://github.com/.extraheader AUTHORIZATION: basic ***
lane-gate	Run actions/checkout@v7	2026-09-13T05:39:26.3615398Z [command]/usr/bin/git config --local includeIf.gitdir:/home/runner/work/Hubitat-local-MCP-server/Hubitat-local-MCP-server/.git.path /home/runner/work/_temp/git-credentials-c0ec114e-4527-47f5-ba91-8e6c6ef7d141.config
lane-gate	Run actions/checkout@v7	2026-09-13T05:39:26.3642748Z [command]/usr/bin/git config --local includeIf.gitdir:/home/runner/work/Hubitat-local-MCP-server/Hubitat-local-MCP-server/.git/worktrees/*.path /home/runner/work/_temp/git-credentials-c0ec114e-4527-47f5-ba91-8e6c6ef7d141.config
lane-gate	Run actions/checkout@v7	2026-09-13T05:39:26.3671184Z [command]/usr/bin/git config --local includeIf.gitdir:/github/workspace/.git.path /github/runner_temp/git-credentials-c0ec114e-4527-47f5-ba91-8e6c6ef7d141.config
lane-gate	Run actions/checkout@v7	2026-09-13T05:39:26.3698238Z [command]/usr/bin/git config --local includeIf.gitdir:/github/workspace/.git/worktrees/*.path /github/runner_temp/git-credentials-c0ec114e-4527-47f5-ba91-8e6c6ef7d141.config
lane-gate	Run actions/checkout@v7	2026-09-13T05:39:26.3723807Z ##[endgroup]
lane-gate	Run actions/checkout@v7	2026-09-13T05:39:26.3724875Z ##[group]Fetching the repository
lane-gate	Run actions/checkout@v7	2026-09-13T05:39:26.3730366Z [command]/usr/bin/git -c protocol.version=2 fetch --no-tags --prune --no-recurse-submodules --depth=1 origin +1de06f1c0bc356b8e8251b436f15e247ddb81e2c:refs/remotes/origin/main
lane-gate	Run actions/checkout@v7	2026-09-13T05:39:27.5448851Z From https://github.com/kingpanther13/Hubitat-local-MCP-server
lane-gate	Run actions/checkout@v7	2026-09-13T05:39:27.5452524Z  * [new ref]         1de06f1c0bc356b8e8251b436f15e247ddb81e2c -> origin/main
lane-gate	Run actions/checkout@v7	2026-09-13T05:39:27.5458553Z [command]/usr/bin/git branch --list --remote origin/main
lane-gate	Run actions/checkout@v7	2026-09-13T05:39:27.5483150Z   origin/main
lane-gate	Run actions/checkout@v7	2026-09-13T05:39:27.5491427Z [command]/usr/bin/git rev-parse refs/remotes/origin/main
lane-gate	Run actions/checkout@v7	2026-09-13T05:39:27.5514421Z 1de06f1c0bc356b8e8251b436f15e247ddb81e2c
lane-gate	Run actions/checkout@v7	2026-09-13T05:39:27.5518750Z ##[endgroup]
lane-gate	Run actions/checkout@v7	2026-09-13T05:39:27.5520848Z ##[group]Determining the checkout info
lane-gate	Run actions/checkout@v7	2026-09-13T05:39:27.5523338Z ##[endgroup]
lane-gate	Run actions/checkout@v7	2026-09-13T05:39:27.5524940Z [command]/usr/bin/git sparse-checkout disable
lane-gate	Run actions/checkout@v7	2026-09-13T05:39:27.5568318Z [command]/usr/bin/git config --local --unset-all extensions.worktreeConfig
lane-gate	Run actions/checkout@v7	2026-09-13T05:39:27.5596526Z ##[group]Checking out the ref
lane-gate	Run actions/checkout@v7	2026-09-13T05:39:27.5599023Z [command]/usr/bin/git checkout --progress --force -B main refs/remotes/origin/main
lane-gate	Run actions/checkout@v7	2026-09-13T05:39:27.6653866Z Switched to a new branch 'main'
lane-gate	Run actions/checkout@v7	2026-09-13T05:39:27.6656738Z branch 'main' set up to track 'origin/main'.
lane-gate	Run actions/checkout@v7	2026-09-13T05:39:27.6667021Z ##[endgroup]
lane-gate	Run actions/checkout@v7	2026-09-13T05:39:27.6707218Z [command]/usr/bin/git log -1 --format=%H
lane-gate	Run actions/checkout@v7	2026-09-13T05:39:27.6731917Z 1de06f1c0bc356b8e8251b436f15e247ddb81e2c
lane-gate	Run node .github/scripts/lane_gate.js	﻿2026-09-13T05:39:27.6999361Z ##[group]Run node .github/scripts/lane_gate.js
lane-gate	Run node .github/scripts/lane_gate.js	2026-09-13T05:39:27.7001656Z ^[[36;1mnode .github/scripts/lane_gate.js^[[0m
lane-gate	Run node .github/scripts/lane_gate.js	2026-09-13T05:39:27.7034990Z shell: /usr/bin/bash -e {0}
lane-gate	Run node .github/scripts/lane_gate.js	2026-09-13T05:39:27.7036439Z ##[endgroup]
lane-gate	Run node .github/scripts/lane_gate.js	2026-09-13T05:39:27.8777317Z lane-gate: event=pull_request_target action=synchronize label=undefined attempt=1 -> run (run=true skip=false)
lane-gate	Post Run actions/checkout@v7	﻿2026-09-13T05:39:27.9165292Z Post job cleanup.
lane-gate	Post Run actions/checkout@v7	2026-09-13T05:39:28.0004681Z [command]/usr/bin/git version
lane-gate	Post Run actions/checkout@v7	2026-09-13T05:39:28.0047103Z git version 2.55.0
lane-gate	Post Run actions/checkout@v7	2026-09-13T05:39:28.0086888Z Temporarily overriding HOME='/home/runner/work/_temp/40a801e7-4065-405f-a3f3-3b734de81918' before making global git config changes
lane-gate	Post Run actions/checkout@v7	2026-09-13T05:39:28.0090704Z Adding repository directory to the temporary git global config as a safe directory
lane-gate	Post Run actions/checkout@v7	2026-09-13T05:39:28.0094285Z [command]/usr/bin/git config --global --add safe.directory /home/runner/work/Hubitat-local-MCP-server/Hubitat-local-MCP-server
lane-gate	Post Run actions/checkout@v7	2026-09-13T05:39:28.0127029Z Removing SSH command configuration
lane-gate	Post Run actions/checkout@v7	2026-09-13T05:39:28.0131741Z [command]/usr/bin/git config --local --name-only --get-regexp core\.sshCommand
lane-gate	Post Run actions/checkout@v7	2026-09-13T05:39:28.0165761Z [command]/usr/bin/git submodule foreach --recursive sh -c "git config --local --name-only --get-regexp 'core\.sshCommand' && git config --local --unset-all 'core.sshCommand' || :"
lane-gate	Post Run actions/checkout@v7	2026-09-13T05:39:28.0371573Z Removing HTTP extra header
lane-gate	Post Run actions/checkout@v7	2026-09-13T05:39:28.0378202Z [command]/usr/bin/git config --local --name-only --get-regexp http\.https\:\/\/github\.com\/\.extraheader
lane-gate	Post Run actions/checkout@v7	2026-09-13T05:39:28.0411602Z [command]/usr/bin/git submodule foreach --recursive sh -c "git config --local --name-only --get-regexp 'http\.https\:\/\/github\.com\/\.extraheader' && git config --local --unset-all 'http.https://github.com/.extraheader' || :"
lane-gate	Post Run actions/checkout@v7	2026-09-13T05:39:28.0607661Z Removing includeIf entries pointing to credentials config files
lane-gate	Post Run actions/checkout@v7	2026-09-13T05:39:28.0611827Z [command]/usr/bin/git config --local --name-only --get-regexp ^includeIf\.gitdir:
lane-gate	Post Run actions/checkout@v7	2026-09-13T05:39:28.0637722Z includeif.gitdir:/home/runner/work/Hubitat-local-MCP-server/Hubitat-local-MCP-server/.git.path
lane-gate	Post Run actions/checkout@v7	2026-09-13T05:39:28.0642798Z includeif.gitdir:/home/runner/work/Hubitat-local-MCP-server/Hubitat-local-MCP-server/.git/worktrees/*.path
lane-gate	Post Run actions/checkout@v7	2026-09-13T05:39:28.0646277Z includeif.gitdir:/github/workspace/.git.path
lane-gate	Post Run actions/checkout@v7	2026-09-13T05:39:28.0648693Z includeif.gitdir:/github/workspace/.git/worktrees/*.path
lane-gate	Post Run actions/checkout@v7	2026-09-13T05:39:28.0655342Z [command]/usr/bin/git config --local --get-all includeif.gitdir:/home/runner/work/Hubitat-local-MCP-server/Hubitat-local-MCP-server/.git.path
lane-gate	Post Run actions/checkout@v7	2026-09-13T05:39:28.0674423Z /home/runner/work/_temp/git-credentials-c0ec114e-4527-47f5-ba91-8e6c6ef7d141.config
lane-gate	Post Run actions/checkout@v7	2026-09-13T05:39:28.0694083Z [command]/usr/bin/git config --local --unset includeif.gitdir:/home/runner/work/Hubitat-local-MCP-server/Hubitat-local-MCP-server/.git.path \/home\/runner\/work\/_temp\/git\-credentials\-c0ec114e\-4527\-47f5\-ba91\-8e6c6ef7d141\.config
lane-gate	Post Run actions/checkout@v7	2026-09-13T05:39:28.0727870Z [command]/usr/bin/git config --local --get-all includeif.gitdir:/home/runner/work/Hubitat-local-MCP-server/Hubitat-local-MCP-server/.git/worktrees/*.path
lane-gate	Post Run actions/checkout@v7	2026-09-13T05:39:28.0749219Z /home/runner/work/_temp/git-credentials-c0ec114e-4527-47f5-ba91-8e6c6ef7d141.config
lane-gate	Post Run actions/checkout@v7	2026-09-13T05:39:28.0762528Z [command]/usr/bin/git config --local --unset includeif.gitdir:/home/runner/work/Hubitat-local-MCP-server/Hubitat-local-MCP-server/.git/worktrees/*.path \/home\/runner\/work\/_temp\/git\-credentials\-c0ec114e\-4527\-47f5\-ba91\-8e6c6ef7d141\.config
lane-gate	Post Run actions/checkout@v7	2026-09-13T05:39:28.0800514Z [command]/usr/bin/git config --local --get-all includeif.gitdir:/github/workspace/.git.path
lane-gate	Post Run actions/checkout@v7	2026-09-13T05:39:28.0823631Z /github/runner_temp/git-credentials-c0ec114e-4527-47f5-ba91-8e6c6ef7d141.config
lane-gate	Post Run actions/checkout@v7	2026-09-13T05:39:28.0832740Z [command]/usr/bin/git config --local --unset includeif.gitdir:/github/workspace/.git.path \/github\/runner_temp\/git\-credentials\-c0ec114e\-4527\-47f5\-ba91\-8e6c6ef7d141\.config
lane-gate	Post Run actions/checkout@v7	2026-09-13T05:39:28.0865866Z [command]/usr/bin/git config --local --get-all includeif.gitdir:/github/workspace/.git/worktrees/*.path
lane-gate	Post Run actions/checkout@v7	2026-09-13T05:39:28.0894381Z /github/runner_temp/git-credentials-c0ec114e-4527-47f5-ba91-8e6c6ef7d141.config
lane-gate	Post Run actions/checkout@v7	2026-09-13T05:39:28.0914377Z [command]/usr/bin/git config --local --unset includeif.gitdir:/github/workspace/.git/worktrees/*.path \/github\/runner_temp\/git\-credentials\-c0ec114e\-4527\-47f5\-ba91\-8e6c6ef7d141\.config
lane-gate	Post Run actions/checkout@v7	2026-09-13T05:39:28.0945786Z [command]/usr/bin/git submodule foreach --recursive git config --local --show-origin --name-only --get-regexp remote.origin.url
lane-gate	Post Run actions/checkout@v7	2026-09-13T05:39:28.1138147Z Removing credentials config '/home/runner/work/_temp/git-credentials-c0ec114e-4527-47f5-ba91-8e6c6ef7d141.config'
lane-gate	Complete job	﻿2026-09-13T05:39:28.1285272Z Evaluate and set job outputs
lane-gate	Complete job	2026-09-13T05:39:28.1294062Z Set output 'run'
lane-gate	Complete job	2026-09-13T05:39:28.1297383Z Cleaning up orphan processes
approve	Set up job	﻿2026-09-13T05:39:32.6239995Z Current runner version: '2.337.0'
approve	Set up job	2026-09-13T05:39:32.6269527Z ##[group]Runner Image Provisioner
approve	Set up job	2026-09-13T05:39:32.6270437Z Hosted Compute Agent
approve	Set up job	2026-09-13T05:39:32.6271142Z Version: 20260828.587
approve	Set up job	2026-09-13T05:39:32.6271838Z Commit: abac92662cab4cc7352de4f9f9d2e2419aad9c29
approve	Set up job	2026-09-13T05:39:32.6272629Z Build Date: 2026-08-28T16:44:25Z
approve	Set up job	2026-09-13T05:39:32.6273637Z Worker ID: {15fc7e85-b0c8-4c98-aff6-f4ffdf5cfc62}
approve	Set up job	2026-09-13T05:39:32.6274430Z Azure Region: eastus
approve	Set up job	2026-09-13T05:39:32.6275101Z ##[endgroup]
approve	Set up job	2026-09-13T05:39:32.6276959Z ##[group]Operating System
approve	Set up job	2026-09-13T05:39:32.6277816Z Ubuntu
approve	Set up job	2026-09-13T05:39:32.6278381Z 24.04.5
approve	Set up job	2026-09-13T05:39:32.6278894Z LTS
approve	Set up job	2026-09-13T05:39:32.6279466Z ##[endgroup]
approve	Set up job	2026-09-13T05:39:32.6280063Z ##[group]Runner Image
approve	Set up job	2026-09-13T05:39:32.6280737Z Image: ubuntu-24.04
approve	Set up job	2026-09-13T05:39:32.6281338Z Version: 20260907.300.1
approve	Set up job	2026-09-13T05:39:32.6282429Z Included Software: https://github.com/actions/runner-images/blob/ubuntu24/20260907.300/images/ubuntu/Ubuntu2404-Readme.md
approve	Set up job	2026-09-13T05:39:32.6284317Z Image Release: https://github.com/actions/runner-images/releases/tag/ubuntu24%2F20260907.300
approve	Set up job	2026-09-13T05:39:32.6285371Z ##[endgroup]
approve	Set up job	2026-09-13T05:39:32.6286904Z ##[group]GITHUB_TOKEN Permissions
approve	Set up job	2026-09-13T05:39:32.6288971Z Contents: read
approve	Set up job	2026-09-13T05:39:32.6289663Z Metadata: read
approve	Set up job	2026-09-13T05:39:32.6290238Z Statuses: write
approve	Set up job	2026-09-13T05:39:32.6290889Z ##[endgroup]
approve	Set up job	2026-09-13T05:39:32.6293268Z Secret source: Actions
approve	Set up job	2026-09-13T05:39:32.6294404Z Cache mode: read
approve	Set up job	2026-09-13T05:39:32.6295331Z Prepare workflow directory
approve	Set up job	2026-09-13T05:39:32.6626243Z Prepare all required actions
approve	Set up job	2026-09-13T05:39:32.6734026Z Complete job name: approve
approve	Gate	﻿2026-09-13T05:39:32.7565813Z ##[group]Run echo "e2e approved to run against the shared test hub"
approve	Gate	2026-09-13T05:39:32.7567365Z ^[[36;1mecho "e2e approved to run against the shared test hub"^[[0m
approve	Gate	2026-09-13T05:39:32.8401146Z shell: /usr/bin/bash -e {0}
approve	Gate	2026-09-13T05:39:32.8402612Z ##[endgroup]
approve	Gate	2026-09-13T05:39:32.8649120Z e2e approved to run against the shared test hub
approve	Complete job	﻿2026-09-13T05:39:32.8843481Z Cleaning up orphan processes
e2e (run)	Set up job	﻿2026-09-13T05:39:37.4247954Z Current runner version: '2.337.0'
e2e (run)	Set up job	2026-09-13T05:39:37.4287502Z ##[group]Runner Image Provisioner
e2e (run)	Set up job	2026-09-13T05:39:37.4289148Z Hosted Compute Agent
e2e (run)	Set up job	2026-09-13T05:39:37.4290174Z Version: 20260828.587
e2e (run)	Set up job	2026-09-13T05:39:37.4291318Z Commit: abac92662cab4cc7352de4f9f9d2e2419aad9c29
e2e (run)	Set up job	2026-09-13T05:39:37.4292676Z Build Date: 2026-08-28T16:44:25Z
e2e (run)	Set up job	2026-09-13T05:39:37.4293832Z Worker ID: {4a3203a9-b70a-4ba8-bbdd-5c28937405cd}
e2e (run)	Set up job	2026-09-13T05:39:37.4295462Z Azure Region: eastus
e2e (run)	Set up job	2026-09-13T05:39:37.4296505Z ##[endgroup]
e2e (run)	Set up job	2026-09-13T05:39:37.4299100Z ##[group]Operating System
e2e (run)	Set up job	2026-09-13T05:39:37.4300260Z Ubuntu
e2e (run)	Set up job	2026-09-13T05:39:37.4301086Z 24.04.5
e2e (run)	Set up job	2026-09-13T05:39:37.4302102Z LTS
e2e (run)	Set up job	2026-09-13T05:39:37.4303010Z ##[endgroup]
e2e (run)	Set up job	2026-09-13T05:39:37.4304324Z ##[group]Runner Image
e2e (run)	Set up job	2026-09-13T05:39:37.4305437Z Image: ubuntu-24.04
e2e (run)	Set up job	2026-09-13T05:39:37.4306588Z Version: 20260907.300.1
e2e (run)	Set up job	2026-09-13T05:39:37.4308438Z Included Software: https://github.com/actions/runner-images/blob/ubuntu24/20260907.300/images/ubuntu/Ubuntu2404-Readme.md
e2e (run)	Set up job	2026-09-13T05:39:37.4311643Z Image Release: https://github.com/actions/runner-images/releases/tag/ubuntu24%2F20260907.300
e2e (run)	Set up job	2026-09-13T05:39:37.4313357Z ##[endgroup]
e2e (run)	Set up job	2026-09-13T05:39:37.4315882Z ##[group]GITHUB_TOKEN Permissions
e2e (run)	Set up job	2026-09-13T05:39:37.4319110Z Contents: read
e2e (run)	Set up job	2026-09-13T05:39:37.4320164Z Metadata: read
e2e (run)	Set up job	2026-09-13T05:39:37.4321162Z Statuses: write
e2e (run)	Set up job	2026-09-13T05:39:37.4322154Z ##[endgroup]
e2e (run)	Set up job	2026-09-13T05:39:37.4325901Z Secret source: Actions
e2e (run)	Set up job	2026-09-13T05:39:37.4327636Z Cache mode: read
e2e (run)	Set up job	2026-09-13T05:39:37.4328883Z Prepare workflow directory
e2e (run)	Set up job	2026-09-13T05:39:37.5130113Z Prepare all required actions
e2e (run)	Set up job	2026-09-13T05:39:37.5207472Z Getting action download info
e2e (run)	Set up job	2026-09-13T05:39:37.6870458Z Download action repository 'actions/checkout@v7' (SHA:3d3c42e5aac5ba805825da76410c181273ba90b1)
e2e (run)	Set up job	2026-09-13T05:39:37.8256991Z Download action repository 'actions/setup-python@v7' (SHA:5fda3b95a4ea91299a34e894583c3862153e4b97)
e2e (run)	Set up job	2026-09-13T05:39:38.0319432Z Complete job name: e2e (run)
e2e (run)	Run actions/checkout@v7	﻿2026-09-13T05:39:38.1226825Z ##[group]Run actions/checkout@v7
e2e (run)	Run actions/checkout@v7	2026-09-13T05:39:38.1227867Z with:
e2e (run)	Run actions/checkout@v7	2026-09-13T05:39:38.1228404Z   ref: 1e97719aa540a6dffdf3140c4500ea9cf4609b93
e2e (run)	Run actions/checkout@v7	2026-09-13T05:39:38.1229058Z   allow-unsafe-pr-checkout: true
e2e (run)	Run actions/checkout@v7	2026-09-13T05:39:38.1229721Z   repository: kingpanther13/Hubitat-local-MCP-server
e2e (run)	Run actions/checkout@v7	2026-09-13T05:39:38.1234203Z   token: ***
e2e (run)	Run actions/checkout@v7	2026-09-13T05:39:38.1234692Z   ssh-strict: true
e2e (run)	Run actions/checkout@v7	2026-09-13T05:39:38.1235162Z   ssh-user: git
e2e (run)	Run actions/checkout@v7	2026-09-13T05:39:38.1235630Z   persist-credentials: true
e2e (run)	Run actions/checkout@v7	2026-09-13T05:39:38.1236145Z   clean: true
e2e (run)	Run actions/checkout@v7	2026-09-13T05:39:38.1236620Z   sparse-checkout-cone-mode: true
e2e (run)	Run actions/checkout@v7	2026-09-13T05:39:38.1237166Z   fetch-depth: 1
e2e (run)	Run actions/checkout@v7	2026-09-13T05:39:38.1237623Z   fetch-tags: false
e2e (run)	Run actions/checkout@v7	2026-09-13T05:39:38.1238088Z   show-progress: true
e2e (run)	Run actions/checkout@v7	2026-09-13T05:39:38.1238557Z   lfs: false
e2e (run)	Run actions/checkout@v7	2026-09-13T05:39:38.1239002Z   submodules: false
e2e (run)	Run actions/checkout@v7	2026-09-13T05:39:38.1239476Z   set-safe-directory: true
e2e (run)	Run actions/checkout@v7	2026-09-13T05:39:38.1240287Z env:
e2e (run)	Run actions/checkout@v7	2026-09-13T05:39:38.1241360Z   MCP_URL: ***
e2e (run)	Run actions/checkout@v7	2026-09-13T05:39:38.1242437Z   WATCHDOG_URL: ***
e2e (run)	Run actions/checkout@v7	2026-09-13T05:39:38.1242963Z ##[endgroup]
e2e (run)	Run actions/checkout@v7	2026-09-13T05:39:38.2437844Z Syncing repository: kingpanther13/Hubitat-local-MCP-server
e2e (run)	Run actions/checkout@v7	2026-09-13T05:39:38.2441043Z ##[group]Getting Git version info
e2e (run)	Run actions/checkout@v7	2026-09-13T05:39:38.2442401Z Working directory is '/home/runner/work/Hubitat-local-MCP-server/Hubitat-local-MCP-server'
e2e (run)	Run actions/checkout@v7	2026-09-13T05:39:38.2444413Z [command]/usr/bin/git version
e2e (run)	Run actions/checkout@v7	2026-09-13T05:39:38.2458378Z git version 2.55.0
e2e (run)	Run actions/checkout@v7	2026-09-13T05:39:38.2488331Z ##[endgroup]
e2e (run)	Run actions/checkout@v7	2026-09-13T05:39:38.2501136Z Temporarily overriding HOME='/home/runner/work/_temp/08a88ad1-c255-4e0f-897d-8abf84110e32' before making global git config changes
e2e (run)	Run actions/checkout@v7	2026-09-13T05:39:38.2505567Z Adding repository directory to the temporary git global config as a safe directory
e2e (run)	Run actions/checkout@v7	2026-09-13T05:39:38.2509340Z [command]/usr/bin/git config --global --add safe.directory /home/runner/work/Hubitat-local-MCP-server/Hubitat-local-MCP-server
e2e (run)	Run actions/checkout@v7	2026-09-13T05:39:38.2567492Z Deleting the contents of '/home/runner/work/Hubitat-local-MCP-server/Hubitat-local-MCP-server'
e2e (run)	Run actions/checkout@v7	2026-09-13T05:39:38.2571077Z ##[group]Determining repository object format
e2e (run)	Run actions/checkout@v7	2026-09-13T05:39:38.2573133Z ##[endgroup]
e2e (run)	Run actions/checkout@v7	2026-09-13T05:39:38.2574793Z ##[group]Initializing the repository
e2e (run)	Run actions/checkout@v7	2026-09-13T05:39:38.2578817Z [command]/usr/bin/git init /home/runner/work/Hubitat-local-MCP-server/Hubitat-local-MCP-server
e2e (run)	Run actions/checkout@v7	2026-09-13T05:39:38.2721090Z hint: Using 'master' as the name for the initial branch. This default branch name
e2e (run)	Run actions/checkout@v7	2026-09-13T05:39:38.2738046Z hint: will change to "main" in Git 3.0. To configure the initial branch name
e2e (run)	Run actions/checkout@v7	2026-09-13T05:39:38.2748924Z hint: to use in all of your new repositories, which will suppress this warning,
e2e (run)	Run actions/checkout@v7	2026-09-13T05:39:38.2750244Z hint: call:
e2e (run)	Run actions/checkout@v7	2026-09-13T05:39:38.2750942Z hint:
e2e (run)	Run actions/checkout@v7	2026-09-13T05:39:38.2751789Z hint: 	git config --global init.defaultBranch <name>
e2e (run)	Run actions/checkout@v7	2026-09-13T05:39:38.2752819Z hint:
e2e (run)	Run actions/checkout@v7	2026-09-13T05:39:38.2753791Z hint: Names commonly chosen instead of 'master' are 'main', 'trunk' and
e2e (run)	Run actions/checkout@v7	2026-09-13T05:39:38.2755568Z hint: 'development'. The just-created branch can be renamed via this command:
e2e (run)	Run actions/checkout@v7	2026-09-13T05:39:38.2756863Z hint:
e2e (run)	Run actions/checkout@v7	2026-09-13T05:39:38.2757631Z hint: 	git branch -m <name>
e2e (run)	Run actions/checkout@v7	2026-09-13T05:39:38.2758584Z hint:
e2e (run)	Run actions/checkout@v7	2026-09-13T05:39:38.2759667Z hint: Disable this message with "git config set advice.defaultBranchName false"
e2e (run)	Run actions/checkout@v7	2026-09-13T05:39:38.2761736Z Initialized empty Git repository in /home/runner/work/Hubitat-local-MCP-server/Hubitat-local-MCP-server/.git/
e2e (run)	Run actions/checkout@v7	2026-09-13T05:39:38.2765407Z [command]/usr/bin/git remote add origin https://github.com/kingpanther13/Hubitat-local-MCP-server
e2e (run)	Run actions/checkout@v7	2026-09-13T05:39:38.2799559Z ##[endgroup]
e2e (run)	Run actions/checkout@v7	2026-09-13T05:39:38.2800535Z ##[group]Disabling automatic garbage collection
e2e (run)	Run actions/checkout@v7	2026-09-13T05:39:38.2805083Z [command]/usr/bin/git config --local gc.auto 0
e2e (run)	Run actions/checkout@v7	2026-09-13T05:39:38.2849027Z ##[endgroup]
e2e (run)	Run actions/checkout@v7	2026-09-13T05:39:38.2850885Z ##[group]Setting up auth
e2e (run)	Run actions/checkout@v7	2026-09-13T05:39:38.2851966Z Removing SSH command configuration
e2e (run)	Run actions/checkout@v7	2026-09-13T05:39:38.2856606Z [command]/usr/bin/git config --local --name-only --get-regexp core\.sshCommand
e2e (run)	Run actions/checkout@v7	2026-09-13T05:39:38.2900643Z [command]/usr/bin/git submodule foreach --recursive sh -c "git config --local --name-only --get-regexp 'core\.sshCommand' && git config --local --unset-all 'core.sshCommand' || :"
e2e (run)	Run actions/checkout@v7	2026-09-13T05:39:38.3306180Z Removing HTTP extra header
e2e (run)	Run actions/checkout@v7	2026-09-13T05:39:38.3313280Z [command]/usr/bin/git config --local --name-only --get-regexp http\.https\:\/\/github\.com\/\.extraheader
e2e (run)	Run actions/checkout@v7	2026-09-13T05:39:38.3361801Z [command]/usr/bin/git submodule foreach --recursive sh -c "git config --local --name-only --get-regexp 'http\.https\:\/\/github\.com\/\.extraheader' && git config --local --unset-all 'http.https://github.com/.extraheader' || :"
e2e (run)	Run actions/checkout@v7	2026-09-13T05:39:38.3601396Z Removing includeIf entries pointing to credentials config files
e2e (run)	Run actions/checkout@v7	2026-09-13T05:39:38.3606915Z [command]/usr/bin/git config --local --name-only --get-regexp ^includeIf\.gitdir:
e2e (run)	Run actions/checkout@v7	2026-09-13T05:39:38.3648224Z [command]/usr/bin/git submodule foreach --recursive git config --local --show-origin --name-only --get-regexp remote.origin.url
e2e (run)	Run actions/checkout@v7	2026-09-13T05:39:38.3922697Z [command]/usr/bin/git config --file /home/runner/work/_temp/git-credentials-eea58f0c-e7b5-4944-a45c-1465a7774d25.config http.https://github.com/.extraheader AUTHORIZATION: basic ***
e2e (run)	Run actions/checkout@v7	2026-09-13T05:39:38.3976060Z [command]/usr/bin/git config --local includeIf.gitdir:/home/runner/work/Hubitat-local-MCP-server/Hubitat-local-MCP-server/.git.path /home/runner/work/_temp/git-credentials-eea58f0c-e7b5-4944-a45c-1465a7774d25.config
e2e (run)	Run actions/checkout@v7	2026-09-13T05:39:38.4021114Z [command]/usr/bin/git config --local includeIf.gitdir:/home/runner/work/Hubitat-local-MCP-server/Hubitat-local-MCP-server/.git/worktrees/*.path /home/runner/work/_temp/git-credentials-eea58f0c-e7b5-4944-a45c-1465a7774d25.config
e2e (run)	Run actions/checkout@v7	2026-09-13T05:39:38.4069423Z [command]/usr/bin/git config --local includeIf.gitdir:/github/workspace/.git.path /github/runner_temp/git-credentials-eea58f0c-e7b5-4944-a45c-1465a7774d25.config
e2e (run)	Run actions/checkout@v7	2026-09-13T05:39:38.4124861Z [command]/usr/bin/git config --local includeIf.gitdir:/github/workspace/.git/worktrees/*.path /github/runner_temp/git-credentials-eea58f0c-e7b5-4944-a45c-1465a7774d25.config
e2e (run)	Run actions/checkout@v7	2026-09-13T05:39:38.4175914Z ##[endgroup]
e2e (run)	Run actions/checkout@v7	2026-09-13T05:39:38.4177760Z ##[group]Fetching the repository
e2e (run)	Run actions/checkout@v7	2026-09-13T05:39:38.4191998Z [command]/usr/bin/git -c protocol.version=2 fetch --no-tags --prune --no-recurse-submodules --depth=1 origin 1e97719aa540a6dffdf3140c4500ea9cf4609b93
e2e (run)	Run actions/checkout@v7	2026-09-13T05:39:39.3940035Z From https://github.com/kingpanther13/Hubitat-local-MCP-server
e2e (run)	Run actions/checkout@v7	2026-09-13T05:39:39.3945735Z  * branch            1e97719aa540a6dffdf3140c4500ea9cf4609b93 -> FETCH_HEAD
e2e (run)	Run actions/checkout@v7	2026-09-13T05:39:39.3951234Z [command]/usr/bin/git rev-parse --verify --quiet 1e97719aa540a6dffdf3140c4500ea9cf4609b93^{object}
e2e (run)	Run actions/checkout@v7	2026-09-13T05:39:39.4000876Z 1e97719aa540a6dffdf3140c4500ea9cf4609b93
e2e (run)	Run actions/checkout@v7	2026-09-13T05:39:39.4015644Z ##[endgroup]
e2e (run)	Run actions/checkout@v7	2026-09-13T05:39:39.4016681Z ##[group]Determining the checkout info
e2e (run)	Run actions/checkout@v7	2026-09-13T05:39:39.4017627Z ##[endgroup]
e2e (run)	Run actions/checkout@v7	2026-09-13T05:39:39.4020777Z [command]/usr/bin/git sparse-checkout disable
e2e (run)	Run actions/checkout@v7	2026-09-13T05:39:39.4087412Z [command]/usr/bin/git config --local --unset-all extensions.worktreeConfig
e2e (run)	Run actions/checkout@v7	2026-09-13T05:39:39.4130495Z ##[group]Checking out the ref
e2e (run)	Run actions/checkout@v7	2026-09-13T05:39:39.4136004Z [command]/usr/bin/git checkout --progress --force 1e97719aa540a6dffdf3140c4500ea9cf4609b93
e2e (run)	Run actions/checkout@v7	2026-09-13T05:39:39.4979153Z Note: switching to '1e97719aa540a6dffdf3140c4500ea9cf4609b93'.
e2e (run)	Run actions/checkout@v7	2026-09-13T05:39:39.4980213Z 
e2e (run)	Run actions/checkout@v7	2026-09-13T05:39:39.4980856Z You are in 'detached HEAD' state. You can look around, make experimental
e2e (run)	Run actions/checkout@v7	2026-09-13T05:39:39.4982295Z changes and commit them, and you can discard any commits you make in this
e2e (run)	Run actions/checkout@v7	2026-09-13T05:39:39.4983773Z state without impacting any branches by switching back to a branch.
e2e (run)	Run actions/checkout@v7	2026-09-13T05:39:39.4985196Z 
e2e (run)	Run actions/checkout@v7	2026-09-13T05:39:39.4986160Z If you want to create a new branch to retain commits you create, you may
e2e (run)	Run actions/checkout@v7	2026-09-13T05:39:39.4988404Z do so (now or later) by using -c with the switch command. Example:
e2e (run)	Run actions/checkout@v7	2026-09-13T05:39:39.4989684Z 
e2e (run)	Run actions/checkout@v7	2026-09-13T05:39:39.4990310Z   git switch -c <new-branch-name>
e2e (run)	Run actions/checkout@v7	2026-09-13T05:39:39.4991353Z 
e2e (run)	Run actions/checkout@v7	2026-09-13T05:39:39.4991968Z Or undo this operation with:
e2e (run)	Run actions/checkout@v7	2026-09-13T05:39:39.4993351Z 
e2e (run)	Run actions/checkout@v7	2026-09-13T05:39:39.4994176Z   git switch -
e2e (run)	Run actions/checkout@v7	2026-09-13T05:39:39.4994908Z 
e2e (run)	Run actions/checkout@v7	2026-09-13T05:39:39.4996014Z Turn off this advice by setting config variable advice.detachedHead to false
e2e (run)	Run actions/checkout@v7	2026-09-13T05:39:39.4997727Z 
e2e (run)	Run actions/checkout@v7	2026-09-13T05:39:39.4999283Z HEAD is now at 1e97719 fix: keep server-side continuation to writes and mark rejoined schedule failures
e2e (run)	Run actions/checkout@v7	2026-09-13T05:39:39.5004866Z ##[endgroup]
e2e (run)	Run actions/checkout@v7	2026-09-13T05:39:39.5048823Z [command]/usr/bin/git log -1 --format=%H
e2e (run)	Run actions/checkout@v7	2026-09-13T05:39:39.5081755Z 1e97719aa540a6dffdf3140c4500ea9cf4609b93
e2e (run)	Gate — secret availability + hub-relevant change detection	﻿2026-09-13T05:39:39.5388119Z ##[group]Run if [ -z "$MCP_URL" ]; then
e2e (run)	Gate — secret availability + hub-relevant change detection	2026-09-13T05:39:39.5389896Z ^[[36;1mif [ -z "$MCP_URL" ]; then^[[0m
e2e (run)	Gate — secret availability + hub-relevant change detection	2026-09-13T05:39:39.5392402Z ^[[36;1m  echo "::notice::LEVEL99_TEST_HUB_MCP_URL secret not available — skipping E2E (expected on repos without the test hub configured)"^[[0m
e2e (run)	Gate — secret availability + hub-relevant change detection	2026-09-13T05:39:39.5396052Z ^[[36;1m  echo "E2E NOT RUN — test-hub secret (LEVEL99_TEST_HUB_MCP_URL) not configured." >> "$GITHUB_STEP_SUMMARY"^[[0m
e2e (run)	Gate — secret availability + hub-relevant change detection	2026-09-13T05:39:39.5398369Z ^[[36;1m  echo "available=false" >> "$GITHUB_OUTPUT"^[[0m
e2e (run)	Gate — secret availability + hub-relevant change detection	2026-09-13T05:39:39.5399829Z ^[[36;1m  exit 0^[[0m
e2e (run)	Gate — secret availability + hub-relevant change detection	2026-09-13T05:39:39.5400872Z ^[[36;1mfi^[[0m
e2e (run)	Gate — secret availability + hub-relevant change detection	2026-09-13T05:39:39.5401919Z ^[[36;1mif [ -z "$WATCHDOG_URL" ]; then^[[0m
e2e (run)	Gate — secret availability + hub-relevant change detection	2026-09-13T05:39:39.5405199Z ^[[36;1m  echo "::notice::WATCHDOG_MCP_URL secret not available — skipping E2E (the v2 dead-man watchdog endpoint is not provisioned yet; expected until @level99 sets WATCHDOG_MCP_URL)"^[[0m
e2e (run)	Gate — secret availability + hub-relevant change detection	2026-09-13T05:39:39.5409360Z ^[[36;1m  echo "E2E NOT RUN — watchdog secret (WATCHDOG_MCP_URL) not configured." >> "$GITHUB_STEP_SUMMARY"^[[0m
e2e (run)	Gate — secret availability + hub-relevant change detection	2026-09-13T05:39:39.5411663Z ^[[36;1m  echo "available=false" >> "$GITHUB_OUTPUT"^[[0m
e2e (run)	Gate — secret availability + hub-relevant change detection	2026-09-13T05:39:39.5413063Z ^[[36;1m  exit 0^[[0m
e2e (run)	Gate — secret availability + hub-relevant change detection	2026-09-13T05:39:39.5414244Z ^[[36;1mfi^[[0m
e2e (run)	Gate — secret availability + hub-relevant change detection	2026-09-13T05:39:39.5415540Z ^[[36;1mif [ "pull_request_target" = "workflow_dispatch" ]; then^[[0m
e2e (run)	Gate — secret availability + hub-relevant change detection	2026-09-13T05:39:39.5417706Z ^[[36;1m  echo "available=true" >> "$GITHUB_OUTPUT"   # manual dispatch always runs the real suite^[[0m
e2e (run)	Gate — secret availability + hub-relevant change detection	2026-09-13T05:39:39.5419677Z ^[[36;1m  if [ -n "$TESTS_INPUT" ]; then^[[0m
e2e (run)	Gate — secret availability + hub-relevant change detection	2026-09-13T05:39:39.5421900Z ^[[36;1m    # ONE-OFF lane: run only the named test(s) (still installs the PR head + holds the lease).^[[0m
e2e (run)	Gate — secret availability + hub-relevant change detection	2026-09-13T05:39:39.5424708Z ^[[36;1m    # Validate to test-name characters so the value can't inject into the runner command line.^[[0m
e2e (run)	Gate — secret availability + hub-relevant change detection	2026-09-13T05:39:39.5427049Z ^[[36;1m    if ! printf '%s' "$TESTS_INPUT" | grep -qE '^[A-Za-z0-9_,]+$'; then^[[0m
e2e (run)	Gate — secret availability + hub-relevant change detection	2026-09-13T05:39:39.5429518Z ^[[36;1m      echo "::error::tests input must be comma-separated test names ([A-Za-z0-9_,] only); got: $TESTS_INPUT"^[[0m
e2e (run)	Gate — secret availability + hub-relevant change detection	2026-09-13T05:39:39.5431629Z ^[[36;1m      exit 1^[[0m
e2e (run)	Gate — secret availability + hub-relevant change detection	2026-09-13T05:39:39.5432696Z ^[[36;1m    fi^[[0m
e2e (run)	Gate — secret availability + hub-relevant change detection	2026-09-13T05:39:39.5434009Z ^[[36;1m    echo "lane=oneoff" >> "$GITHUB_OUTPUT"^[[0m
e2e (run)	Gate — secret availability + hub-relevant change detection	2026-09-13T05:39:39.5435596Z ^[[36;1m    echo "tests=$TESTS_INPUT" >> "$GITHUB_OUTPUT"^[[0m
e2e (run)	Gate — secret availability + hub-relevant change detection	2026-09-13T05:39:39.5437490Z ^[[36;1m    echo "E2E LANE: one-off (--tests $TESTS_INPUT)" >> "$GITHUB_STEP_SUMMARY"^[[0m
e2e (run)	Gate — secret availability + hub-relevant change detection	2026-09-13T05:39:39.5439205Z ^[[36;1m  else^[[0m
e2e (run)	Gate — secret availability + hub-relevant change detection	2026-09-13T05:39:39.5440761Z ^[[36;1m    echo "lane=full" >> "$GITHUB_OUTPUT"      # dispatch with no tests = the FULL lane^[[0m
e2e (run)	Gate — secret availability + hub-relevant change detection	2026-09-13T05:39:39.5442569Z ^[[36;1m  fi^[[0m
e2e (run)	Gate — secret availability + hub-relevant change detection	2026-09-13T05:39:39.5443532Z ^[[36;1m  exit 0^[[0m
e2e (run)	Gate — secret availability + hub-relevant change detection	2026-09-13T05:39:39.5444691Z ^[[36;1mfi^[[0m
e2e (run)	Gate — secret availability + hub-relevant change detection	2026-09-13T05:39:39.5446376Z ^[[36;1m# Dependabot PRs skip EVERY e2e lane -- report the gate green WITHOUT running. Dependabot only^[[0m
e2e (run)	Gate — secret availability + hub-relevant change detection	2026-09-13T05:39:39.5449082Z ^[[36;1m# bumps dependency versions and NONE reach the hub: the Gradle deps are test-harness only (the hub^[[0m
e2e (run)	Gate — secret availability + hub-relevant change detection	2026-09-13T05:39:39.5451895Z ^[[36;1m# runs the raw .groovy; packageManifest.json ships only the two top-level files) and github-actions^[[0m
e2e (run)	Gate — secret availability + hub-relevant change detection	2026-09-13T05:39:39.5455291Z ^[[36;1m# bumps touch CI YAML only, so e2e would redeploy unchanged main code for zero signal. The real^[[0m
e2e (run)	Gate — secret availability + hub-relevant change detection	2026-09-13T05:39:39.5458224Z ^[[36;1m# validators (Spock, unit-tests, groovy24-parse, ruff) run as usual. available=false -> the^[[0m
e2e (run)	Gate — secret availability + hub-relevant change detection	2026-09-13T05:39:39.5461485Z ^[[36;1m# "Post e2e gate status" step posts the required "Full e2e (runs with label)" status as SUCCESS.^[[0m
e2e (run)	Gate — secret availability + hub-relevant change detection	2026-09-13T05:39:39.5464495Z ^[[36;1m# Dependabot is deliberately NOT auto-approved (absent from the `approve` job's e2e-auto list): a^[[0m
e2e (run)	Gate — secret availability + hub-relevant change detection	2026-09-13T05:39:39.5467255Z ^[[36;1m# human still approves each run, because a CI-machinery bump can affect the e2e flow itself (e.g.^[[0m
e2e (run)	Gate — secret availability + hub-relevant change detection	2026-09-13T05:39:39.5469965Z ^[[36;1m# actions/checkout v7 blocks the pull_request_target fork-PR checkout this job relies on) and must^[[0m
e2e (run)	Gate — secret availability + hub-relevant change detection	2026-09-13T05:39:39.5473021Z ^[[36;1m# not be waved through. A maintainer can still force a real run via workflow_dispatch (handled^[[0m
e2e (run)	Gate — secret availability + hub-relevant change detection	2026-09-13T05:39:39.5476504Z ^[[36;1m# above, before this gate). PR_AUTHOR comes from env (not inline) to keep the login out of the^[[0m
e2e (run)	Gate — secret availability + hub-relevant change detection	2026-09-13T05:39:39.5478450Z ^[[36;1m# run-command string.^[[0m
e2e (run)	Gate — secret availability + hub-relevant change detection	2026-09-13T05:39:39.5479715Z ^[[36;1mif [ "$PR_AUTHOR" = "dependabot[bot]" ]; then^[[0m
e2e (run)	Gate — secret availability + hub-relevant change detection	2026-09-13T05:39:39.5482352Z ^[[36;1m  echo "::notice::Dependabot PR — skipping all E2E lanes (force-green; a dependency bump reaches nothing on the hub, so e2e validates nothing here)."^[[0m
e2e (run)	Gate — secret availability + hub-relevant change detection	2026-09-13T05:39:39.5486908Z ^[[36;1m  echo "E2E NOT RUN — Dependabot PR (dependency bump; e2e validates nothing here). Skipped on purpose; the Spock / unit-tests / groovy24-parse / ruff checks cover it." >> "$GITHUB_STEP_SUMMARY"^[[0m
e2e (run)	Gate — secret availability + hub-relevant change detection	2026-09-13T05:39:39.5490077Z ^[[36;1m  echo "available=false" >> "$GITHUB_OUTPUT"^[[0m
e2e (run)	Gate — secret availability + hub-relevant change detection	2026-09-13T05:39:39.5491363Z ^[[36;1m  exit 0^[[0m
e2e (run)	Gate — secret availability + hub-relevant change detection	2026-09-13T05:39:39.5492294Z ^[[36;1mfi^[[0m
e2e (run)	Gate — secret availability + hub-relevant change detection	2026-09-13T05:39:39.5494205Z ^[[36;1m# LIVE PR labels, fetched once: the e2e:skip backstop here, the lane pick further down. Retried^[[0m
e2e (run)	Gate — secret availability + hub-relevant change detection	2026-09-13T05:39:39.5496820Z ^[[36;1m# 3x and then FAIL-CLOSED: a read failure is NOT an empty list -- it cannot rule out e2e:skip,^[[0m
e2e (run)	Gate — secret availability + hub-relevant change detection	2026-09-13T05:39:39.5499371Z ^[[36;1m# so the hub stays off and the gate posts PENDING (cheap: no hub time spent; a re-run recovers).^[[0m
e2e (run)	Gate — secret availability + hub-relevant change detection	2026-09-13T05:39:39.5501681Z ^[[36;1m# The `if` keeps `-eo pipefail` from aborting the step on a failed attempt.^[[0m
e2e (run)	Gate — secret availability + hub-relevant change detection	2026-09-13T05:39:39.5503367Z ^[[36;1mlabels=""; labels_ok=false^[[0m
e2e (run)	Gate — secret availability + hub-relevant change detection	2026-09-13T05:39:39.5504929Z ^[[36;1mfor attempt in 1 2 3; do^[[0m
e2e (run)	Gate — secret availability + hub-relevant change detection	2026-09-13T05:39:39.5507202Z ^[[36;1m  if labels="$(gh api "repos/kingpanther13/Hubitat-local-MCP-server/pulls/422" --jq '.labels[].name' 2>/dev/null | tr '\n' ' ')"; then^[[0m
e2e (run)	Gate — secret availability + hub-relevant change detection	2026-09-13T05:39:39.5509572Z ^[[36;1m    labels_ok=true; break^[[0m
e2e (run)	Gate — secret availability + hub-relevant change detection	2026-09-13T05:39:39.5510686Z ^[[36;1m  fi^[[0m
e2e (run)	Gate — secret availability + hub-relevant change detection	2026-09-13T05:39:39.5512100Z ^[[36;1m  echo "::warning::PR label read attempt ${attempt}/3 failed; retrying in 5s..."^[[0m
e2e (run)	Gate — secret availability + hub-relevant change detection	2026-09-13T05:39:39.5513770Z ^[[36;1m  sleep 5^[[0m
e2e (run)	Gate — secret availability + hub-relevant change detection	2026-09-13T05:39:39.5515142Z ^[[36;1mdone^[[0m
e2e (run)	Gate — secret availability + hub-relevant change detection	2026-09-13T05:39:39.5516194Z ^[[36;1mif [ "$labels_ok" != "true" ]; then^[[0m
e2e (run)	Gate — secret availability + hub-relevant change detection	2026-09-13T05:39:39.5518800Z ^[[36;1m  echo "::warning::Could not read PR labels (3 attempts) — cannot rule out e2e:skip; keeping the hub off and the gate PENDING. Re-run once the API is back."^[[0m
e2e (run)	Gate — secret availability + hub-relevant change detection	2026-09-13T05:39:39.5522583Z ^[[36;1m  echo "E2E NOT RUN — PR label read failed, so e2e:skip could not be ruled out. Gate posted PENDING; re-run to retry." >> "$GITHUB_STEP_SUMMARY"^[[0m
e2e (run)	Gate — secret availability + hub-relevant change detection	2026-09-13T05:39:39.5525303Z ^[[36;1m  echo "available=false" >> "$GITHUB_OUTPUT"^[[0m
e2e (run)	Gate — secret availability + hub-relevant change detection	2026-09-13T05:39:39.5526739Z ^[[36;1m  echo "lane=skipped" >> "$GITHUB_OUTPUT"^[[0m
e2e (run)	Gate — secret availability + hub-relevant change detection	2026-09-13T05:39:39.5528020Z ^[[36;1m  exit 0^[[0m
e2e (run)	Gate — secret availability + hub-relevant change detection	2026-09-13T05:39:39.5528940Z ^[[36;1mfi^[[0m
e2e (run)	Gate — secret availability + hub-relevant change detection	2026-09-13T05:39:39.5530577Z ^[[36;1m# LIVE e2e:skip backstop (see E2E:SKIP at top): lane-gate already skipped on the frozen payload,^[[0m
e2e (run)	Gate — secret availability + hub-relevant change detection	2026-09-13T05:39:39.5533055Z ^[[36;1m# so this only fires for a manual re-run of an older run or a run the label add couldn't^[[0m
e2e (run)	Gate — secret availability + hub-relevant change detection	2026-09-13T05:39:39.5535796Z ^[[36;1m# cancel. lane=skipped makes the gate-status step post PENDING (never success) -- the label^[[0m
e2e (run)	Gate — secret availability + hub-relevant change detection	2026-09-13T05:39:39.5538305Z ^[[36;1m# holds the merge, it does not green-wash it. available=false keeps every hub step off.^[[0m
e2e (run)	Gate — secret availability + hub-relevant change detection	2026-09-13T05:39:39.5540171Z ^[[36;1mcase " $labels " in *" e2e:skip "*)^[[0m
e2e (run)	Gate — secret availability + hub-relevant change detection	2026-09-13T05:39:39.5541995Z ^[[36;1m  echo "::notice::e2e:skip label is on the PR — skipping all E2E lanes; gate stays PENDING."^[[0m
e2e (run)	Gate — secret availability + hub-relevant change detection	2026-09-13T05:39:39.5544900Z ^[[36;1m  echo "E2E NOT RUN — e2e:skip label is on the PR. Gate posted PENDING; remove the label to run e2e." >> "$GITHUB_STEP_SUMMARY"^[[0m
e2e (run)	Gate — secret availability + hub-relevant change detection	2026-09-13T05:39:39.5547225Z ^[[36;1m  echo "available=false" >> "$GITHUB_OUTPUT"^[[0m
e2e (run)	Gate — secret availability + hub-relevant change detection	2026-09-13T05:39:39.5548646Z ^[[36;1m  echo "lane=skipped" >> "$GITHUB_OUTPUT"^[[0m
e2e (run)	Gate — secret availability + hub-relevant change detection	2026-09-13T05:39:39.5549912Z ^[[36;1m  exit 0 ;;^[[0m
e2e (run)	Gate — secret availability + hub-relevant change detection	2026-09-13T05:39:39.5550873Z ^[[36;1mesac^[[0m
e2e (run)	Gate — secret availability + hub-relevant change detection	2026-09-13T05:39:39.5552378Z ^[[36;1m# Fetch the PR's changed-file list. Fail SAFE: if it can't be read, run the full suite^[[0m
e2e (run)	Gate — secret availability + hub-relevant change detection	2026-09-13T05:39:39.5555287Z ^[[36;1m# rather than risk green-washing a code PR.^[[0m
e2e (run)	Gate — secret availability + hub-relevant change detection	2026-09-13T05:39:39.5557685Z ^[[36;1mfiles="$(gh api --paginate "repos/kingpanther13/Hubitat-local-MCP-server/pulls/422/files" --jq '.[].filename')" || {^[[0m
e2e (run)	Gate — secret availability + hub-relevant change detection	2026-09-13T05:39:39.5560569Z ^[[36;1m  echo "::warning::Could not list changed files — running the full E2E suite to be safe."^[[0m
e2e (run)	Gate — secret availability + hub-relevant change detection	2026-09-13T05:39:39.5562636Z ^[[36;1m  echo "available=true" >> "$GITHUB_OUTPUT"^[[0m
e2e (run)	Gate — secret availability + hub-relevant change detection	2026-09-13T05:39:39.5565208Z ^[[36;1m  echo "lane=full" >> "$GITHUB_OUTPUT"   # full suite runs here -> gate must post success/failure, not pending^[[0m
e2e (run)	Gate — secret availability + hub-relevant change detection	2026-09-13T05:39:39.5567198Z ^[[36;1m  exit 0^[[0m
e2e (run)	Gate — secret availability + hub-relevant change detection	2026-09-13T05:39:39.5568130Z ^[[36;1m}^[[0m
e2e (run)	Gate — secret availability + hub-relevant change detection	2026-09-13T05:39:39.5569528Z ^[[36;1m# Hub-relevant allowlist — the source of truth for "what must exercise e2e".^[[0m
e2e (run)	Gate — secret availability + hub-relevant change detection	2026-09-13T05:39:39.5571666Z ^[[36;1m# (`case` patterns: `*` matches `/`, so `libraries/*` covers nested paths too.)^[[0m
e2e (run)	Gate — secret availability + hub-relevant change detection	2026-09-13T05:39:39.5573369Z ^[[36;1mrelevant=false^[[0m
e2e (run)	Gate — secret availability + hub-relevant change detection	2026-09-13T05:39:39.5574811Z ^[[36;1mwhile IFS= read -r f; do^[[0m
e2e (run)	Gate — secret availability + hub-relevant change detection	2026-09-13T05:39:39.5575993Z ^[[36;1m  [ -z "$f" ] && continue^[[0m
e2e (run)	Gate — secret availability + hub-relevant change detection	2026-09-13T05:39:39.5577124Z ^[[36;1m  case "$f" in^[[0m
e2e (run)	Gate — secret availability + hub-relevant change detection	2026-09-13T05:39:39.5585567Z ^[[36;1m    hubitat-mcp-server.groovy|hubitat-mcp-rule.groovy|e2e-deadman-watchdog.groovy|e2e-deadman-watchdog-v2.groovy|tests/e2e_test.py|tests/sdk_conformance_test.py|tests/sdk_conformance_helpers.py|tests/sdk-conformance-requirements.txt|.github/workflows/hub-e2e.yml|.github/scripts/lease_acquire.sh|.github/scripts/lease_release.sh|.github/scripts/mcp_setup_env.sh|.github/scripts/mcp_restore_env.sh|.github/scripts/mcp_validate_package_tool.sh|.github/scripts/mcp_watchdog_lib.sh|.github/scripts/mcp_watchdog_deploy.sh|.github/scripts/mcp_arm_watchdog.sh|.github/scripts/mcp_disarm_watchdog.sh|.github/scripts/e2e_scope.py|libraries/*|bundles/*)^[[0m
e2e (run)	Gate — secret availability + hub-relevant change detection	2026-09-13T05:39:39.5594540Z ^[[36;1m      relevant=true ;;^[[0m
e2e (run)	Gate — secret availability + hub-relevant change detection	2026-09-13T05:39:39.5595677Z ^[[36;1m  esac^[[0m
e2e (run)	Gate — secret availability + hub-relevant change detection	2026-09-13T05:39:39.5596614Z ^[[36;1mdone <<< "$files"^[[0m
e2e (run)	Gate — secret availability + hub-relevant change detection	2026-09-13T05:39:39.5597714Z ^[[36;1mif [ "$relevant" = "true" ]; then^[[0m
e2e (run)	Gate — secret availability + hub-relevant change detection	2026-09-13T05:39:39.5599062Z ^[[36;1m  echo "available=true" >> "$GITHUB_OUTPUT"^[[0m
e2e (run)	Gate — secret availability + hub-relevant change detection	2026-09-13T05:39:39.5600987Z ^[[36;1m  # LANE: full if a release:*/e2e:full label is on the PR, else focused (see TWO-LANE FLOW at top).^[[0m
e2e (run)	Gate — secret availability + hub-relevant change detection	2026-09-13T05:39:39.5603260Z ^[[36;1m  # `$labels` is the live list fetched above (a read failure never reaches here).^[[0m
e2e (run)	Gate — secret availability + hub-relevant change detection	2026-09-13T05:39:39.5605056Z ^[[36;1m  lane=focused^[[0m
e2e (run)	Gate — secret availability + hub-relevant change detection	2026-09-13T05:39:39.5606430Z ^[[36;1m  for L in release:patch release:minor release:major e2e:full; do^[[0m
e2e (run)	Gate — secret availability + hub-relevant change detection	2026-09-13T05:39:39.5608100Z ^[[36;1m    case " $labels " in *" $L "*) lane=full ;; esac^[[0m
e2e (run)	Gate — secret availability + hub-relevant change detection	2026-09-13T05:39:39.5609415Z ^[[36;1m  done^[[0m
e2e (run)	Gate — secret availability + hub-relevant change detection	2026-09-13T05:39:39.5611025Z ^[[36;1m  # Old PR that predates this flow: e2e_scope.py + the runner's --groups support live in the PR's^[[0m
e2e (run)	Gate — secret availability + hub-relevant change detection	2026-09-13T05:39:39.5613503Z ^[[36;1m  # checked-out HEAD, not here, so the focused lane can't run. Fall back to the FULL lane (the old^[[0m
e2e (run)	Gate — secret availability + hub-relevant change detection	2026-09-13T05:39:39.5616166Z ^[[36;1m  # runner handles `python tests/e2e_test.py`) until the PR merges main. (See AGENTS.md "Two-lane e2e".)^[[0m
e2e (run)	Gate — secret availability + hub-relevant change detection	2026-09-13T05:39:39.5618409Z ^[[36;1m  if [ "$lane" = "focused" ] && [ ! -f .github/scripts/e2e_scope.py ]; then^[[0m
e2e (run)	Gate — secret availability + hub-relevant change detection	2026-09-13T05:39:39.5621358Z ^[[36;1m    echo "::notice::e2e_scope.py not in the PR head — focused lane unavailable; running FULL. Merge main into the PR to enable the focused lane."^[[0m
e2e (run)	Gate — secret availability + hub-relevant change detection	2026-09-13T05:39:39.5623694Z ^[[36;1m    lane=full^[[0m
e2e (run)	Gate — secret availability + hub-relevant change detection	2026-09-13T05:39:39.5624788Z ^[[36;1m  fi^[[0m
e2e (run)	Gate — secret availability + hub-relevant change detection	2026-09-13T05:39:39.5625802Z ^[[36;1m  echo "lane=$lane" >> "$GITHUB_OUTPUT"^[[0m
e2e (run)	Gate — secret availability + hub-relevant change detection	2026-09-13T05:39:39.5627187Z ^[[36;1m  echo "E2E LANE: $lane" >> "$GITHUB_STEP_SUMMARY"^[[0m
e2e (run)	Gate — secret availability + hub-relevant change detection	2026-09-13T05:39:39.5628529Z ^[[36;1m  if [ "$lane" = "focused" ]; then^[[0m
e2e (run)	Gate — secret availability + hub-relevant change detection	2026-09-13T05:39:39.5630270Z ^[[36;1m    # Map changed files to affected @test groups, AND pull in the group of any test ADDED to^[[0m
e2e (run)	Gate — secret availability + hub-relevant change detection	2026-09-13T05:39:39.5632565Z ^[[36;1m    # tests/e2e_test.py (so a tests-only change / a boy-scout test runs its group, not just^[[0m
e2e (run)	Gate — secret availability + hub-relevant change detection	2026-09-13T05:39:39.5634992Z ^[[36;1m    # smoke). Greps the file's patch for added `def test_...` lines.^[[0m
e2e (run)	Gate — secret availability + hub-relevant change detection	2026-09-13T05:39:39.5637387Z ^[[36;1m    # The `{ ... || true; }` around grep is REQUIRED: under `-eo pipefail`, a PR that adds NO new^[[0m
e2e (run)	Gate — secret availability + hub-relevant change detection	2026-09-13T05:39:39.5639737Z ^[[36;1m    # test function (the COMMON focused case) makes grep exit 1 and aborts the whole gate. The^[[0m
e2e (run)	Gate — secret availability + hub-relevant change detection	2026-09-13T05:39:39.5641953Z ^[[36;1m    # guard turns "no match" into an empty list (file-group + smoke still run).^[[0m
e2e (run)	Gate — secret availability + hub-relevant change detection	2026-09-13T05:39:39.5646410Z ^[[36;1m    test_funcs="$( { gh api --paginate "repos/kingpanther13/Hubitat-local-MCP-server/pulls/422/files" --jq '.[] | select(.filename=="tests/e2e_test.py") | .patch // empty' 2>/dev/null || true; } | { grep -oE '^\+[[:space:]]*def test_[A-Za-z0-9_]+' || true; } | sed -E 's/^\+[[:space:]]*def //' | sort -u | tr '\n' ' ')"^[[0m
e2e (run)	Gate — secret availability + hub-relevant change detection	2026-09-13T05:39:39.5650902Z ^[[36;1m    CHANGED_FILES="$files" CHANGED_TEST_FUNCS="$test_funcs" python .github/scripts/e2e_scope.py^[[0m
e2e (run)	Gate — secret availability + hub-relevant change detection	2026-09-13T05:39:39.5652693Z ^[[36;1m  fi^[[0m
e2e (run)	Gate — secret availability + hub-relevant change detection	2026-09-13T05:39:39.5653630Z ^[[36;1melse^[[0m
e2e (run)	Gate — secret availability + hub-relevant change detection	2026-09-13T05:39:39.5655785Z ^[[36;1m  echo "::notice::No hub-relevant files changed — reporting E2E green WITHOUT running the suite (docs-only / non-hub PR)."^[[0m
e2e (run)	Gate — secret availability + hub-relevant change detection	2026-09-13T05:39:39.5659370Z ^[[36;1m  echo "E2E NOT RUN — no hub-relevant files changed (docs-only / non-hub PR). Skipped on purpose; this green does NOT mean the e2e suite executed." >> "$GITHUB_STEP_SUMMARY"^[[0m
e2e (run)	Gate — secret availability + hub-relevant change detection	2026-09-13T05:39:39.5662110Z ^[[36;1m  echo "available=false" >> "$GITHUB_OUTPUT"^[[0m
e2e (run)	Gate — secret availability + hub-relevant change detection	2026-09-13T05:39:39.5663580Z ^[[36;1mfi^[[0m
e2e (run)	Gate — secret availability + hub-relevant change detection	2026-09-13T05:39:39.5710409Z shell: /usr/bin/bash -e {0}
e2e (run)	Gate — secret availability + hub-relevant change detection	2026-09-13T05:39:39.5711631Z env:
e2e (run)	Gate — secret availability + hub-relevant change detection	2026-09-13T05:39:39.5714473Z   MCP_URL: ***
e2e (run)	Gate — secret availability + hub-relevant change detection	2026-09-13T05:39:39.5716723Z   WATCHDOG_URL: ***
e2e (run)	Gate — secret availability + hub-relevant change detection	2026-09-13T05:39:39.5726364Z   GH_TOKEN: ***
e2e (run)	Gate — secret availability + hub-relevant change detection	2026-09-13T05:39:39.5727318Z   TESTS_INPUT: 
e2e (run)	Gate — secret availability + hub-relevant change detection	2026-09-13T05:39:39.5728285Z   PR_AUTHOR: kingpanther13
e2e (run)	Gate — secret availability + hub-relevant change detection	2026-09-13T05:39:39.5729320Z ##[endgroup]
e2e (run)	Run actions/setup-python@v7	﻿2026-09-13T05:39:40.6708038Z ##[group]Run actions/setup-python@v7
e2e (run)	Run actions/setup-python@v7	2026-09-13T05:39:40.6708422Z with:
e2e (run)	Run actions/setup-python@v7	2026-09-13T05:39:40.6708641Z   python-version: 3.x
e2e (run)	Run actions/setup-python@v7	2026-09-13T05:39:40.6708882Z   check-latest: false
e2e (run)	Run actions/setup-python@v7	2026-09-13T05:39:40.6711514Z   token: ***
e2e (run)	Run actions/setup-python@v7	2026-09-13T05:39:40.6711740Z   update-environment: true
e2e (run)	Run actions/setup-python@v7	2026-09-13T05:39:40.6711996Z   allow-prereleases: false
e2e (run)	Run actions/setup-python@v7	2026-09-13T05:39:40.6712246Z   freethreaded: false
e2e (run)	Run actions/setup-python@v7	2026-09-13T05:39:40.6712469Z env:
e2e (run)	Run actions/setup-python@v7	2026-09-13T05:39:40.6713043Z   MCP_URL: ***
e2e (run)	Run actions/setup-python@v7	2026-09-13T05:39:40.6713635Z   WATCHDOG_URL: ***
e2e (run)	Run actions/setup-python@v7	2026-09-13T05:39:40.6713853Z ##[endgroup]
e2e (run)	Run actions/setup-python@v7	2026-09-13T05:39:40.7988585Z ##[group]Installed versions
e2e (run)	Run actions/setup-python@v7	2026-09-13T05:39:40.8105131Z Successfully set up CPython (3.14.7)
e2e (run)	Run actions/setup-python@v7	2026-09-13T05:39:40.8106144Z ##[endgroup]
e2e (run)	Install Python dependencies	﻿2026-09-13T05:39:40.8341401Z ##[group]Run pip install requests
e2e (run)	Install Python dependencies	2026-09-13T05:39:40.8342097Z ^[[36;1mpip install requests^[[0m
e2e (run)	Install Python dependencies	2026-09-13T05:39:40.8342733Z ^[[36;1mpip install -r tests/sdk-conformance-requirements.txt^[[0m
e2e (run)	Install Python dependencies	2026-09-13T05:39:40.8405782Z shell: /usr/bin/bash -e {0}
e2e (run)	Install Python dependencies	2026-09-13T05:39:40.8406288Z env:
e2e (run)	Install Python dependencies	2026-09-13T05:39:40.8407451Z   MCP_URL: ***
e2e (run)	Install Python dependencies	2026-09-13T05:39:40.8408168Z   WATCHDOG_URL: ***
e2e (run)	Install Python dependencies	2026-09-13T05:39:40.8408725Z   pythonLocation: /opt/hostedtoolcache/Python/3.14.7/x64
e2e (run)	Install Python dependencies	2026-09-13T05:39:40.8409517Z   PKG_CONFIG_PATH: /opt/hostedtoolcache/Python/3.14.7/x64/lib/pkgconfig
e2e (run)	Install Python dependencies	2026-09-13T05:39:40.8410256Z   Python_ROOT_DIR: /opt/hostedtoolcache/Python/3.14.7/x64
e2e (run)	Install Python dependencies	2026-09-13T05:39:40.8410926Z   Python2_ROOT_DIR: /opt/hostedtoolcache/Python/3.14.7/x64
e2e (run)	Install Python dependencies	2026-09-13T05:39:40.8411615Z   Python3_ROOT_DIR: /opt/hostedtoolcache/Python/3.14.7/x64
e2e (run)	Install Python dependencies	2026-09-13T05:39:40.8412279Z   LD_LIBRARY_PATH: /opt/hostedtoolcache/Python/3.14.7/x64/lib
e2e (run)	Install Python dependencies	2026-09-13T05:39:40.8412918Z ##[endgroup]
e2e (run)	Install Python dependencies	2026-09-13T05:39:41.8138110Z Collecting requests
e2e (run)	Install Python dependencies	2026-09-13T05:39:41.8646931Z   Downloading requests-2.34.2-py3-none-any.whl.metadata (4.8 kB)
e2e (run)	Install Python dependencies	2026-09-13T05:39:42.0012179Z Collecting charset_normalizer<4,>=2 (from requests)
e2e (run)	Install Python dependencies	2026-09-13T05:39:42.0048598Z   Downloading charset_normalizer-3.5.1-cp314-cp314-manylinux2014_x86_64.manylinux_2_17_x86_64.manylinux_2_28_x86_64.whl.metadata (45 kB)
e2e (run)	Install Python dependencies	2026-09-13T05:39:42.0362185Z Collecting idna<4,>=2.5 (from requests)
e2e (run)	Install Python dependencies	2026-09-13T05:39:42.0395310Z   Downloading idna-3.19-py3-none-any.whl.metadata (9.2 kB)
e2e (run)	Install Python dependencies	2026-09-13T05:39:42.0625785Z Collecting urllib3<3,>=1.26 (from requests)
e2e (run)	Install Python dependencies	2026-09-13T05:39:42.0662311Z   Downloading urllib3-2.7.0-py3-none-any.whl.metadata (6.9 kB)
e2e (run)	Install Python dependencies	2026-09-13T05:39:42.0861954Z Collecting certifi>=2023.5.7 (from requests)
e2e (run)	Install Python dependencies	2026-09-13T05:39:42.0894799Z   Downloading certifi-2026.7.22-py3-none-any.whl.metadata (2.5 kB)
e2e (run)	Install Python dependencies	2026-09-13T05:39:42.0983483Z Downloading requests-2.34.2-py3-none-any.whl (73 kB)
e2e (run)	Install Python dependencies	2026-09-13T05:39:42.1058769Z Downloading charset_normalizer-3.5.1-cp314-cp314-manylinux2014_x86_64.manylinux_2_17_x86_64.manylinux_2_28_x86_64.whl (251 kB)
e2e (run)	Install Python dependencies	2026-09-13T05:39:42.1136646Z Downloading idna-3.19-py3-none-any.whl (68 kB)
e2e (run)	Install Python dependencies	2026-09-13T05:39:42.1193454Z Downloading urllib3-2.7.0-py3-none-any.whl (131 kB)
e2e (run)	Install Python dependencies	2026-09-13T05:39:42.1251536Z Downloading certifi-2026.7.22-py3-none-any.whl (136 kB)
e2e (run)	Install Python dependencies	2026-09-13T05:39:42.1845037Z Installing collected packages: urllib3, idna, charset_normalizer, certifi, requests
e2e (run)	Install Python dependencies	2026-09-13T05:39:42.4865576Z 
e2e (run)	Install Python dependencies	2026-09-13T05:39:42.4880621Z Successfully installed certifi-2026.7.22 charset_normalizer-3.5.1 idna-3.19 requests-2.34.2 urllib3-2.7.0
e2e (run)	Install Python dependencies	2026-09-13T05:39:43.0169220Z Collecting mcp==2.0.0 (from -r tests/sdk-conformance-requirements.txt (line 23))
e2e (run)	Install Python dependencies	2026-09-13T05:39:43.0681322Z   Downloading mcp-2.0.0-py3-none-any.whl.metadata (7.7 kB)
e2e (run)	Install Python dependencies	2026-09-13T05:39:43.0830716Z Collecting mcp-types==2.0.0 (from -r tests/sdk-conformance-requirements.txt (line 24))
e2e (run)	Install Python dependencies	2026-09-13T05:39:43.0887514Z   Downloading mcp_types-2.0.0-py3-none-any.whl.metadata (1.9 kB)
e2e (run)	Install Python dependencies	2026-09-13T05:39:43.1073091Z Collecting anyio==4.14.2 (from -r tests/sdk-conformance-requirements.txt (line 25))
e2e (run)	Install Python dependencies	2026-09-13T05:39:43.1117044Z   Downloading anyio-4.14.2-py3-none-any.whl.metadata (4.6 kB)
e2e (run)	Install Python dependencies	2026-09-13T05:39:43.1252931Z Collecting httpx2==2.12.0 (from -r tests/sdk-conformance-requirements.txt (line 26))
e2e (run)	Install Python dependencies	2026-09-13T05:39:43.1297898Z   Downloading httpx2-2.12.0-py3-none-any.whl.metadata (9.5 kB)
e2e (run)	Install Python dependencies	2026-09-13T05:39:43.2464705Z Collecting pydantic==2.13.4 (from -r tests/sdk-conformance-requirements.txt (line 27))
e2e (run)	Install Python dependencies	2026-09-13T05:39:43.2507898Z   Downloading pydantic-2.13.4-py3-none-any.whl.metadata (109 kB)
e2e (run)	Install Python dependencies	2026-09-13T05:39:43.9324327Z Collecting pydantic-core==2.46.4 (from -r tests/sdk-conformance-requirements.txt (line 28))
e2e (run)	Install Python dependencies	2026-09-13T05:39:43.9378309Z   Downloading pydantic_core-2.46.4-cp314-cp314-manylinux_2_17_x86_64.manylinux2014_x86_64.whl.metadata (6.6 kB)
e2e (run)	Install Python dependencies	2026-09-13T05:39:43.9548811Z Collecting typing-extensions==4.16.0 (from -r tests/sdk-conformance-requirements.txt (line 29))
e2e (run)	Install Python dependencies	2026-09-13T05:39:43.9592737Z   Downloading typing_extensions-4.16.0-py3-none-any.whl.metadata (3.3 kB)
e2e (run)	Install Python dependencies	2026-09-13T05:39:43.9831903Z Collecting jsonschema>=4.20.0 (from mcp==2.0.0->-r tests/sdk-conformance-requirements.txt (line 23))
e2e (run)	Install Python dependencies	2026-09-13T05:39:43.9879301Z   Downloading jsonschema-4.26.0-py3-none-any.whl.metadata (7.6 kB)
e2e (run)	Install Python dependencies	2026-09-13T05:39:44.0108349Z Collecting opentelemetry-api>=1.28.0 (from mcp==2.0.0->-r tests/sdk-conformance-requirements.txt (line 23))
e2e (run)	Install Python dependencies	2026-09-13T05:39:44.0151493Z   Downloading opentelemetry_api-1.44.0-py3-none-any.whl.metadata (1.4 kB)
e2e (run)	Install Python dependencies	2026-09-13T05:39:44.0331562Z Collecting pyjwt>=2.10.1 (from pyjwt[crypto]>=2.10.1->mcp==2.0.0->-r tests/sdk-conformance-requirements.txt (line 23))
e2e (run)	Install Python dependencies	2026-09-13T05:39:44.0374278Z   Downloading pyjwt-2.14.0-py3-none-any.whl.metadata (3.4 kB)
e2e (run)	Install Python dependencies	2026-09-13T05:39:44.0525512Z Collecting python-multipart>=0.0.9 (from mcp==2.0.0->-r tests/sdk-conformance-requirements.txt (line 23))
e2e (run)	Install Python dependencies	2026-09-13T05:39:44.0566711Z   Downloading python_multipart-0.0.32-py3-none-any.whl.metadata (2.1 kB)
e2e (run)	Install Python dependencies	2026-09-13T05:39:44.0741977Z Collecting sse-starlette>=3.0.0 (from mcp==2.0.0->-r tests/sdk-conformance-requirements.txt (line 23))
e2e (run)	Install Python dependencies	2026-09-13T05:39:44.0784012Z   Downloading sse_starlette-3.4.11-py3-none-any.whl.metadata (15 kB)
e2e (run)	Install Python dependencies	2026-09-13T05:39:44.1047683Z Collecting starlette>=0.48.0 (from mcp==2.0.0->-r tests/sdk-conformance-requirements.txt (line 23))
e2e (run)	Install Python dependencies	2026-09-13T05:39:44.1101110Z   Downloading starlette-1.6.0-py3-none-any.whl.metadata (6.4 kB)
e2e (run)	Install Python dependencies	2026-09-13T05:39:44.1237065Z Collecting typing-inspection>=0.4.1 (from mcp==2.0.0->-r tests/sdk-conformance-requirements.txt (line 23))
e2e (run)	Install Python dependencies	2026-09-13T05:39:44.1286540Z   Downloading typing_inspection-0.4.4-py3-none-any.whl.metadata (2.6 kB)
e2e (run)	Install Python dependencies	2026-09-13T05:39:44.1532925Z Collecting uvicorn>=0.31.1 (from mcp==2.0.0->-r tests/sdk-conformance-requirements.txt (line 23))
e2e (run)	Install Python dependencies	2026-09-13T05:39:44.1578170Z   Downloading uvicorn-0.52.4-py3-none-any.whl.metadata (6.6 kB)
e2e (run)	Install Python dependencies	2026-09-13T05:39:44.1643524Z Requirement already satisfied: idna>=2.8 in /opt/hostedtoolcache/Python/3.14.7/x64/lib/python3.14/site-packages (from anyio==4.14.2->-r tests/sdk-conformance-requirements.txt (line 25)) (3.19)
e2e (run)	Install Python dependencies	2026-09-13T05:39:44.1740792Z Collecting httpcore2==2.12.0 (from httpx2==2.12.0->-r tests/sdk-conformance-requirements.txt (line 26))
e2e (run)	Install Python dependencies	2026-09-13T05:39:44.1781646Z   Downloading httpcore2-2.12.0-py3-none-any.whl.metadata (25 kB)
e2e (run)	Install Python dependencies	2026-09-13T05:39:44.1925574Z Collecting truststore>=0.10 (from httpx2==2.12.0->-r tests/sdk-conformance-requirements.txt (line 26))
e2e (run)	Install Python dependencies	2026-09-13T05:39:44.1967102Z   Downloading truststore-0.10.4-py3-none-any.whl.metadata (4.4 kB)
e2e (run)	Install Python dependencies	2026-09-13T05:39:44.2089948Z Collecting annotated-types>=0.6.0 (from pydantic==2.13.4->-r tests/sdk-conformance-requirements.txt (line 27))
e2e (run)	Install Python dependencies	2026-09-13T05:39:44.2131533Z   Downloading annotated_types-0.8.0-py3-none-any.whl.metadata (15 kB)
e2e (run)	Install Python dependencies	2026-09-13T05:39:44.2288526Z Collecting h11>=0.16 (from httpcore2==2.12.0->httpx2==2.12.0->-r tests/sdk-conformance-requirements.txt (line 26))
e2e (run)	Install Python dependencies	2026-09-13T05:39:44.2329942Z   Downloading h11-0.16.0-py3-none-any.whl.metadata (8.3 kB)
e2e (run)	Install Python dependencies	2026-09-13T05:39:44.2508357Z Collecting attrs>=22.2.0 (from jsonschema>=4.20.0->mcp==2.0.0->-r tests/sdk-conformance-requirements.txt (line 23))
e2e (run)	Install Python dependencies	2026-09-13T05:39:44.2550221Z   Downloading attrs-26.1.0-py3-none-any.whl.metadata (8.8 kB)
e2e (run)	Install Python dependencies	2026-09-13T05:39:44.2711856Z Collecting jsonschema-specifications>=2023.03.6 (from jsonschema>=4.20.0->mcp==2.0.0->-r tests/sdk-conformance-requirements.txt (line 23))
e2e (run)	Install Python dependencies	2026-09-13T05:39:44.2752936Z   Downloading jsonschema_specifications-2025.9.1-py3-none-any.whl.metadata (2.9 kB)
e2e (run)	Install Python dependencies	2026-09-13T05:39:44.2963011Z Collecting referencing>=0.28.4 (from jsonschema>=4.20.0->mcp==2.0.0->-r tests/sdk-conformance-requirements.txt (line 23))
e2e (run)	Install Python dependencies	2026-09-13T05:39:44.3004680Z   Downloading referencing-0.37.0-py3-none-any.whl.metadata (2.8 kB)
e2e (run)	Install Python dependencies	2026-09-13T05:39:44.5668155Z Collecting rpds-py>=0.25.0 (from jsonschema>=4.20.0->mcp==2.0.0->-r tests/sdk-conformance-requirements.txt (line 23))
e2e (run)	Install Python dependencies	2026-09-13T05:39:44.5709579Z   Downloading rpds_py-2026.6.3-cp314-cp314-manylinux_2_17_x86_64.manylinux2014_x86_64.whl.metadata (4.1 kB)
e2e (run)	Install Python dependencies	2026-09-13T05:39:44.8009489Z Collecting cryptography>=3.4.0 (from pyjwt[crypto]>=2.10.1->mcp==2.0.0->-r tests/sdk-conformance-requirements.txt (line 23))
e2e (run)	Install Python dependencies	2026-09-13T05:39:44.8052798Z   Downloading cryptography-50.0.1-cp311-abi3-manylinux_2_34_x86_64.whl.metadata (4.3 kB)
e2e (run)	Install Python dependencies	2026-09-13T05:39:44.9115933Z Collecting cffi>=2.0.0 (from cryptography>=3.4.0->pyjwt[crypto]>=2.10.1->mcp==2.0.0->-r tests/sdk-conformance-requirements.txt (line 23))
e2e (run)	Install Python dependencies	2026-09-13T05:39:44.9158395Z   Downloading cffi-2.1.1-cp314-cp314-manylinux2014_x86_64.manylinux_2_17_x86_64.whl.metadata (2.5 kB)
e2e (run)	Install Python dependencies	2026-09-13T05:39:44.9283669Z Collecting pycparser (from cffi>=2.0.0->cryptography>=3.4.0->pyjwt[crypto]>=2.10.1->mcp==2.0.0->-r tests/sdk-conformance-requirements.txt (line 23))
e2e (run)	Install Python dependencies	2026-09-13T05:39:44.9324966Z   Downloading pycparser-3.0-py3-none-any.whl.metadata (8.2 kB)
e2e (run)	Install Python dependencies	2026-09-13T05:39:44.9585839Z Collecting click>=7.0 (from uvicorn>=0.31.1->mcp==2.0.0->-r tests/sdk-conformance-requirements.txt (line 23))
e2e (run)	Install Python dependencies	2026-09-13T05:39:44.9626264Z   Downloading click-8.5.0-py3-none-any.whl.metadata (2.6 kB)
e2e (run)	Install Python dependencies	2026-09-13T05:39:44.9729480Z Downloading mcp-2.0.0-py3-none-any.whl (349 kB)
e2e (run)	Install Python dependencies	2026-09-13T05:39:44.9858148Z Downloading mcp_types-2.0.0-py3-none-any.whl (69 kB)
e2e (run)	Install Python dependencies	2026-09-13T05:39:44.9931250Z Downloading anyio-4.14.2-py3-none-any.whl (125 kB)
e2e (run)	Install Python dependencies	2026-09-13T05:39:44.9997234Z Downloading httpx2-2.12.0-py3-none-any.whl (95 kB)
e2e (run)	Install Python dependencies	2026-09-13T05:39:45.0062151Z Downloading pydantic-2.13.4-py3-none-any.whl (472 kB)
e2e (run)	Install Python dependencies	2026-09-13T05:39:45.0196686Z Downloading pydantic_core-2.46.4-cp314-cp314-manylinux_2_17_x86_64.manylinux2014_x86_64.whl (2.1 MB)
e2e (run)	Install Python dependencies	2026-09-13T05:39:45.0488141Z    ━━━━━━━━━━━━━━━━━━━━━━━━━━━━━━━━━━━━━━━━ 2.1/2.1 MB 75.7 MB/s  0:00:00
e2e (run)	Install Python dependencies	2026-09-13T05:39:45.0530220Z Downloading typing_extensions-4.16.0-py3-none-any.whl (45 kB)
e2e (run)	Install Python dependencies	2026-09-13T05:39:45.0601695Z Downloading httpcore2-2.12.0-py3-none-any.whl (83 kB)
e2e (run)	Install Python dependencies	2026-09-13T05:39:45.0677501Z Downloading annotated_types-0.8.0-py3-none-any.whl (13 kB)
e2e (run)	Install Python dependencies	2026-09-13T05:39:45.0744933Z Downloading h11-0.16.0-py3-none-any.whl (37 kB)
e2e (run)	Install Python dependencies	2026-09-13T05:39:45.0809176Z Downloading jsonschema-4.26.0-py3-none-any.whl (90 kB)
e2e (run)	Install Python dependencies	2026-09-13T05:39:45.0883653Z Downloading attrs-26.1.0-py3-none-any.whl (67 kB)
e2e (run)	Install Python dependencies	2026-09-13T05:39:45.0952716Z Downloading jsonschema_specifications-2025.9.1-py3-none-any.whl (18 kB)
e2e (run)	Install Python dependencies	2026-09-13T05:39:45.1020735Z Downloading opentelemetry_api-1.44.0-py3-none-any.whl (60 kB)
e2e (run)	Install Python dependencies	2026-09-13T05:39:45.1086359Z Downloading pyjwt-2.14.0-py3-none-any.whl (32 kB)
e2e (run)	Install Python dependencies	2026-09-13T05:39:45.1156588Z Downloading cryptography-50.0.1-cp311-abi3-manylinux_2_34_x86_64.whl (4.7 MB)
e2e (run)	Install Python dependencies	2026-09-13T05:39:45.1499876Z    ━━━━━━━━━━━━━━━━━━━━━━━━━━━━━━━━━━━━━━━━ 4.7/4.7 MB 149.3 MB/s  0:00:00
e2e (run)	Install Python dependencies	2026-09-13T05:39:45.1541225Z Downloading cffi-2.1.1-cp314-cp314-manylinux2014_x86_64.manylinux_2_17_x86_64.whl (221 kB)
e2e (run)	Install Python dependencies	2026-09-13T05:39:45.1613721Z Downloading python_multipart-0.0.32-py3-none-any.whl (30 kB)
e2e (run)	Install Python dependencies	2026-09-13T05:39:45.1683313Z Downloading referencing-0.37.0-py3-none-any.whl (26 kB)
e2e (run)	Install Python dependencies	2026-09-13T05:39:45.1751192Z Downloading rpds_py-2026.6.3-cp314-cp314-manylinux_2_17_x86_64.manylinux2014_x86_64.whl (367 kB)
e2e (run)	Install Python dependencies	2026-09-13T05:39:45.1826569Z Downloading sse_starlette-3.4.11-py3-none-any.whl (17 kB)
e2e (run)	Install Python dependencies	2026-09-13T05:39:45.1890092Z Downloading starlette-1.6.0-py3-none-any.whl (75 kB)
e2e (run)	Install Python dependencies	2026-09-13T05:39:45.1958566Z Downloading truststore-0.10.4-py3-none-any.whl (18 kB)
e2e (run)	Install Python dependencies	2026-09-13T05:39:45.2027623Z Downloading typing_inspection-0.4.4-py3-none-any.whl (14 kB)
e2e (run)	Install Python dependencies	2026-09-13T05:39:45.2113715Z Downloading uvicorn-0.52.4-py3-none-any.whl (79 kB)
e2e (run)	Install Python dependencies	2026-09-13T05:39:45.2180275Z Downloading click-8.5.0-py3-none-any.whl (125 kB)
e2e (run)	Install Python dependencies	2026-09-13T05:39:45.2252501Z Downloading pycparser-3.0-py3-none-any.whl (48 kB)
e2e (run)	Install Python dependencies	2026-09-13T05:39:45.3534592Z Installing collected packages: typing-extensions, truststore, rpds-py, python-multipart, pyjwt, pycparser, h11, click, attrs, anyio, annotated-types, uvicorn, typing-inspection, starlette, referencing, pydantic-core, opentelemetry-api, httpcore2, cffi, sse-starlette, pydantic, jsonschema-specifications, httpx2, cryptography, mcp-types, jsonschema, mcp
e2e (run)	Install Python dependencies	2026-09-13T05:39:47.5787172Z 
e2e (run)	Install Python dependencies	2026-09-13T05:39:47.5826166Z Successfully installed annotated-types-0.8.0 anyio-4.14.2 attrs-26.1.0 cffi-2.1.1 click-8.5.0 cryptography-50.0.1 h11-0.16.0 httpcore2-2.12.0 httpx2-2.12.0 jsonschema-4.26.0 jsonschema-specifications-2025.9.1 mcp-2.0.0 mcp-types-2.0.0 opentelemetry-api-1.44.0 pycparser-3.0 pydantic-2.13.4 pydantic-core-2.46.4 pyjwt-2.14.0 python-multipart-0.0.32 referencing-0.37.0 rpds-py-2026.6.3 sse-starlette-3.4.11 starlette-1.6.0 truststore-0.10.4 typing-extensions-4.16.0 typing-inspection-0.4.4 uvicorn-0.52.4
e2e (run)	Mask access token in subsequent log lines	﻿2026-09-13T05:39:47.7866791Z ##[group]Run for U in "$MCP_URL" "$WATCHDOG_URL"; do
e2e (run)	Mask access token in subsequent log lines	2026-09-13T05:39:47.7867275Z ^[[36;1mfor U in "$MCP_URL" "$WATCHDOG_URL"; do^[[0m
e2e (run)	Mask access token in subsequent log lines	2026-09-13T05:39:47.7867677Z ^[[36;1m  TOKEN="$(echo "$U" | sed -nE 's|.*access_token=(.*)|\1|p')"^[[0m
e2e (run)	Mask access token in subsequent log lines	2026-09-13T05:39:47.7868054Z ^[[36;1m  if [ -n "$TOKEN" ]; then^[[0m
e2e (run)	Mask access token in subsequent log lines	2026-09-13T05:39:47.7868349Z ^[[36;1m    echo "::add-mask::$TOKEN"^[[0m
e2e (run)	Mask access token in subsequent log lines	2026-09-13T05:39:47.7868616Z ^[[36;1m  fi^[[0m
e2e (run)	Mask access token in subsequent log lines	2026-09-13T05:39:47.7868810Z ^[[36;1mdone^[[0m
e2e (run)	Mask access token in subsequent log lines	2026-09-13T05:39:47.7907381Z shell: /usr/bin/bash -e {0}
e2e (run)	Mask access token in subsequent log lines	2026-09-13T05:39:47.7907675Z env:
e2e (run)	Mask access token in subsequent log lines	2026-09-13T05:39:47.7908480Z   MCP_URL: ***
e2e (run)	Mask access token in subsequent log lines	2026-09-13T05:39:47.7909091Z   WATCHDOG_URL: ***
e2e (run)	Mask access token in subsequent log lines	2026-09-13T05:39:47.7909385Z   pythonLocation: /opt/hostedtoolcache/Python/3.14.7/x64
e2e (run)	Mask access token in subsequent log lines	2026-09-13T05:39:47.7909829Z   PKG_CONFIG_PATH: /opt/hostedtoolcache/Python/3.14.7/x64/lib/pkgconfig
e2e (run)	Mask access token in subsequent log lines	2026-09-13T05:39:47.7910255Z   Python_ROOT_DIR: /opt/hostedtoolcache/Python/3.14.7/x64
e2e (run)	Mask access token in subsequent log lines	2026-09-13T05:39:47.7910638Z   Python2_ROOT_DIR: /opt/hostedtoolcache/Python/3.14.7/x64
e2e (run)	Mask access token in subsequent log lines	2026-09-13T05:39:47.7911077Z   Python3_ROOT_DIR: /opt/hostedtoolcache/Python/3.14.7/x64
e2e (run)	Mask access token in subsequent log lines	2026-09-13T05:39:47.7911460Z   LD_LIBRARY_PATH: /opt/hostedtoolcache/Python/3.14.7/x64/lib
e2e (run)	Mask access token in subsequent log lines	2026-09-13T05:39:47.7911800Z ##[endgroup]
e2e (run)	Parse MCP_URL into HUBITAT_* env vars	﻿2026-09-13T05:39:47.8063587Z ##[group]Run # Note: regional cloud endpoints (e.g. eu.cloud.hubitat.com) are not yet supported —
e2e (run)	Parse MCP_URL into HUBITAT_* env vars	2026-09-13T05:39:47.8064703Z ^[[36;1m# Note: regional cloud endpoints (e.g. eu.cloud.hubitat.com) are not yet supported —^[[0m
e2e (run)	Parse MCP_URL into HUBITAT_* env vars	2026-09-13T05:39:47.8065198Z ^[[36;1m# update the regex if Hubitat adds them.^[[0m
e2e (run)	Parse MCP_URL into HUBITAT_* env vars	2026-09-13T05:39:47.8065732Z ^[[36;1mif [[ ! "$MCP_URL" =~ ^https://cloud\.hubitat\.com/api/[^/]+/apps/[0-9]+/mcp\?access_token=.+$ ]]; then^[[0m
e2e (run)	Parse MCP_URL into HUBITAT_* env vars	2026-09-13T05:39:47.8066565Z ^[[36;1m  echo "::error::MCP_URL does not match the expected cloud-endpoint shape — refusing to parse a malformed value into HUBITAT_* env vars."^[[0m
e2e (run)	Parse MCP_URL into HUBITAT_* env vars	2026-09-13T05:39:47.8067195Z ^[[36;1m  exit 1^[[0m
e2e (run)	Parse MCP_URL into HUBITAT_* env vars	2026-09-13T05:39:47.8067401Z ^[[36;1mfi^[[0m
e2e (run)	Parse MCP_URL into HUBITAT_* env vars	2026-09-13T05:39:47.8067861Z ^[[36;1mBASE=$(echo "$MCP_URL"  | sed -E 's|(https://cloud\.hubitat\.com/api/[^/]+)/apps/([0-9]+)/mcp\?access_token=(.*)|\1|')^[[0m
e2e (run)	Parse MCP_URL into HUBITAT_* env vars	2026-09-13T05:39:47.8068626Z ^[[36;1mAPPID=$(echo "$MCP_URL" | sed -E 's|(https://cloud\.hubitat\.com/api/[^/]+)/apps/([0-9]+)/mcp\?access_token=(.*)|\2|')^[[0m
e2e (run)	Parse MCP_URL into HUBITAT_* env vars	2026-09-13T05:39:47.8069405Z ^[[36;1mTOKEN=$(echo "$MCP_URL" | sed -E 's|(https://cloud\.hubitat\.com/api/[^/]+)/apps/([0-9]+)/mcp\?access_token=(.*)|\3|')^[[0m
e2e (run)	Parse MCP_URL into HUBITAT_* env vars	2026-09-13T05:39:47.8070085Z ^[[36;1m{^[[0m
e2e (run)	Parse MCP_URL into HUBITAT_* env vars	2026-09-13T05:39:47.8070305Z ^[[36;1m  echo "HUBITAT_HUB_URL=$BASE"^[[0m
e2e (run)	Parse MCP_URL into HUBITAT_* env vars	2026-09-13T05:39:47.8070600Z ^[[36;1m  echo "HUBITAT_APP_ID=$APPID"^[[0m
e2e (run)	Parse MCP_URL into HUBITAT_* env vars	2026-09-13T05:39:47.8070902Z ^[[36;1m  echo "HUBITAT_ACCESS_TOKEN=$TOKEN"^[[0m
e2e (run)	Parse MCP_URL into HUBITAT_* env vars	2026-09-13T05:39:47.8071196Z ^[[36;1m} >> "$GITHUB_ENV"^[[0m
e2e (run)	Parse MCP_URL into HUBITAT_* env vars	2026-09-13T05:39:47.8108914Z shell: /usr/bin/bash -e {0}
e2e (run)	Parse MCP_URL into HUBITAT_* env vars	2026-09-13T05:39:47.8109190Z env:
e2e (run)	Parse MCP_URL into HUBITAT_* env vars	2026-09-13T05:39:47.8109901Z   MCP_URL: ***
e2e (run)	Parse MCP_URL into HUBITAT_* env vars	2026-09-13T05:39:47.8110507Z   WATCHDOG_URL: ***
e2e (run)	Parse MCP_URL into HUBITAT_* env vars	2026-09-13T05:39:47.8110810Z   pythonLocation: /opt/hostedtoolcache/Python/3.14.7/x64
e2e (run)	Parse MCP_URL into HUBITAT_* env vars	2026-09-13T05:39:47.8111248Z   PKG_CONFIG_PATH: /opt/hostedtoolcache/Python/3.14.7/x64/lib/pkgconfig
e2e (run)	Parse MCP_URL into HUBITAT_* env vars	2026-09-13T05:39:47.8111678Z   Python_ROOT_DIR: /opt/hostedtoolcache/Python/3.14.7/x64
e2e (run)	Parse MCP_URL into HUBITAT_* env vars	2026-09-13T05:39:47.8112070Z   Python2_ROOT_DIR: /opt/hostedtoolcache/Python/3.14.7/x64
e2e (run)	Parse MCP_URL into HUBITAT_* env vars	2026-09-13T05:39:47.8112460Z   Python3_ROOT_DIR: /opt/hostedtoolcache/Python/3.14.7/x64
e2e (run)	Parse MCP_URL into HUBITAT_* env vars	2026-09-13T05:39:47.8112856Z   LD_LIBRARY_PATH: /opt/hostedtoolcache/Python/3.14.7/x64/lib
e2e (run)	Parse MCP_URL into HUBITAT_* env vars	2026-09-13T05:39:47.8113187Z ##[endgroup]
e2e (run)	Watchdog health check (HALT if unreachable / not installed)	﻿2026-09-13T05:39:47.8292386Z ##[group]Run set -euo pipefail
e2e (run)	Watchdog health check (HALT if unreachable / not installed)	2026-09-13T05:39:47.8292782Z ^[[36;1mset -euo pipefail^[[0m
e2e (run)	Watchdog health check (HALT if unreachable / not installed)	2026-09-13T05:39:47.8293113Z ^[[36;1mecho "Probing the watchdog endpoint (tools/list)..."^[[0m
e2e (run)	Watchdog health check (HALT if unreachable / not installed)	2026-09-13T05:39:47.8293594Z ^[[36;1mLIST_RPC='{"jsonrpc":"2.0","id":1,"method":"tools/list","params":{}}'^[[0m
e2e (run)	Watchdog health check (HALT if unreachable / not installed)	2026-09-13T05:39:47.8294411Z ^[[36;1mRESP=$(curl -sS --max-time 60 -X POST "$WATCHDOG_URL" \^[[0m
e2e (run)	Watchdog health check (HALT if unreachable / not installed)	2026-09-13T05:39:47.8294811Z ^[[36;1m  -H "Content-Type: application/json" \^[[0m
e2e (run)	Watchdog health check (HALT if unreachable / not installed)	2026-09-13T05:39:47.8295154Z ^[[36;1m  --data-binary "$LIST_RPC" || true)^[[0m
e2e (run)	Watchdog health check (HALT if unreachable / not installed)	2026-09-13T05:39:47.8295609Z ^[[36;1mif ! printf '%s' "$RESP" | jq -e '.result.tools | type == "array"' >/dev/null 2>&1; then^[[0m
e2e (run)	Watchdog health check (HALT if unreachable / not installed)	2026-09-13T05:39:47.8296902Z ^[[36;1m  echo "::error::Watchdog endpoint ($WATCHDOG_URL) did not return a tools/list result. The v2 dead-man watchdog is unreachable or not installed on the test hub — HALTING before any hub mutation (no safety net to roll back a bad deploy). Body head: $(printf '%s' "$RESP" | head -c 300 | tr '\n' ' ')"^[[0m
e2e (run)	Watchdog health check (HALT if unreachable / not installed)	2026-09-13T05:39:47.8298076Z ^[[36;1m  exit 1^[[0m
e2e (run)	Watchdog health check (HALT if unreachable / not installed)	2026-09-13T05:39:47.8298288Z ^[[36;1mfi^[[0m
e2e (run)	Watchdog health check (HALT if unreachable / not installed)	2026-09-13T05:39:47.8298584Z ^[[36;1mecho "Confirming the watchdog responds to hub_get_info..."^[[0m
e2e (run)	Watchdog health check (HALT if unreachable / not installed)	2026-09-13T05:39:47.8299159Z ^[[36;1mINFO_RPC='{"jsonrpc":"2.0","id":2,"method":"tools/call","params":{"name":"hub_get_info","arguments":{}}}'^[[0m
e2e (run)	Watchdog health check (HALT if unreachable / not installed)	2026-09-13T05:39:47.8299727Z ^[[36;1mINFO=$(curl -sS --max-time 60 -X POST "$WATCHDOG_URL" \^[[0m
e2e (run)	Watchdog health check (HALT if unreachable / not installed)	2026-09-13T05:39:47.8300109Z ^[[36;1m  -H "Content-Type: application/json" \^[[0m
e2e (run)	Watchdog health check (HALT if unreachable / not installed)	2026-09-13T05:39:47.8300445Z ^[[36;1m  --data-binary "$INFO_RPC" || true)^[[0m
e2e (run)	Watchdog health check (HALT if unreachable / not installed)	2026-09-13T05:39:47.8300897Z ^[[36;1mif ! printf '%s' "$INFO" | jq -e '.result.content[0].text // empty' >/dev/null 2>&1; then^[[0m
e2e (run)	Watchdog health check (HALT if unreachable / not installed)	2026-09-13T05:39:47.8301840Z ^[[36;1m  echo "::error::Watchdog endpoint reachable but hub_get_info returned no result — the watchdog app may be mis-installed. HALTING. Body head: $(printf '%s' "$INFO" | head -c 300 | tr '\n' ' ')"^[[0m
e2e (run)	Watchdog health check (HALT if unreachable / not installed)	2026-09-13T05:39:47.8302652Z ^[[36;1m  exit 1^[[0m
e2e (run)	Watchdog health check (HALT if unreachable / not installed)	2026-09-13T05:39:47.8302858Z ^[[36;1mfi^[[0m
e2e (run)	Watchdog health check (HALT if unreachable / not installed)	2026-09-13T05:39:47.8303194Z ^[[36;1mecho "WATCHDOG_HEALTHY — endpoint reachable and hub_get_info OK"^[[0m
e2e (run)	Watchdog health check (HALT if unreachable / not installed)	2026-09-13T05:39:47.8341501Z shell: /usr/bin/bash -e {0}
e2e (run)	Watchdog health check (HALT if unreachable / not installed)	2026-09-13T05:39:47.8341797Z env:
e2e (run)	Watchdog health check (HALT if unreachable / not installed)	2026-09-13T05:39:47.8342545Z   MCP_URL: ***
e2e (run)	Watchdog health check (HALT if unreachable / not installed)	2026-09-13T05:39:47.8343171Z   WATCHDOG_URL: ***
e2e (run)	Watchdog health check (HALT if unreachable / not installed)	2026-09-13T05:39:47.8343470Z   pythonLocation: /opt/hostedtoolcache/Python/3.14.7/x64
e2e (run)	Watchdog health check (HALT if unreachable / not installed)	2026-09-13T05:39:47.8344234Z   PKG_CONFIG_PATH: /opt/hostedtoolcache/Python/3.14.7/x64/lib/pkgconfig
e2e (run)	Watchdog health check (HALT if unreachable / not installed)	2026-09-13T05:39:47.8344707Z   Python_ROOT_DIR: /opt/hostedtoolcache/Python/3.14.7/x64
e2e (run)	Watchdog health check (HALT if unreachable / not installed)	2026-09-13T05:39:47.8345104Z   Python2_ROOT_DIR: /opt/hostedtoolcache/Python/3.14.7/x64
e2e (run)	Watchdog health check (HALT if unreachable / not installed)	2026-09-13T05:39:47.8345517Z   Python3_ROOT_DIR: /opt/hostedtoolcache/Python/3.14.7/x64
e2e (run)	Watchdog health check (HALT if unreachable / not installed)	2026-09-13T05:39:47.8345921Z   LD_LIBRARY_PATH: /opt/hostedtoolcache/Python/3.14.7/x64/lib
e2e (run)	Watchdog health check (HALT if unreachable / not installed)	2026-09-13T05:39:47.8346723Z   HUBITAT_HUB_URL: https://cloud.hubitat.com/api/8f03d35e-e8fd-443f-8548-d5fdc889583e
e2e (run)	Watchdog health check (HALT if unreachable / not installed)	2026-09-13T05:39:47.8347161Z   HUBITAT_APP_ID: 38
e2e (run)	Watchdog health check (HALT if unreachable / not installed)	2026-09-13T05:39:47.8347498Z   HUBITAT_ACCESS_TOKEN: ***
e2e (run)	Watchdog health check (HALT if unreachable / not installed)	2026-09-13T05:39:47.8347746Z ##[endgroup]
e2e (run)	Watchdog health check (HALT if unreachable / not installed)	2026-09-13T05:39:47.8412597Z Probing the watchdog endpoint (tools/list)...
e2e (run)	Watchdog health check (HALT if unreachable / not installed)	2026-09-13T05:39:48.2659477Z Confirming the watchdog responds to hub_get_info...
e2e (run)	Watchdog health check (HALT if unreachable / not installed)	2026-09-13T05:39:48.5637359Z WATCHDOG_HEALTHY — endpoint reachable and hub_get_info OK
e2e (run)	Acquire test hub lease	﻿2026-09-13T05:39:48.5673679Z ##[group]Run bash .github/scripts/lease_acquire.sh "ci-run-34740627451"
e2e (run)	Acquire test hub lease	2026-09-13T05:39:48.5674675Z ^[[36;1mbash .github/scripts/lease_acquire.sh "ci-run-34740627451"^[[0m
e2e (run)	Acquire test hub lease	2026-09-13T05:39:48.5712066Z shell: /usr/bin/bash -e {0}
e2e (run)	Acquire test hub lease	2026-09-13T05:39:48.5712359Z env:
e2e (run)	Acquire test hub lease	2026-09-13T05:39:48.5713388Z   MCP_URL: ***
e2e (run)	Acquire test hub lease	2026-09-13T05:39:48.5714339Z   WATCHDOG_URL: ***
e2e (run)	Acquire test hub lease	2026-09-13T05:39:48.5714665Z   pythonLocation: /opt/hostedtoolcache/Python/3.14.7/x64
e2e (run)	Acquire test hub lease	2026-09-13T05:39:48.5715112Z   PKG_CONFIG_PATH: /opt/hostedtoolcache/Python/3.14.7/x64/lib/pkgconfig
e2e (run)	Acquire test hub lease	2026-09-13T05:39:48.5715561Z   Python_ROOT_DIR: /opt/hostedtoolcache/Python/3.14.7/x64
e2e (run)	Acquire test hub lease	2026-09-13T05:39:48.5715952Z   Python2_ROOT_DIR: /opt/hostedtoolcache/Python/3.14.7/x64
e2e (run)	Acquire test hub lease	2026-09-13T05:39:48.5716358Z   Python3_ROOT_DIR: /opt/hostedtoolcache/Python/3.14.7/x64
e2e (run)	Acquire test hub lease	2026-09-13T05:39:48.5716945Z   LD_LIBRARY_PATH: /opt/hostedtoolcache/Python/3.14.7/x64/lib
e2e (run)	Acquire test hub lease	2026-09-13T05:39:48.5717563Z   HUBITAT_HUB_URL: https://cloud.hubitat.com/api/8f03d35e-e8fd-443f-8548-d5fdc889583e
e2e (run)	Acquire test hub lease	2026-09-13T05:39:48.5718402Z   HUBITAT_APP_ID: 38
e2e (run)	Acquire test hub lease	2026-09-13T05:39:48.5718878Z   HUBITAT_ACCESS_TOKEN: ***
e2e (run)	Acquire test hub lease	2026-09-13T05:39:48.5721701Z   GH_TOKEN: ***
e2e (run)	Acquire test hub lease	2026-09-13T05:39:48.5722029Z ##[endgroup]
e2e (run)	Acquire test hub lease	2026-09-13T05:39:52.0491338Z Lease acquired: by=ci-run-34740627451, until=2026-09-13T06:09:49Z (30 min TTL)
e2e (run)	Pre-run hub status probe	﻿2026-09-13T05:39:52.0530547Z ##[group]Run bash .github/scripts/mcp_probe_hub.sh
e2e (run)	Pre-run hub status probe	2026-09-13T05:39:52.0531102Z ^[[36;1mbash .github/scripts/mcp_probe_hub.sh^[[0m
e2e (run)	Pre-run hub status probe	2026-09-13T05:39:52.0570885Z shell: /usr/bin/bash -e {0}
e2e (run)	Pre-run hub status probe	2026-09-13T05:39:52.0571317Z env:
e2e (run)	Pre-run hub status probe	2026-09-13T05:39:52.0572130Z   MCP_URL: ***
e2e (run)	Pre-run hub status probe	2026-09-13T05:39:52.0572858Z   WATCHDOG_URL: ***
e2e (run)	Pre-run hub status probe	2026-09-13T05:39:52.0573291Z   pythonLocation: /opt/hostedtoolcache/Python/3.14.7/x64
e2e (run)	Pre-run hub status probe	2026-09-13T05:39:52.0573842Z   PKG_CONFIG_PATH: /opt/hostedtoolcache/Python/3.14.7/x64/lib/pkgconfig
e2e (run)	Pre-run hub status probe	2026-09-13T05:39:52.0574714Z   Python_ROOT_DIR: /opt/hostedtoolcache/Python/3.14.7/x64
e2e (run)	Pre-run hub status probe	2026-09-13T05:39:52.0575239Z   Python2_ROOT_DIR: /opt/hostedtoolcache/Python/3.14.7/x64
e2e (run)	Pre-run hub status probe	2026-09-13T05:39:52.0575757Z   Python3_ROOT_DIR: /opt/hostedtoolcache/Python/3.14.7/x64
e2e (run)	Pre-run hub status probe	2026-09-13T05:39:52.0576238Z   LD_LIBRARY_PATH: /opt/hostedtoolcache/Python/3.14.7/x64/lib
e2e (run)	Pre-run hub status probe	2026-09-13T05:39:52.0576828Z   HUBITAT_HUB_URL: https://cloud.hubitat.com/api/8f03d35e-e8fd-443f-8548-d5fdc889583e
e2e (run)	Pre-run hub status probe	2026-09-13T05:39:52.0577391Z   HUBITAT_APP_ID: 38
e2e (run)	Pre-run hub status probe	2026-09-13T05:39:52.0577855Z   HUBITAT_ACCESS_TOKEN: ***
e2e (run)	Pre-run hub status probe	2026-09-13T05:39:52.0578247Z ##[endgroup]
e2e (run)	Pre-run hub status probe	2026-09-13T05:39:52.0658862Z ######## HUB PROBE: read-only inventory ########
e2e (run)	Pre-run hub status probe	2026-09-13T05:39:52.0690334Z === hub_get_info (MAIN server -- also proves the app under test answers) ===
e2e (run)	Pre-run hub status probe	2026-09-13T05:39:55.5220717Z {"temperatureScale":"F","model":"000D","firmwareVersion":"2.5.1.174","zigbeeChannel":"unavailable","zwaveVersion":"unavailable","zigbeeId":"385B44FFFE93ADBE","type":"PHYSICAL","uptimeSeconds":85144,"uptimeFormatted":"0d 23h 39m","freeMemoryKB":"143484","internalTempCelsius":"46.0","databaseSizeKB":"20","mcpServerVersion":"4.3.0","mcpDeviceCount":16,"mcpRuleCount":0,"mcpLogEntries":100,"mcpCapturedStates":0,"lastBackupEpoch":1789276113725,"hubSecurityConfigured":false,"readEnabled":true,"writeEnabled":true,"customRuleEngineEnabled":true,"developerModeEnabled":true,"lastSelfDeploy":{"packageRef":"a4b968f5ff5bb01425e9b4c47e0145b36c179e15","sourceMode":"importUrl","at":1788992799716,"success":true,"requestId":"pkg-6562a427-e6f2-4cc2-b857-3a6112b17510","importUrl":"https://raw.githubusercontent.com/kingpanther13/Hubitat-local-MCP-server/a4b968f5ff5bb01425e9b4c47e0145b36c179e15/hubitat-mcp-server.groovy","error":null,"sourceLength":679611,"ageMs":285197204},"headerValidation":{"requestHeadersReadable":true,"originValidation":"log-only (default)","modernEraDetection":"active"},"name":"hubitat-test","localIP":"10.2.60.10","timeZone":"America/Denver","latitude":33.440000,"longitude":-112.012200,"zipCode":"85034","hubData":{"hardwareID":"000D","zigbeeEui":"385B44FFFE93ADBE","zigbeeChannel":"0x0B (11)","zigbeePanID":"FCE2","localSrvPortTCP":"39501","localIP":"10.2.60.10"},"platformUpdate":{"available":true,"currentVersion":"2.5.1.174","availableVersion":"2.5.1.183"},"safeMode":false}
e2e (run)	Pre-run hub status probe	2026-09-13T05:39:55.5227250Z 
e2e (run)	Pre-run hub status probe	2026-09-13T05:39:55.5245230Z === hub_get_jobs via watchdog (uptime / scheduled / RUNNING jobs) ===
e2e (run)	Pre-run hub status probe	2026-09-13T05:39:58.2425320Z {"uptime":"23h 38m 54s","scheduledJobs":{"count":16,"jobs":[{"id":"system.periodicCleanupJob","name":"periodicCleanupJob","recurring":false,"method":null,"nextRun":"2026-09-12 23:40:00 MDT"},{"id":"app5993Recur.checkDeadman","name":"E2E Dead-Man Watchdog v2","recurring":true,"method":"checkDeadman","nextRun":"2026-09-12 23:40:10 MDT"},{"id":"dev66Recur.healthCheck","name":"syslog","recurring":true,"method":"healthCheck","nextRun":"2026-09-12 23:40:12 MDT"},{"id":"app5506Recur.checkDeadman","name":"E2E Dead-Man Watchdog","recurring":true,"method":"checkDeadman","nextRun":"2026-09-12 23:40:43 MDT"},{"id":"app38Once.runMrtrCleanup","name":"MCP Rule Server","recurring":false,"method":"runMrtrCleanup","nextRun":"2026-09-12 23:43:07 MDT"},{"id":"app68Recur.checkMemory","name":"Hub Health Monitor & Auto Reboot","recurring":true,"method":"checkMemory","nextRun":"2026-09-12 23:53:56 MDT"},{"id":"app68Once.performPeriodicReboot","name":"Hub Health Monitor & Auto Reboot","recurring":false,"method":"performPeriodicReboot","nextRun":"2026-09-13 00:00:00 MDT"},{"id":"system.sunJob","name":"sunJob","recurring":false,"method":null,"nextRun":"2026-09-13 00:00:00 MDT"},{"id":"app37Recur.checkForUpdates","name":"Hubitat Package Manager","recurring":true,"method":"checkForUpdates","nextRun":"2026-09-13 00:00:13 MDT"},{"id":"system.timeAdjustmentJob","name":"timeAdjustmentJob","recurring":false,"method":null,"nextRun":"2026-09-13 00:17:00 MDT"},{"id":"system.appCleanupJob","name":"appCleanupJob","recurring":false,"method":null,"nextRun":"2026-09-13 00:18:00 MDT"},{"id":"app38Recur.checkForUpdate","name":"MCP Rule Server","recurring":true,"method":"checkForUpdate","nextRun":"2026-09-13 03:00:00 MDT"},{"id":"system.nightlyCleanupJob","name":"nightlyCleanupJob","recurring":false,"method":null,"nextRun":"2026-09-13 03:01:00 MDT"},{"id":"system.cloudJob","name":"cloudJob","recurring":false,"method":null,"nextRun":"2026-09-13 03:01:46 MDT"},{"id":"system.sunriseEvent","name":"sunriseEvent","recurring":false,"method":null,"nextRun":"2026-09-13 07:10:00 MDT"},{"id":"system.sunsetEvent","name":"sunsetEvent","recurring":false,"method":null,"nextRun":"2026-09-13 19:37:00 MDT"}]},"runningJobs":{"count":0,"jobs":[]},"hubActions":{"count":0,"actions":[]}}
e2e (run)	Pre-run hub status probe	2026-09-13T05:39:58.2432955Z 
e2e (run)	Pre-run hub status probe	2026-09-13T05:39:58.2448849Z === hub_get_metrics via watchdog (free memory + the hub's own health alerts) ===
e2e (run)	Pre-run hub status probe	2026-09-13T05:39:58.6266639Z {"current":{"freeMemoryKB":"143340","internalTempC":"46.0","databaseSizeKB":"20","uptimeSeconds":85147},"healthAlerts":{"safeMode":false,"active":[],"details":{"alertItems":[{"detailed":false,"key":"platformUpdateAvailable","message":"<span id='platformUpdateMessage'>Platform update 2.5.1.183 <a href='/hub/platformUpdate'>available</a> (<a href='#' id='linkDismissFirmwareUpdate' data-version='2.5.1.183'>dismiss</a>)</span>"},{"detailed":false,"key":"NOT_REGISTERED","message":"Hub is not registered, please <a href='/hub/register'>register</a>"}],"alertMessages":{"NOT_REGISTERED":"Hub is not registered, please <a href='/hub/register'>register</a>","platformUpdateAvailable":"<span id='platformUpdateMessage'>Platform update 2.5.1.183 <a href='/hub/platformUpdate'>available</a> (<a href='#' id='linkDismissFirmwareUpdate' data-version='2.5.1.183'>dismiss</a>)</span>"},"cloudBackupFailed":false,"cloudDisconnected":false,"databaseSize":20,"hasPendingSmartStart":false,"headerMessages":["<span id='platformUpdateMessage'>Platform update 2.5.1.183 <a href='/hub/platformUpdate'>available</a> (<a href='#' id='linkDismissFirmwareUpdate' data-version='2.5.1.183'>dismiss</a>)</span>","Hub is not registered, please <a href='/hub/register'>register</a>"],"hubHighLoad":false,"hubHugeDatabase":false,"hubLargeDatabase":false,"hubLargeishDatabase":false,"hubLoadElevated":false,"hubLoadSevere":false,"hubLowMemory":false,"hubZwaveCrashed":false,"lastCloudBackupMessage":"","localBackupFailed":false,"matterRebootRequired":false,"schedulerFailed":false,"spammyDevices":false,"threadOffline":false,"weakZigbee":false,"zigbeeOffline":false,"zwaveMigrateFailed":false,"zwaveOffline":false}}}
e2e (run)	Pre-run hub status probe	2026-09-13T05:39:58.6273039Z 
e2e (run)	Pre-run hub status probe	2026-09-13T05:39:58.6289030Z === hub_get_memory_history via watchdog (last 60 entries) ===
e2e (run)	Pre-run hub status probe	2026-09-13T05:39:58.9379700Z {"entries":[{"timestamp":"09-12 18:40:31","freeMemoryKB":239124,"cpuLoad5min":"0.88","totalJavaKB":331392,"freeJavaKB":150084,"directJavaKB":2300},{"timestamp":"09-12 18:45:31","freeMemoryKB":234984,"cpuLoad5min":"0.83","totalJavaKB":331392,"freeJavaKB":115881,"directJavaKB":2348},{"timestamp":"09-12 18:50:34","freeMemoryKB":250408,"cpuLoad5min":"0.88","totalJavaKB":331392,"freeJavaKB":186851,"directJavaKB":2430},{"timestamp":"09-12 18:55:34","freeMemoryKB":240320,"cpuLoad5min":"1.13","totalJavaKB":331392,"freeJavaKB":150497,"directJavaKB":2429},{"timestamp":"09-12 19:00:34","freeMemoryKB":235848,"cpuLoad5min":"0.95","totalJavaKB":331392,"freeJavaKB":75260,"directJavaKB":2462},{"timestamp":"09-12 19:05:38","freeMemoryKB":247728,"cpuLoad5min":"0.51","totalJavaKB":331392,"freeJavaKB":200426,"directJavaKB":2593},{"timestamp":"09-12 19:10:38","freeMemoryKB":206460,"cpuLoad5min":"1.11","totalJavaKB":331392,"freeJavaKB":91190,"directJavaKB":2636},{"timestamp":"09-12 19:15:38","freeMemoryKB":207772,"cpuLoad5min":"0.42","totalJavaKB":331392,"freeJavaKB":85288,"directJavaKB":2692},{"timestamp":"09-12 19:20:42","freeMemoryKB":241008,"cpuLoad5min":"0.04","totalJavaKB":331392,"freeJavaKB":201004,"directJavaKB":2556},{"timestamp":"09-12 19:25:42","freeMemoryKB":200340,"cpuLoad5min":"0.81","totalJavaKB":331392,"freeJavaKB":24486,"directJavaKB":2656},{"timestamp":"09-12 19:30:42","freeMemoryKB":195928,"cpuLoad5min":"0.75","totalJavaKB":331392,"freeJavaKB":157144,"directJavaKB":2664},{"timestamp":"09-12 19:35:45","freeMemoryKB":228708,"cpuLoad5min":"0.96","totalJavaKB":331392,"freeJavaKB":191297,"directJavaKB":2728},{"timestamp":"09-12 19:40:46","freeMemoryKB":218528,"cpuLoad5min":"0.98","totalJavaKB":331392,"freeJavaKB":159977,"directJavaKB":2772},{"timestamp":"09-12 19:45:46","freeMemoryKB":217676,"cpuLoad5min":"1.12","totalJavaKB":331392,"freeJavaKB":127416,"directJavaKB":2771},{"timestamp":"09-12 19:50:49","freeMemoryKB":228700,"cpuLoad5min":"1.06","totalJavaKB":331392,"freeJavaKB":181776,"directJavaKB":2817},{"timestamp":"09-12 19:55:49","freeMemoryKB":210664,"cpuLoad5min":"0.86","totalJavaKB":331392,"freeJavaKB":161734,"directJavaKB":2850},{"timestamp":"09-12 20:00:50","freeMemoryKB":184024,"cpuLoad5min":"1","totalJavaKB":331392,"freeJavaKB":82406,"directJavaKB":2841},{"timestamp":"09-12 20:05:53","freeMemoryKB":218916,"cpuLoad5min":"0.35","totalJavaKB":331392,"freeJavaKB":208678,"directJavaKB":2890},{"timestamp":"09-12 20:10:53","freeMemoryKB":221736,"cpuLoad5min":"0.06","totalJavaKB":331392,"freeJavaKB":198787,"directJavaKB":2775},{"timestamp":"09-12 20:15:53","freeMemoryKB":221424,"cpuLoad5min":"0.05","totalJavaKB":331392,"freeJavaKB":206232,"directJavaKB":2775},{"timestamp":"09-12 20:20:56","freeMemoryKB":226444,"cpuLoad5min":"0.03","totalJavaKB":331392,"freeJavaKB":211800,"directJavaKB":2775},{"timestamp":"09-12 20:25:56","freeMemoryKB":222928,"cpuLoad5min":"0.02","totalJavaKB":331392,"freeJavaKB":201852,"directJavaKB":2775},{"timestamp":"09-12 20:30:56","freeMemoryKB":225360,"cpuLoad5min":"0","totalJavaKB":331392,"freeJavaKB":207615,"directJavaKB":2779},{"timestamp":"09-12 20:35:59","freeMemoryKB":227712,"cpuLoad5min":"0.08","totalJavaKB":331392,"freeJavaKB":210958,"directJavaKB":2779},{"timestamp":"09-12 20:40:59","freeMemoryKB":224360,"cpuLoad5min":"0.13","totalJavaKB":331392,"freeJavaKB":199321,"directJavaKB":2779},{"timestamp":"09-12 20:46:00","freeMemoryKB":223564,"cpuLoad5min":"0.04","totalJavaKB":331392,"freeJavaKB":206520,"directJavaKB":2779},{"timestamp":"09-12 20:51:03","freeMemoryKB":224940,"cpuLoad5min":"0.09","totalJavaKB":331392,"freeJavaKB":176559,"directJavaKB":2809},{"timestamp":"09-12 20:56:03","freeMemoryKB":187316,"cpuLoad5min":"0.95","totalJavaKB":331392,"freeJavaKB":78199,"directJavaKB":2802},{"timestamp":"09-12 21:01:03","freeMemoryKB":176072,"cpuLoad5min":"0.76","totalJavaKB":331392,"freeJavaKB":48336,"directJavaKB":2814},{"timestamp":"09-12 21:06:07","freeMemoryKB":211756,"cpuLoad5min":"0.77","totalJavaKB":331392,"freeJavaKB":201695,"directJavaKB":2821},{"timestamp":"09-12 21:11:07","freeMemoryKB":202504,"cpuLoad5min":"1.05","totalJavaKB":331392,"freeJavaKB":173418,"directJavaKB":2870},{"timestamp":"09-12 21:16:07","freeMemoryKB":199820,"cpuLoad5min":"1.14","totalJavaKB":331392,"freeJavaKB":143781,"directJavaKB":2876},{"timestamp":"09-12 21:21:10","freeMemoryKB":210632,"cpuLoad5min":"0.84","totalJavaKB":331392,"freeJavaKB":182141,"directJavaKB":2884},{"timestamp":"09-12 21:26:10","freeMemoryKB":199172,"cpuLoad5min":"0.55","totalJavaKB":331392,"freeJavaKB":118084,"directJavaKB":2895},{"timestamp":"09-12 21:31:11","freeMemoryKB":173700,"cpuLoad5min":"1.12","totalJavaKB":331392,"freeJavaKB":85171,"directJavaKB":2881},{"timestamp":"09-12 21:36:14","freeMemoryKB":212752,"cpuLoad5min":"0.13","totalJavaKB":331392,"freeJavaKB":219161,"directJavaKB":2798},{"timestamp":"09-12 21:41:14","freeMemoryKB":208764,"cpuLoad5min":"0.05","totalJavaKB":331392,"freeJavaKB":207999,"directJavaKB":2798},{"timestamp":"09-12 21:46:14","freeMemoryKB":207624,"cpuLoad5min":"0.01","totalJavaKB":331392,"freeJavaKB":213584,"directJavaKB":2798},{"timestamp":"09-12 21:51:18","freeMemoryKB":212208,"cpuLoad5min":"0.05","totalJavaKB":331392,"freeJavaKB":218430,"directJavaKB":2798},{"timestamp":"09-12 21:56:18","freeMemoryKB":205264,"cpuLoad5min":"0.12","totalJavaKB":331392,"freeJavaKB":196417,"directJavaKB":2818},{"timestamp":"09-12 22:01:18","freeMemoryKB":165068,"cpuLoad5min":"0.83","totalJavaKB":331392,"freeJavaKB":185295,"directJavaKB":2860},{"timestamp":"09-12 22:06:21","freeMemoryKB":198268,"cpuLoad5min":"0.76","totalJavaKB":331392,"freeJavaKB":192445,"directJavaKB":2862},{"timestamp":"09-12 22:11:21","freeMemoryKB":182284,"cpuLoad5min":"0.81","totalJavaKB":331392,"freeJavaKB":144767,"directJavaKB":2963},{"timestamp":"09-12 22:16:21","freeMemoryKB":183980,"cpuLoad5min":"0.89","totalJavaKB":331392,"freeJavaKB":116100,"directJavaKB":2993},{"timestamp":"09-12 22:21:25","freeMemoryKB":195344,"cpuLoad5min":"1.09","totalJavaKB":331392,"freeJavaKB":193705,"directJavaKB":2992},{"timestamp":"09-12 22:26:25","freeMemoryKB":184408,"cpuLoad5min":"0.97","totalJavaKB":331392,"freeJavaKB":116476,"directJavaKB":3002},{"timestamp":"09-12 22:31:25","freeMemoryKB":174996,"cpuLoad5min":"0.69","totalJavaKB":331392,"freeJavaKB":167180,"directJavaKB":3005},{"timestamp":"09-12 22:36:30","freeMemoryKB":185656,"cpuLoad5min":"1.24","totalJavaKB":331392,"freeJavaKB":154359,"directJavaKB":3046},{"timestamp":"09-12 22:41:30","freeMemoryKB":149000,"cpuLoad5min":"0.71","totalJavaKB":331392,"freeJavaKB":76989,"directJavaKB":3033},{"timestamp":"09-12 22:46:30","freeMemoryKB":155748,"cpuLoad5min":"0.13","totalJavaKB":331392,"freeJavaKB":80487,"directJavaKB":2910},{"timestamp":"09-12 22:51:34","freeMemoryKB":190728,"cpuLoad5min":"0.09","totalJavaKB":331392,"freeJavaKB":206415,"directJavaKB":2910},{"timestamp":"09-12 22:56:34","freeMemoryKB":186868,"cpuLoad5min":"0.04","totalJavaKB":331392,"freeJavaKB":193288,"directJavaKB":2910},{"timestamp":"09-12 23:01:34","freeMemoryKB":185372,"cpuLoad5min":"0.07","totalJavaKB":331392,"freeJavaKB":191820,"directJavaKB":2912},{"timestamp":"09-12 23:06:37","freeMemoryKB":189592,"cpuLoad5min":"0.07","totalJavaKB":331392,"freeJavaKB":220909,"directJavaKB":2914},{"timestamp":"09-12 23:11:37","freeMemoryKB":163064,"cpuLoad5min":"0.57","totalJavaKB":331392,"freeJavaKB":34458,"directJavaKB":2942},{"timestamp":"09-12 23:16:37","freeMemoryKB":144108,"cpuLoad5min":"0.83","totalJavaKB":331392,"freeJavaKB":84814,"directJavaKB":2948},{"timestamp":"09-12 23:21:41","freeMemoryKB":177216,"cpuLoad5min":"0.85","totalJavaKB":331392,"freeJavaKB":180085,"directJavaKB":2943},{"timestamp":"09-12 23:26:41","freeMemoryKB":168872,"cpuLoad5min":"0.96","totalJavaKB":331392,"freeJavaKB":146417,"directJavaKB":2972},{"timestamp":"09-12 23:31:41","freeMemoryKB":170880,"cpuLoad5min":"1.03","totalJavaKB":331392,"freeJavaKB":116491,"directJavaKB":2984},{"timestamp":"09-12 23:36:47","freeMemoryKB":167008,"cpuLoad5min":"1.29","totalJavaKB":331392,"freeJavaKB":128068,"directJavaKB":3057}],"summary":{"totalEntries":283,"currentMemoryKB":167008,"minMemoryKB":144108,"maxMemoryKB":250408}}
e2e (run)	Pre-run hub status probe	2026-09-13T05:39:58.9406786Z 
e2e (run)	Pre-run hub status probe	2026-09-13T05:39:58.9407034Z === hub system logs via watchdog: ERRORS (newest 60) ===
e2e (run)	Pre-run hub status probe	2026-09-13T05:40:00.9617518Z {"logs":[{"name":"2026-09-12 23:39:14.659","level":"ERROR","message":"app|38|MCP Rule Server|[MCP1] {\"appId\":\"38\",\"generation\":\"e43944a0-3f2c-4d0c-a182-9c2df7551883\",\"id\":\"8d38596e-77cb-4809-bab7-b8f510bfa8c6\",\"entry\":{\"component\":\"server\",\"details\":{\"failureKind\":\"tool_failed\",\"gateway\":\"hub_manage_rule_machine\",\"tool\":\"hub_delete_visual_rule\"},\"level\":\"error\",\"message\":\"Tool hub_delete_visual_rule returned a failure result\",\"timestamp\":1789277954658}}","time":"","type":""},{"name":"2026-09-12 23:39:13.995","level":"ERROR","message":"app|38|MCP Rule Server|[MCP1] {\"appId\":\"38\",\"generation\":\"e43944a0-3f2c-4d0c-a182-9c2df7551883\",\"id\":\"58ef1eab-b0f6-4830-8b59-301b1f917b71\",\"entry\":{\"component\":\"server\",\"details\":{\"failureKind\":\"tool_failed\",\"gateway\":\"hub_manage_rule_machine\",\"tool\":\"hub_set_visual_rule\"},\"level\":\"error\",\"message\":\"Tool hub_set_visual_rule returned a failure result\",\"timestamp\":1789277953994}}","time":"","type":""},{"name":"2026-09-12 23:39:04.833","level":"ERROR","message":"app|38|MCP Rule Server|[MCP1] {\"appId\":\"38\",\"generation\":\"e43944a0-3f2c-4d0c-a182-9c2df7551883\",\"id\":\"7ceae019-5b9f-4b63-8c5d-d2872fe5c6d5\",\"entry\":{\"component\":\"server\",\"details\":{\"error\":\"Definition failed pre-flight validation; nothing was created or saved. Problems: Rule must contain exactly one triggerMerge node. Fix them and retry -- see hub_get_tool_guide(section='visual_rule_reference') for the graph schema, the editor form and the type catalogs.\",\"gateway\":\"hub_manage_rule_machine\",\"tool\":\"hub_set_visual_rule\"},\"level\":\"error\",\"message\":\"Validation error in hub_set_visual_rule: Definition failed pre-flight validation; nothing was created or saved. Problems: Rule must contain exactly one triggerMerge node. Fix them and retry -- see hub_get_tool_guide(section='visual_rule_reference') for the graph schema, the editor form and the type catalogs.\",\"timestamp\":1789277944832}}","time":"","type":""},{"name":"2026-09-12 23:39:03.048","level":"ERROR","message":"app|38|MCP Rule Server|[MCP1] {\"appId\":\"38\",\"generation\":\"e43944a0-3f2c-4d0c-a182-9c2df7551883\",\"id\":\"02df065b-aa9a-4a7c-af30-72c3e67b7160\",\"entry\":{\"component\":\"server\",\"details\":{\"failureKind\":\"tool_failed\",\"gateway\":\"hub_manage_rule_machine\",\"tool\":\"hub_delete_visual_rule\"},\"level\":\"error\",\"message\":\"Tool hub_delete_visual_rule returned a failure result\",\"timestamp\":1789277943047}}","time":"","type":""},{"name":"2026-09-12 23:39:02.278","level":"ERROR","message":"app|38|MCP Rule Server|[MCP1] {\"appId\":\"38\",\"generation\":\"e43944a0-3f2c-4d0c-a182-9c2df7551883\",\"id\":\"6dc6743b-66ec-449e-bee5-0096c4305730\",\"entry\":{\"component\":\"server\",\"details\":{\"failureKind\":\"tool_failed\",\"gateway\":\"hub_read_rules\",\"tool\":\"hub_get_visual_rule\"},\"level\":\"error\",\"message\":\"Tool hub_get_visual_rule returned a failure result\",\"timestamp\":1789277942277}}","time":"","type":""},{"name":"2026-09-12 23:38:56.371","level":"ERROR","message":"app|38|MCP Rule Server|[MCP1] {\"appId\":\"38\",\"generation\":\"e43944a0-3f2c-4d0c-a182-9c2df7551883\",\"id\":\"18a39baa-0a35-4f0c-8a70-1fcc822d63c2\",\"entry\":{\"component\":\"server\",\"details\":{\"failureKind\":\"tool_failed\",\"gateway\":\"hub_manage_native_rules_and_apps\",\"tool\":\"hub_set_native_app\"},\"level\":\"error\",\"message\":\"Tool hub_set_native_app returned a failure result\",\"timestamp\":1789277936369}}","time":"","type":""},{"name":"2026-09-12 23:38:55.978","level":"ERROR","message":"app|38|MCP Rule Server|[MCP1] {\"appId\":\"38\",\"generation\":\"e43944a0-3f2c-4d0c-a182-9c2df7551883\",\"id\":\"6d9ee735-a823-4857-9cbc-ed79984c4448\",\"entry\":{\"component\":\"mrtr\",\"level\":\"error\",\"message\":\"Detached write worker failed for hub_set_native_app: Visual Rules Builder rules are Vue-JSON apps, not classic dynamicPage apps -- use hub_set_visual_rule (hub_manage_rule_machine gateway) instead.\",\"timestamp\":1789277935977}}","time":"","type":""},{"name":"2026-09-12 23:38:52.696","level":"ERROR","message":"app|38|MCP Rule Server|[MCP1] {\"appId\":\"38\",\"generation\":\"e43944a0-3f2c-4d0c-a182-9c2df7551883\",\"id\":\"61df8d04-9043-4fce-9525-d311580af0ce\",\"entry\":{\"component\":\"server\",\"details\":{\"error\":\"Missing required parameter for hub_set_visual_rule: confirm. All parameters:\\n  appId (integer, optional) \\u2014 Existing Visual Rule app id to edit. Omit to create.\\n  name (string, optional) \\u2014 Rule name. Required on create; renames on edit.\\n  definition (object, optional) \\u2014 Full rule definition (wholesale replacement). RECOMMENDED shape: the editor form {triggers, conditions, decisionType, thenActions, elseActions, commonActions}. A raw 2.0 graph ({version, nodes, edges}) and a classic 1.0 node-list ({whenNodes, thenNodes, elseNodes}) are also accepted. On CREATE the shape picks the builder version: classic makes a Visual Rule Builder 1.0 rule, editor/graph a 2.0 one. On EDIT a 2.0 rule takes any of the three (a classic node-list is translated and the response says translatedFrom); a 1.0 rule takes classic only. Field schemas: hub_get_tool_guide(section='visual_rule_reference').\\n  paused (boolean, optional) \\u2014 true=pause, false=resume. May be sent alone with appId.\\n  confirm (boolean, REQUIRED) \\u2014 REQUIRED: must be true (recent backup + user approval).\",\"gateway\":\"hub_manage_rule_machine\",\"tool\":\"hub_set_visual_rule\"},\"level\":\"error\",\"message\":\"Validation error in hub_set_visual_rule: Missing required parameter for hub_set_visual_rule: confirm. All parameters:\\n  appId (integer, optional) \\u2014 Existing Visual Rule app id to edit. Omit to create.\\n  name (string, optional) \\u2014 Rule name. Required on create; renames on edit.\\n  definition (object, optional) \\u2014 Full rule definition (wholesale replacement). RECOMMENDED shape: the editor form {triggers, conditions, decisionType, thenActions, elseActions, commonActions}. A raw 2.0 graph ({version, nodes, edges}) and a classic 1.0 node-list ({whenNodes, thenNodes, elseNodes}) are also accepted. On CREATE the shape picks the builder version: classic makes a Visual Rule Builder 1.0 rule, editor/graph a 2.0 one. On EDIT a 2.0 rule takes any of the three (a classic node-list is translated and the response says translatedFrom); a 1.0 rule takes classic only. Field schemas: hub_get_tool_guide(section='visual_rule_reference').\\n  paused (boolean, optional) \\u2014 true=pause, false=resume. May be sent alone with appId.\\n  confirm (boolean, REQUIRED) \\u2014 REQUIRED: must be true (recent backup + user approval).\",\"timestamp\":1789277932692}}","time":"","type":""},{"name":"2026-09-12 23:38:51.949","level":"ERROR","message":"app|38|MCP Rule Server|[MCP1] {\"appId\":\"38\",\"generation\":\"e43944a0-3f2c-4d0c-a182-9c2df7551883\",\"id\":\"6bf6ecf9-f505-4900-b290-41f3bd0e102b\",\"entry\":{\"component\":\"server\",\"details\":{\"failureKind\":\"tool_failed\",\"gateway\":\"hub_read_rules\",\"tool\":\"hub_get_visual_rule\"},\"level\":\"error\",\"message\":\"Tool hub_get_visual_rule returned a failure result\",\"timestamp\":1789277931948}}","time":"","type":""},{"name":"2026-09-12 23:38:51.348","level":"ERROR","message":"app|38|MCP Rule Server|[MCP1] {\"appId\":\"38\",\"generation\":\"e43944a0-3f2c-4d0c-a182-9c2df7551883\",\"id\":\"f10c9f33-176f-455a-a58d-d5844c9bc10a\",\"entry\":{\"component\":\"server\",\"details\":{\"failureKind\":\"tool_failed\",\"gateway\":\"hub_read_rules\",\"tool\":\"hub_get_visual_rule\"},\"level\":\"error\",\"message\":\"Tool hub_get_visual_rule returned a failure result\",\"timestamp\":1789277931345}}","time":"","type":""},{"name":"2026-09-12 23:38:47.792","level":"ERROR","message":"app|38|MCP Rule Server|[MCP1] {\"appId\":\"38\",\"generation\":\"e43944a0-3f2c-4d0c-a182-9c2df7551883\",\"id\":\"bec881bb-b751-4ba0-a03a-dd3a29ee186f\",\"entry\":{\"component\":\"server\",\"details\":{\"failureKind\":\"tool_failed\",\"gateway\":\"hub_read_rules\",\"tool\":\"hub_get_visual_rule\"},\"level\":\"error\",\"message\":\"Tool hub_get_visual_rule returned a failure result\",\"timestamp\":1789277927785}}","time":"","type":""},{"name":"2026-09-12 23:36:53.069","level":"ERROR","message":"app|38|MCP Rule Server|[MCP1] {\"appId\":\"38\",\"generation\":\"e43944a0-3f2c-4d0c-a182-9c2df7551883\",\"id\":\"afbdae3f-e657-40e6-b5ae-75c362a63f2c\",\"entry\":{\"component\":\"server\",\"details\":{\"error\":\"Unknown classic key(s): thenNodez. A classic definition takes only whenNodes, thenNodes, elseNodes (the keys a hub_get_visual_rule read adds around them are ignored).\",\"gateway\":\"hub_manage_rule_machine\",\"tool\":\"hub_set_visual_rule\"},\"level\":\"error\",\"message\":\"Validation error in hub_set_visual_rule: Unknown classic key(s): thenNodez. A classic definition takes only whenNodes, thenNodes, elseNodes (the keys a hub_get_visual_rule read adds around them are ignored).\",\"timestamp\":1789277813066}}","time":"","type":""},{"name":"2026-09-12 23:36:50.472","level":"ERROR","message":"app|38|MCP Rule Server|[MCP1] {\"appId\":\"38\",\"generation\":\"e43944a0-3f2c-4d0c-a182-9c2df7551883\",\"id\":\"e6b4f8bb-6dff-49e1-9a6f-a9dea45a0f6e\",\"entry\":{\"component\":\"server\",\"details\":{\"failureKind\":\"tool_failed\",\"gateway\":\"hub_manage_rule_machine\",\"tool\":\"hub_set_visual_rule\"},\"level\":\"error\",\"message\":\"Tool hub_set_visual_rule returned a failure result\",\"timestamp\":1789277810470}}","time":"","type":""},{"name":"2026-09-12 23:36:33.325","level":"ERROR","message":"app|38|MCP Rule Server|[MCP1] {\"appId\":\"38\",\"generation\":\"e43944a0-3f2c-4d0c-a182-9c2df7551883\",\"id\":\"8cf8be56-168e-4f11-b14d-0a10575c87de\",\"entry\":{\"component\":\"server\",\"details\":{\"failureKind\":\"tool_failed\",\"gateway\":\"hub_manage_rule_machine\",\"tool\":\"hub_delete_visual_rule\"},\"level\":\"error\",\"message\":\"Tool hub_delete_visual_rule returned a failure result\",\"timestamp\":1789277793323}}","time":"","type":""},{"name":"2026-09-12 23:36:32.513","level":"ERROR","message":"app|38|MCP Rule Server|[MCP1] {\"appId\":\"38\",\"generation\":\"e43944a0-3f2c-4d0c-a182-9c2df7551883\",\"id\":\"f19c8681-3395-463c-acb5-30bd8cd88d9f\",\"entry\":{\"component\":\"server\",\"details\":{\"error\":\"Unknown classic key(s): thenNodez. A classic definition takes only whenNodes, thenNodes, elseNodes (the keys a hub_get_visual_rule read adds around them are ignored).\",\"gateway\":\"hub_manage_rule_machine\",\"tool\":\"hub_set_visual_rule\"},\"level\":\"error\",\"message\":\"Validation error in hub_set_visual_rule: Unknown classic key(s): thenNodez. A classic definition takes only whenNodes, thenNodes, elseNodes (the keys a hub_get_visual_rule read adds around them are ignored).\",\"timestamp\":1789277792506}}","time":"","type":""},{"name":"2026-09-12 23:34:42.575","level":"ERROR","message":"app|38|MCP Rule Server|[MCP1] {\"appId\":\"38\",\"generation\":\"e43944a0-3f2c-4d0c-a182-9c2df7551883\",\"id\":\"445b7d41-9ea4-4d93-b2b3-3b1935e2e28b\",\"entry\":{\"component\":\"server\",\"details\":{\"failureKind\":\"tool_failed\",\"gateway\":\"hub_manage_rule_machine\",\"tool\":\"hub_set_visual_rule\"},\"level\":\"error\",\"message\":\"Tool hub_set_visual_rule returned a failure result\",\"timestamp\":1789277682574}}","time":"","type":""},{"name":"2026-09-12 23:34:31.025","level":"ERROR","message":"app|38|MCP Rule Server|[MCP1] {\"appId\":\"38\",\"generation\":\"e43944a0-3f2c-4d0c-a182-9c2df7551883\",\"id\":\"05e44e6d-e559-497a-9a63-310e7fded4a7\",\"entry\":{\"component\":\"server\",\"details\":{\"failureKind\":\"tool_failed\",\"gateway\":\"hub_read_apps_code\",\"tool\":\"hub_get_app_config\"},\"level\":\"error\",\"message\":\"Tool hub_get_app_config returned a failure result\",\"timestamp\":1789277671024}}","time":"","type":""},{"name":"2026-09-12 23:32:18.281","level":"ERROR","message":"app|38|MCP Rule Server|[MCP1] {\"appId\":\"38\",\"generation\":\"e43944a0-3f2c-4d0c-a182-9c2df7551883\",\"id\":\"d2e9bd92-4dc9-4eae-9c16-7c4131e9c487\",\"entry\":{\"component\":\"server\",\"details\":{\"failureKind\":\"tool_failed\",\"gateway\":\"hub_manage_rule_machine\",\"tool\":\"hub_set_rule\"},\"level\":\"error\",\"message\":\"Tool hub_set_rule returned a failure result\",\"timestamp\":1789277538280}}","time":"","type":""},{"name":"2026-09-12 23:32:17.886","level":"ERROR","message":"app|38|MCP Rule Server|[MCP1] {\"appId\":\"38\",\"generation\":\"e43944a0-3f2c-4d0c-a182-9c2df7551883\",\"id\":\"97827b29-3131-4d25-adac-e7bf01ff096e\",\"entry\":{\"component\":\"rm-native\",\"level\":\"error\",\"message\":\"addRequiredExpression failed for app 40018\",\"stackTrace\":\"java.lang.IllegalArgumentException: conditions[0]: compareToDevice (device-relative RHS) cannot be combined with 'state'/'value' (literal RHS) -- mutually exclusive; use compareToDevice.offset for an offset.\",\"timestamp\":1789277537885}}","time":"","type":""},{"name":"2026-09-12 23:31:47.540","level":"ERROR","message":"app|38|MCP Rule Server|[MCP1] {\"appId\":\"38\",\"generation\":\"e43944a0-3f2c-4d0c-a182-9c2df7551883\",\"id\":\"7a95d834-5e31-4129-8cc5-4e9146ec58f6\",\"entry\":{\"component\":\"server\",\"details\":{\"failureKind\":\"tool_failed\",\"gateway\":\"hub_manage_rule_machine\",\"tool\":\"hub_set_rule\"},\"level\":\"error\",\"message\":\"Tool hub_set_rule returned a failure result\",\"timestamp\":1789277507539}}","time":"","type":""},{"name":"2026-09-12 23:30:25.422","level":"ERROR","message":"app|38|MCP Rule Server|[MCP1] {\"appId\":\"38\",\"generation\":\"e43944a0-3f2c-4d0c-a182-9c2df7551883\",\"id\":\"f8bbbac2-5091-404f-8464-b61474190a80\",\"entry\":{\"component\":\"server\",\"details\":{\"failureKind\":\"tool_failed\",\"gateway\":\"hub_manage_rule_machine\",\"tool\":\"hub_set_rule\"},\"level\":\"error\",\"message\":\"Tool hub_set_rule returned a failure result\",\"timestamp\":1789277425421}}","time":"","type":""},{"name":"2026-09-12 23:29:54.371","level":"ERROR","message":"app|38|MCP Rule Server|[MCP1] {\"appId\":\"38\",\"generation\":\"e43944a0-3f2c-4d0c-a182-9c2df7551883\",\"id\":\"0ba9af32-e043-4f37-8c6d-b76b6c0af12a\",\"entry\":{\"component\":\"server\",\"details\":{\"error\":\"requestState does not match this tool and its original arguments\",\"gateway\":\"hub_manage_rule_machine\",\"tool\":\"hub_set_rule\"},\"level\":\"error\",\"message\":\"Validation error in hub_set_rule: requestState does not match this tool and its original arguments\",\"timestamp\":1789277394370}}","time":"","type":""},{"name":"2026-09-12 23:29:53.801","level":"ERROR","message":"app|38|MCP Rule Server|[MCP1] {\"appId\":\"38\",\"generation\":\"e43944a0-3f2c-4d0c-a182-9c2df7551883\",\"id\":\"a255eeeb-53e2-446c-ac65-430a260257d8\",\"entry\":{\"component\":\"server\",\"details\":{\"error\":\"requestState does not match this tool and its original arguments\",\"gateway\":\"hub_manage_rule_machine\",\"tool\":\"hub_set_rule\"},\"level\":\"error\",\"message\":\"Validation error in hub_set_rule: requestState does not match this tool and its original arguments\",\"timestamp\":1789277393800}}","time":"","type":""},{"name":"2026-09-12 23:29:53.228","level":"ERROR","message":"app|38|MCP Rule Server|[MCP1] {\"appId\":\"38\",\"generation\":\"e43944a0-3f2c-4d0c-a182-9c2df7551883\",\"id\":\"96bc6e12-ba5c-465a-a3f3-93b243b474be\",\"entry\":{\"component\":\"server\",\"details\":{\"error\":\"requestState does not match this tool and its original arguments\",\"gateway\":\"hub_manage_rule_machine\",\"tool\":\"hub_set_rule\"},\"level\":\"error\",\"message\":\"Validation error in hub_set_rule: requestState does not match this tool and its original arguments\",\"timestamp\":1789277393227}}","time":"","type":""},{"name":"2026-09-12 23:27:52.397","level":"ERROR","message":"app|38|MCP Rule Server|[MCP1] {\"appId\":\"38\",\"generation\":\"e43944a0-3f2c-4d0c-a182-9c2df7551883\",\"id\":\"f6254e0c-657e-4182-acb0-ab938fd0f351\",\"entry\":{\"component\":\"server\",\"details\":{\"failureKind\":\"tool_failed\",\"gateway\":\"hub_manage_rule_machine\",\"tool\":\"hub_set_rule\"},\"level\":\"error\",\"message\":\"Tool hub_set_rule returned a failure result\",\"timestamp\":1789277272396}}","time":"","type":""},{"name":"2026-09-12 23:27:52.249","level":"ERROR","message":"app|38|MCP Rule Server|[MCP1] {\"appId\":\"38\",\"generation\":\"e43944a0-3f2c-4d0c-a182-9c2df7551883\",\"id\":\"23500580-ecb3-42e9-894b-7c08d7890053\",\"entry\":{\"component\":\"rm-native\",\"level\":\"error\",\"message\":\"trigger mutation failed for app 39999\",\"stackTrace\":\"java.lang.IllegalArgumentException: modifyTrigger.mods.state:'changed' looks like a state-change comparator token, but modifyTrigger only edits a device-state trigger's value and cannot set a comparator. For a state-change trigger use removeTrigger then addTrigger with comparator:'*changed*' (or '*became*'/'*increased*'/'*decreased*'). RM is not touched.\",\"timestamp\":1789277272248}}","time":"","type":""},{"name":"2026-09-12 23:27:29.255","level":"ERROR","message":"app|38|MCP Rule Server|[MCP1] {\"appId\":\"38\",\"generation\":\"e43944a0-3f2c-4d0c-a182-9c2df7551883\",\"id\":\"7f41ae95-742c-4844-9efd-933fd289c1ac\",\"entry\":{\"component\":\"server\",\"details\":{\"failureKind\":\"tool_failed\",\"gateway\":\"hub_manage_rule_machine\",\"tool\":\"hub_set_rule\"},\"level\":\"error\",\"message\":\"Tool hub_set_rule returned a failure result\",\"timestamp\":1789277249254}}","time":"","type":""},{"name":"2026-09-12 23:27:28.592","level":"ERROR","message":"app|38|MCP Rule Server|[MCP1] {\"appId\":\"38\",\"generation\":\"e43944a0-3f2c-4d0c-a182-9c2df7551883\",\"id\":\"32061278-9df6-4a61-8738-45f862e19f55\",\"entry\":{\"component\":\"rm-native\",\"level\":\"error\",\"message\":\"action mutation failed for app 39998: removeAction(5) blocked: action 5 is a structural END-IF; removing it would introduce a new structural-balance issue (action 1 (IF) opened a block that was never closed \\u2014 rule is missing an END-IF). Remove the matching opener/closer first, or use replaceActions to rebuild the action list atomically. RM is not touched.\",\"timestamp\":1789277248591}}","time":"","type":""},{"name":"2026-09-12 23:25:34.629","level":"ERROR","message":"app|38|MCP Rule Server|[MCP1] {\"appId\":\"38\",\"generation\":\"e43944a0-3f2c-4d0c-a182-9c2df7551883\",\"id\":\"d4c6b1d2-2669-42a2-8400-f9081832fa53\",\"entry\":{\"component\":\"server\",\"details\":{\"failureKind\":\"tool_failed\",\"gateway\":\"hub_manage_rule_machine\",\"tool\":\"hub_set_rule\"},\"level\":\"error\",\"message\":\"Tool hub_set_rule returned a failure result\",\"timestamp\":1789277134628}}","time":"","type":""},{"name":"2026-09-12 23:25:33.909","level":"ERROR","message":"app|38|MCP Rule Server|[MCP1] {\"appId\":\"38\",\"generation\":\"e43944a0-3f2c-4d0c-a182-9c2df7551883\",\"id\":\"0d54d1e8-ecc0-4924-b42a-e562750319f4\",\"entry\":{\"component\":\"rm-native\",\"level\":\"error\",\"message\":\"walkStep drive: step 2 (bogus_op) threw for app 39989\",\"stackTrace\":\"java.lang.IllegalArgumentException: walkStep.operation must be 'introspect', 'write', 'click', 'navigate', or 'done'; got 'bogus_op'\",\"timestamp\":1789277133908}}","time":"","type":""},{"name":"2026-09-12 23:24:59.407","level":"ERROR","message":"app|39987|BAT_E2E_BtnDev: button 1 pushed <span style='color:red'>(Not Installed)</span>|Cannot find page 'mainPage' for app 39987 (BAT_E2E_BtnDev: button 1 pushed <span style='color:red'>(Not Installed)</span>)","time":"","type":""},{"name":"2026-09-12 23:24:29.582","level":"ERROR","message":"app|38|MCP Rule Server|[MCP1] {\"appId\":\"38\",\"generation\":\"e43944a0-3f2c-4d0c-a182-9c2df7551883\",\"id\":\"8bcde256-5cb4-45ca-864d-d291d2cf8628\",\"entry\":{\"component\":\"server\",\"details\":{\"failureKind\":\"tool_failed\",\"gateway\":\"hub_read_apps_code\",\"tool\":\"hub_get_app_config\"},\"level\":\"error\",\"message\":\"Tool hub_get_app_config returned a failure result\",\"timestamp\":1789277069581}}","time":"","type":""},{"name":"2026-09-12 23:23:54.433","level":"ERROR","message":"app|38|MCP Rule Server|[MCP1] {\"appId\":\"38\",\"generation\":\"e43944a0-3f2c-4d0c-a182-9c2df7551883\",\"id\":\"abf278cd-f930-4d6e-ab00-27fbc4383962\",\"entry\":{\"component\":\"server\",\"details\":{\"failureKind\":\"tool_failed\",\"gateway\":\"hub_manage_rule_machine\",\"tool\":\"hub_set_rule\"},\"level\":\"error\",\"message\":\"Tool hub_set_rule returned a failure result\",\"timestamp\":1789277034432}}","time":"","type":""},{"name":"2026-09-12 23:22:27.109","level":"ERROR","message":"app|38|MCP Rule Server|[MCP1] {\"appId\":\"38\",\"generation\":\"e43944a0-3f2c-4d0c-a182-9c2df7551883\",\"id\":\"8afe85ee-4046-412a-a31d-39f7d96d78ae\",\"entry\":{\"component\":\"server\",\"details\":{\"failureKind\":\"tool_failed\",\"gateway\":\"hub_manage_rule_machine\",\"tool\":\"hub_set_rule\"},\"level\":\"error\",\"message\":\"Tool hub_set_rule returned a failure result\",\"timestamp\":1789276947108}}","time":"","type":""},{"name":"2026-09-12 23:22:26.882","level":"ERROR","message":"app|38|MCP Rule Server|[MCP1] {\"appId\":\"38\",\"generation\":\"e43944a0-3f2c-4d0c-a182-9c2df7551883\",\"id\":\"1e420f15-f388-4ff3-8c00-e8686f84a498\",\"entry\":{\"component\":\"mrtr\",\"level\":\"error\",\"message\":\"Detached write worker failed for hub_set_rule: hub_set_rule / hub_set_native_app received multiple operations in one call (addAction, addLocalVariable, settings). Multi-op calls are refused: depending on the combination the extras would either be silently dropped or run in a fixed internal order you did not choose. Use patches:[...] for an ordered atomic edit, or issue one call per operation. See hub_get_tool_guide(section='set_rule_reference').\",\"timestamp\":1789276946881}}","time":"","type":""},{"name":"2026-09-12 23:22:25.142","level":"ERROR","message":"app|38|MCP Rule Server|[MCP1] {\"appId\":\"38\",\"generation\":\"e43944a0-3f2c-4d0c-a182-9c2df7551883\",\"id\":\"2a02abae-0c35-4ccc-8549-21064d8b4a11\",\"entry\":{\"component\":\"server\",\"details\":{\"failureKind\":\"tool_failed\",\"gateway\":\"hub_manage_rule_machine\",\"tool\":\"hub_set_rule\"},\"level\":\"error\",\"message\":\"Tool hub_set_rule returned a failure result\",\"timestamp\":1789276945141}}","time":"","type":""},{"name":"2026-09-12 23:22:16.803","level":"ERROR","message":"app|38|MCP Rule Server|[MCP1] {\"appId\":\"38\",\"generation\":\"e43944a0-3f2c-4d0c-a182-9c2df7551883\",\"id\":\"275d36c8-c363-429f-ab1c-0a961963823d\",\"entry\":{\"component\":\"server\",\"details\":{\"failureKind\":\"tool_failed\",\"gateway\":\"hub_manage_rule_machine\",\"tool\":\"hub_set_rule\"},\"level\":\"error\",\"message\":\"Tool hub_set_rule returned a failure result\",\"timestamp\":1789276936802}}","time":"","type":""},{"name":"2026-09-12 23:22:02.169","level":"ERROR","message":"app|38|MCP Rule Server|[MCP1] {\"appId\":\"38\",\"generation\":\"e43944a0-3f2c-4d0c-a182-9c2df7551883\",\"id\":\"ed230aba-2835-4230-b663-c7309ddcf02b\",\"entry\":{\"component\":\"server\",\"details\":{\"failureKind\":\"tool_failed\",\"gateway\":\"hub_manage_rule_machine\",\"tool\":\"hub_set_rule\"},\"level\":\"error\",\"message\":\"Tool hub_set_rule returned a failure result\",\"timestamp\":1789276922168}}","time":"","type":""},{"name":"2026-09-12 23:22:00.258","level":"ERROR","message":"app|38|MCP Rule Server|[MCP1] {\"appId\":\"38\",\"generation\":\"e43944a0-3f2c-4d0c-a182-9c2df7551883\",\"id\":\"6d4447f5-5eee-4a29-9db0-1be1a30fdb09\",\"entry\":{\"component\":\"server\",\"details\":{\"failureKind\":\"tool_failed\",\"gateway\":\"hub_manage_rule_machine\",\"tool\":\"hub_set_rule\"},\"level\":\"error\",\"message\":\"Tool hub_set_rule returned a failure result\",\"timestamp\":1789276920257}}","time":"","type":""},{"name":"2026-09-12 23:21:00.802","level":"ERROR","message":"app|38|MCP Rule Server|[MCP1] {\"appId\":\"38\",\"generation\":\"e43944a0-3f2c-4d0c-a182-9c2df7551883\",\"id\":\"22b991d2-199a-4455-9dee-ec0855addcf9\",\"entry\":{\"component\":\"server\",\"details\":{\"error\":\"Rule not found: 39965\",\"gateway\":\"hub_read_rules\",\"tool\":\"hub_get_custom_rule\"},\"level\":\"error\",\"message\":\"Validation error in hub_get_custom_rule: Rule not found: 39965\",\"timestamp\":1789276860801}}","time":"","type":""},{"name":"2026-09-12 23:20:03.736","level":"ERROR","message":"app|38|MCP Rule Server|[MCP1] {\"appId\":\"38\",\"generation\":\"e43944a0-3f2c-4d0c-a182-9c2df7551883\",\"id\":\"3894a90a-4cd3-4629-8ffc-a284c3f4bf2a\",\"entry\":{\"component\":\"server\",\"details\":{\"error\":\"cursor and offset are mutually exclusive (got cursor=1, offset=1); pick one\",\"gateway\":\"hub_read_devices\",\"tool\":\"hub_list_devices\"},\"level\":\"error\",\"message\":\"Validation error in hub_list_devices: cursor and offset are mutually exclusive (got cursor=1, offset=1); pick one\",\"timestamp\":1789276803735}}","time":"","type":""},{"name":"2026-09-12 23:19:37.995","level":"ERROR","message":"app|38|MCP Rule Server|[MCP1] {\"appId\":\"38\",\"generation\":\"e43944a0-3f2c-4d0c-a182-9c2df7551883\",\"id\":\"54fa573b-fff7-44fc-a066-61d3ba33ee78\",\"entry\":{\"component\":\"server\",\"details\":{\"error\":\"waitFor.stableForMs (5000) must be less than timeoutMs (5000) -- the condition could never hold long enough to converge\",\"gateway\":\"hub_manage_devices\",\"tool\":\"hub_call_device_command\"},\"level\":\"error\",\"message\":\"Validation error in hub_call_device_command: waitFor.stableForMs (5000) must be less than timeoutMs (5000) -- the condition could never hold long enough to converge\",\"timestamp\":1789276777994}}","time":"","type":""},{"name":"2026-09-12 23:19:35.200","level":"ERROR","message":"app|38|MCP Rule Server|[MCP1] {\"appId\":\"38\",\"generation\":\"e43944a0-3f2c-4d0c-a182-9c2df7551883\",\"id\":\"b97965cc-5a00-49cf-8fae-5296e43adf65\",\"entry\":{\"component\":\"server\",\"details\":{\"error\":\"comparator 'gt' takes a single numeric threshold via expectedValue, not expectedValues\",\"gateway\":\"hub_read_devices\",\"tool\":\"hub_get_device_attribute\"},\"level\":\"error\",\"message\":\"Validation error in hub_get_device_attribute: comparator 'gt' takes a single numeric threshold via expectedValue, not expectedValues\",\"timestamp\":1789276775199}}","time":"","type":""},{"name":"2026-09-12 23:19:32.706","level":"ERROR","message":"app|38|MCP Rule Server|[MCP1] {\"appId\":\"38\",\"generation\":\"e43944a0-3f2c-4d0c-a182-9c2df7551883\",\"id\":\"062f04d9-20fa-409d-a41e-f17fa0e4e441\",\"entry\":{\"component\":\"server\",\"details\":{\"error\":\"commands[1].deviceId is required and must be a non-empty string (got: null)\",\"gateway\":\"hub_manage_devices\",\"tool\":\"hub_call_device_command\"},\"level\":\"error\",\"message\":\"Validation error in hub_call_device_command: commands[1].deviceId is required and must be a non-empty string (got: null)\",\"timestamp\":1789276772705}}","time":"","type":""},{"name":"2026-09-12 23:19:32.174","level":"ERROR","message":"app|38|MCP Rule Server|[MCP1] {\"appId\":\"38\",\"generation\":\"e43944a0-3f2c-4d0c-a182-9c2df7551883\",\"id\":\"a226ba93-6a33-44dc-b6c0-5d6f9a542010\",\"entry\":{\"component\":\"server\",\"details\":{\"failureKind\":\"tool_failed\",\"gateway\":\"hub_manage_devices\",\"tool\":\"hub_call_device_command\"},\"level\":\"error\",\"message\":\"Tool hub_call_device_command returned a failure result\",\"timestamp\":1789276772173}}","time":"","type":""},{"name":"2026-09-12 23:19:32.164","level":"ERROR","message":"app|38|MCP Rule Server|[MCP1] {\"appId\":\"38\",\"generation\":\"e43944a0-3f2c-4d0c-a182-9c2df7551883\",\"id\":\"a7bf2857-23aa-45ed-8e45-c738eb2e1af0\",\"entry\":{\"component\":\"send-command\",\"level\":\"error\",\"message\":\"batch entry failed for 99999 (on): Device command metadata fetch failed (/device/fullJson/99999)\",\"timestamp\":1789276772163}}","time":"","type":""},{"name":"2026-09-12 23:19:32.160","level":"ERROR","message":"app|38|MCP Rule Server|[MCP1] {\"appId\":\"38\",\"generation\":\"e43944a0-3f2c-4d0c-a182-9c2df7551883\",\"id\":\"983c0586-b6e1-461b-b805-56734de48c12\",\"entry\":{\"component\":\"device\",\"level\":\"error\",\"message\":\"bypass: /device/fullJson/99999 fetch failed (ExecutorHttpResponseException)\",\"timestamp\":1789276772160}}","time":"","type":""},{"name":"2026-09-12 23:19:20.229","level":"ERROR","message":"app|38|MCP Rule Server|[MCP1] {\"appId\":\"38\",\"generation\":\"e43944a0-3f2c-4d0c-a182-9c2df7551883\",\"id\":\"fb17bfab-4e7d-4544-a266-c0971c271a96\",\"entry\":{\"component\":\"server\",\"details\":{\"failureKind\":\"tool_failed\",\"gateway\":\"hub_read_devices\",\"tool\":\"hub_get_device_attribute\"},\"level\":\"error\",\"message\":\"Tool hub_get_device_attribute returned a failure result\",\"timestamp\":1789276760228}}","time":"","type":""},{"name":"2026-09-12 23:18:50.136","level":"ERROR","message":"app|38|MCP Rule Server|[MCP1] {\"appId\":\"38\",\"generation\":\"e43944a0-3f2c-4d0c-a182-9c2df7551883\",\"id\":\"b7232988-a485-4e80-9afe-bef1929c9051\",\"entry\":{\"component\":\"server\",\"details\":{\"error\":\"Missing required parameter for hub_create_device: confirm. All parameters:\\n  deviceTypeId (string, REQUIRED) \\u2014 Driver-type id to instantiate (the 'id' from hub_list_drivers(include='all')).\\n  label (string, optional) \\u2014 Optional display label for the new device.\\n  confirm (boolean, REQUIRED) \\u2014 REQUIRED: must be true to create the device.\",\"gateway\":\"hub_manage_devices\",\"tool\":\"hub_create_device\"},\"level\":\"error\",\"message\":\"Validation error in hub_create_device: Missing required parameter for hub_create_device: confirm. All parameters:\\n  deviceTypeId (string, REQUIRED) \\u2014 Driver-type id to instantiate (the 'id' from hub_list_drivers(include='all')).\\n  label (string, optional) \\u2014 Optional display label for the new device.\\n  confirm (boolean, REQUIRED) \\u2014 REQUIRED: must be true to create the device.\",\"timestamp\":1789276730135}}","time":"","type":""},{"name":"2026-09-12 23:18:25.052","level":"ERROR","message":"app|38|MCP Rule Server|[MCP1] {\"appId\":\"38\",\"generation\":\"e43944a0-3f2c-4d0c-a182-9c2df7551883\",\"id\":\"754cc7da-bd74-45ef-9039-7f18f4e1efbe\",\"entry\":{\"component\":\"server\",\"details\":{\"failureKind\":\"tool_failed\",\"gateway\":\"hub_manage_devices\",\"tool\":\"hub_call_device_command\"},\"level\":\"error\",\"message\":\"Tool hub_call_device_command returned a failure result\",\"timestamp\":1789276705051}}","time":"","type":""},{"name":"2026-09-12 23:18:25.048","level":"ERROR","message":"app|38|MCP Rule Server|[MCP1] {\"appId\":\"38\",\"generation\":\"e43944a0-3f2c-4d0c-a182-9c2df7551883\",\"id\":\"e4496c6a-a370-44a4-a3e1-d1aeb03c3cd4\",\"entry\":{\"component\":\"device\",\"level\":\"error\",\"message\":\"bypass: /device/fullJson/99999 fetch failed (ExecutorHttpResponseException)\",\"timestamp\":1789276705047}}","time":"","type":""},{"name":"2026-09-12 23:15:41.939","level":"ERROR","message":"app|38|MCP Rule Server|[MCP1] {\"appId\":\"38\",\"generation\":\"e43944a0-3f2c-4d0c-a182-9c2df7551883\",\"id\":\"b273d5da-ba2d-4b6c-b814-446d5b2540a2\",\"entry\":{\"component\":\"server\",\"details\":{\"error\":\"Preference 'probeMultiple' cannot use a blank value; omit it to preserve the setting or use {clear:true} to remove an optional setting\",\"gateway\":\"hub_manage_devices\",\"tool\":\"hub_update_device\"},\"level\":\"error\",\"message\":\"Validation error in hub_update_device: Preference 'probeMultiple' cannot use a blank value; omit it to preserve the setting or use {clear:true} to remove an optional setting\",\"timestamp\":1789276541938}}","time":"","type":""},{"name":"2026-09-12 23:15:14.890","level":"ERROR","message":"app|38|MCP Rule Server|[MCP1] {\"appId\":\"38\",\"generation\":\"e43944a0-3f2c-4d0c-a182-9c2df7551883\",\"id\":\"f56d76fd-7f99-4bcd-9d3a-99e8e4c88ac1\",\"entry\":{\"component\":\"server\",\"details\":{\"error\":\"retryEnabled is unavailable for this device; enable native command retry support first\",\"gateway\":\"hub_manage_devices\",\"tool\":\"hub_update_device\"},\"level\":\"error\",\"message\":\"Validation error in hub_update_device: retryEnabled is unavailable for this device; enable native command retry support first\",\"timestamp\":1789276514887}}","time":"","type":""},{"name":"2026-09-12 23:15:13.415","level":"ERROR","message":"app|38|MCP Rule Server|[MCP1] {\"appId\":\"38\",\"generation\":\"e43944a0-3f2c-4d0c-a182-9c2df7551883\",\"id\":\"4b98db66-2eab-4226-beed-5333db1cd4ca\",\"entry\":{\"component\":\"server\",\"details\":{\"error\":\"googleHomeEnabled is unavailable: install/enable the native googleHome integration and verify this device is supported\",\"gateway\":\"hub_manage_devices\",\"tool\":\"hub_update_device\"},\"level\":\"error\",\"message\":\"Validation error in hub_update_device: googleHomeEnabled is unavailable: install/enable the native googleHome integration and verify this device is supported\",\"timestamp\":1789276513414}}","time":"","type":""},{"name":"2026-09-12 23:15:11.925","level":"ERROR","message":"app|38|MCP Rule Server|[MCP1] {\"appId\":\"38\",\"generation\":\"e43944a0-3f2c-4d0c-a182-9c2df7551883\",\"id\":\"e99e8726-366f-4814-8697-15384717370b\",\"entry\":{\"component\":\"server\",\"details\":{\"error\":\"amazonAlexaEnabled is unavailable: install/enable the native amazonAlexa integration and verify this device is supported\",\"gateway\":\"hub_manage_devices\",\"tool\":\"hub_update_device\"},\"level\":\"error\",\"message\":\"Validation error in hub_update_device: amazonAlexaEnabled is unavailable: install/enable the native amazonAlexa integration and verify this device is supported\",\"timestamp\":1789276511924}}","time":"","type":""},{"name":"2026-09-12 23:15:10.132","level":"ERROR","message":"app|38|MCP Rule Server|[MCP1] {\"appId\":\"38\",\"generation\":\"e43944a0-3f2c-4d0c-a182-9c2df7551883\",\"id\":\"ec9629a6-5340-4068-996e-eb99125c4a7a\",\"entry\":{\"component\":\"server\",\"details\":{\"error\":\"meshFullSync requires a linked device and Hub Mesh refresh enabled\",\"gateway\":\"hub_manage_devices\",\"tool\":\"hub_update_device\"},\"level\":\"error\",\"message\":\"Validation error in hub_update_device: meshFullSync requires a linked device and Hub Mesh refresh enabled\",\"timestamp\":1789276510130}}","time":"","type":""},{"name":"2026-09-12 23:15:08.615","level":"ERROR","message":"app|38|MCP Rule Server|[MCP1] {\"appId\":\"38\",\"generation\":\"e43944a0-3f2c-4d0c-a182-9c2df7551883\",\"id\":\"244c6bb3-ad27-42f5-ad81-5f7ca8b47b32\",\"entry\":{\"component\":\"server\",\"details\":{\"error\":\"zigbeeId is not editable on a device without a Zigbee ID\",\"gateway\":\"hub_manage_devices\",\"tool\":\"hub_update_device\"},\"level\":\"error\",\"message\":\"Validation error in hub_update_device: zigbeeId is not editable on a device without a Zigbee ID\",\"timestamp\":1789276508614}}","time":"","type":""},{"name":"2026-09-12 23:15:07.131","level":"ERROR","message":"app|38|MCP Rule Server|[MCP1] {\"appId\":\"38\",\"generation\":\"e43944a0-3f2c-4d0c-a182-9c2df7551883\",\"id\":\"8460e56b-3429-4923-8956-4d9185c9d810\",\"entry\":{\"component\":\"server\",\"details\":{\"error\":\"Preference 'probeText' cannot use a blank value; omit it to preserve the setting or use {clear:true} to remove an optional setting\",\"gateway\":\"hub_manage_devices\",\"tool\":\"hub_update_device\"},\"level\":\"error\",\"message\":\"Validation error in hub_update_device: Preference 'probeText' cannot use a blank value; omit it to preserve the setting or use {clear:true} to remove an optional setting\",\"timestamp\":1789276507130}}","time":"","type":""},{"name":"2026-09-12 23:15:05.630","level":"ERROR","message":"app|38|MCP Rule Server|[MCP1] {\"appId\":\"38\",\"generation\":\"e43944a0-3f2c-4d0c-a182-9c2df7551883\",\"id\":\"09db495b-e97b-408b-9f0e-c26472b9a164\",\"entry\":{\"component\":\"server\",\"details\":{\"error\":\"Preference 'probeBool' requires a boolean value\",\"gateway\":\"hub_manage_devices\",\"tool\":\"hub_update_device\"},\"level\":\"error\",\"message\":\"Validation error in hub_update_device: Preference 'probeBool' requires a boolean value\",\"timestamp\":1789276505629}}","time":"","type":""},{"name":"2026-09-12 23:15:04.097","level":"ERROR","message":"app|38|MCP Rule Server|[MCP1] {\"appId\":\"38\",\"generation\":\"e43944a0-3f2c-4d0c-a182-9c2df7551883\",\"id\":\"4610e981-dcbf-4dfa-ad62-b6af602170ba\",\"entry\":{\"component\":\"server\",\"details\":{\"error\":\"Unknown preference 'missingProbe'; read hub_get_device(mode='configuration') for declared names\",\"gateway\":\"hub_manage_devices\",\"tool\":\"hub_update_device\"},\"level\":\"error\",\"message\":\"Validation error in hub_update_device: Unknown preference 'missingProbe'; read hub_get_device(mode='configuration') for declared names\",\"timestamp\":1789276504096}}","time":"","type":""}],"count":60,"totalParsed":9980,"appliedFilters":{"level":"error","limit":60}}
e2e (run)	Pre-run hub status probe	2026-09-13T05:40:00.9799924Z 
e2e (run)	Pre-run hub status probe	2026-09-13T05:40:00.9800305Z === hub system logs via watchdog: WARNINGS (newest 40) ===
e2e (run)	Pre-run hub status probe	2026-09-13T05:40:02.3395541Z {"logs":[],"count":0,"totalParsed":9982,"appliedFilters":{"level":"warn","limit":40}}
e2e (run)	Pre-run hub status probe	2026-09-13T05:40:02.3396423Z 
e2e (run)	Pre-run hub status probe	2026-09-13T05:40:02.3427762Z === hub_list_app_instances via watchdog (ALL running app instances) ===
e2e (run)	Pre-run hub status probe	2026-09-13T05:40:03.1599283Z {"apps":[{"id":4,"name":"Basic Rules","type":"Basic Rules","disabled":false,"user":false,"parentId":null,"childCount":1},{"id":21548,"name":"Basic Rule-1.0","type":"Basic Rule-1.0","disabled":false,"user":false,"parentId":4,"childCount":0},{"id":7242,"name":"Button Controllers","type":"Button Controllers","disabled":false,"user":false,"parentId":null,"childCount":236},{"id":17765,"name":"Button Controller-5.1","type":"Button Controller-5.1","disabled":false,"user":false,"parentId":7242,"childCount":0},{"id":17766,"name":"Button Controller-5.1","type":"Button Controller-5.1","disabled":false,"user":false,"parentId":7242,"childCount":0},{"id":28382,"name":"Button Controller-5.1","type":"Button Controller-5.1","disabled":false,"user":false,"parentId":7242,"childCount":0},{"id":29736,"name":"Button Controller-5.1","type":"Button Controller-5.1","disabled":false,"user":false,"parentId":7242,"childCount":0},{"id":22499,"name":"Button Controller-5.1: BAT_E2E_WalkBtnDev","type":"Button Controller-5.1","disabled":false,"user":false,"parentId":7242,"childCount":0},{"id":22575,"name":"Button Controller-5.1: BAT_E2E_WalkBtnDev","type":"Button Controller-5.1","disabled":false,"user":false,"parentId":7242,"childCount":0},{"id":22638,"name":"Button Controller-5.1: BAT_E2E_WalkBtnDev","type":"Button Controller-5.1","disabled":false,"user":false,"parentId":7242,"childCount":0},{"id":22692,"name":"Button Controller-5.1: BAT_E2E_WalkBtnDev","type":"Button Controller-5.1","disabled":false,"user":false,"parentId":7242,"childCount":0},{"id":22754,"name":"Button Controller-5.1: BAT_E2E_WalkBtnDev","type":"Button Controller-5.1","disabled":false,"user":false,"parentId":7242,"childCount":0},{"id":22802,"name":"Button Controller-5.1: BAT_E2E_WalkBtnDev","type":"Button Controller-5.1","disabled":false,"user":false,"parentId":7242,"childCount":0},{"id":22869,"name":"Button Controller-5.1: BAT_E2E_WalkBtnDev","type":"Button Controller-5.1","disabled":false,"user":false,"parentId":7242,"childCount":0},{"id":22939,"name":"Button Controller-5.1: BAT_E2E_WalkBtnDev","type":"Button Controller-5.1","disabled":false,"user":false,"parentId":7242,"childCount":0},{"id":23000,"name":"Button Controller-5.1: BAT_E2E_WalkBtnDev","type":"Button Controller-5.1","disabled":false,"user":false,"parentId":7242,"childCount":0},{"id":23066,"name":"Button Controller-5.1: BAT_E2E_WalkBtnDev","type":"Button Controller-5.1","disabled":false,"user":false,"parentId":7242,"childCount":0},{"id":23118,"name":"Button Controller-5.1: BAT_E2E_WalkBtnDev","type":"Button Controller-5.1","disabled":false,"user":false,"parentId":7242,"childCount":0},{"id":23179,"name":"Button Controller-5.1: BAT_E2E_WalkBtnDev","type":"Button Controller-5.1","disabled":false,"user":false,"parentId":7242,"childCount":0},{"id":23247,"name":"Button Controller-5.1: BAT_E2E_WalkBtnDev","type":"Button Controller-5.1","disabled":false,"user":false,"parentId":7242,"childCount":0},{"id":23331,"name":"Button Controller-5.1: BAT_E2E_WalkBtnDev","type":"Button Controller-5.1","disabled":false,"user":false,"parentId":7242,"childCount":0},{"id":23384,"name":"Button Controller-5.1: BAT_E2E_WalkBtnDev","type":"Button Controller-5.1","disabled":false,"user":false,"parentId":7242,"childCount":0},{"id":23440,"name":"Button Controller-5.1: BAT_E2E_WalkBtnDev","type":"Button Controller-5.1","disabled":false,"user":false,"parentId":7242,"childCount":0},{"id":23511,"name":"Button Controller-5.1: BAT_E2E_WalkBtnDev","type":"Button Controller-5.1","disabled":false,"user":false,"parentId":7242,"childCount":0},{"id":23581,"name":"Button Controller-5.1: BAT_E2E_WalkBtnDev","type":"Button Controller-5.1","disabled":false,"user":false,"parentId":7242,"childCount":0},{"id":23651,"name":"Button Controller-5.1: BAT_E2E_WalkBtnDev","type":"Button Controller-5.1","disabled":false,"user":false,"parentId":7242,"childCount":0},{"id":23674,"name":"Button Controller-5.1: BAT_E2E_WalkBtnDev","type":"Button Controller-5.1","disabled":false,"user":false,"parentId":7242,"childCount":0},{"id":23745,"name":"Button Controller-5.1: BAT_E2E_WalkBtnDev","type":"Button Controller-5.1","disabled":false,"user":false,"parentId":7242,"childCount":0},{"id":23816,"name":"Button Controller-5.1: BAT_E2E_WalkBtnDev","type":"Button Controller-5.1","disabled":false,"user":false,"parentId":7242,"childCount":0},{"id":23889,"name":"Button Controller-5.1: BAT_E2E_WalkBtnDev","type":"Button Controller-5.1","disabled":false,"user":false,"parentId":7242,"childCount":0},{"id":23964,"name":"Button Controller-5.1: BAT_E2E_WalkBtnDev","type":"Button Controller-5.1","disabled":false,"user":false,"parentId":7242,"childCount":0},{"id":24031,"name":"Button Controller-5.1: BAT_E2E_WalkBtnDev","type":"Button Controller-5.1","disabled":false,"user":false,"parentId":7242,"childCount":0},{"id":24101,"name":"Button Controller-5.1: BAT_E2E_WalkBtnDev","type":"Button Controller-5.1","disabled":false,"user":false,"parentId":7242,"childCount":0},{"id":24167,"name":"Button Controller-5.1: BAT_E2E_WalkBtnDev","type":"Button Controller-5.1","disabled":false,"user":false,"parentId":7242,"childCount":0},{"id":24224,"name":"Button Controller-5.1: BAT_E2E_WalkBtnDev","type":"Button Controller-5.1","disabled":false,"user":false,"parentId":7242,"childCount":0},{"id":24285,"name":"Button Controller-5.1: BAT_E2E_WalkBtnDev","type":"Button Controller-5.1","disabled":false,"user":false,"parentId":7242,"childCount":0},{"id":24357,"name":"Button Controller-5.1: BAT_E2E_WalkBtnDev","type":"Button Controller-5.1","disabled":false,"user":false,"parentId":7242,"childCount":0},{"id":24427,"name":"Button Controller-5.1: BAT_E2E_WalkBtnDev","type":"Button Controller-5.1","disabled":false,"user":false,"parentId":7242,"childCount":0},{"id":24502,"name":"Button Controller-5.1: BAT_E2E_WalkBtnDev","type":"Button Controller-5.1","disabled":false,"user":false,"parentId":7242,"childCount":0},{"id":24574,"name":"Button Controller-5.1: BAT_E2E_WalkBtnDev","type":"Button Controller-5.1","disabled":false,"user":false,"parentId":7242,"childCount":0},{"id":24645,"name":"Button Controller-5.1: BAT_E2E_WalkBtnDev","type":"Button Controller-5.1","disabled":false,"user":false,"parentId":7242,"childCount":0},{"id":24706,"name":"Button Controller-5.1: BAT_E2E_WalkBtnDev","type":"Button Controller-5.1","disabled":false,"user":false,"parentId":7242,"childCount":0},{"id":24778,"name":"Button Controller-5.1: BAT_E2E_WalkBtnDev","type":"Button Controller-5.1","disabled":false,"user":false,"parentId":7242,"childCount":0},{"id":24802,"name":"Button Controller-5.1: BAT_E2E_WalkBtnDev","type":"Button Controller-5.1","disabled":false,"user":false,"parentId":7242,"childCount":0},{"id":24874,"name":"Button Controller-5.1: BAT_E2E_WalkBtnDev","type":"Button Controller-5.1","disabled":false,"user":false,"parentId":7242,"childCount":0},{"id":24945,"name":"Button Controller-5.1: BAT_E2E_WalkBtnDev","type":"Button Controller-5.1","disabled":false,"user":false,"parentId":7242,"childCount":0},{"id":25016,"name":"Button Controller-5.1: BAT_E2E_WalkBtnDev","type":"Button Controller-5.1","disabled":false,"user":false,"parentId":7242,"childCount":0},{"id":25087,"name":"Button Controller-5.1: BAT_E2E_WalkBtnDev","type":"Button Controller-5.1","disabled":false,"user":false,"parentId":7242,"childCount":0},{"id":25158,"name":"Button Controller-5.1: BAT_E2E_WalkBtnDev","type":"Button Controller-5.1","disabled":false,"user":false,"parentId":7242,"childCount":0},{"id":25229,"name":"Button Controller-5.1: BAT_E2E_WalkBtnDev","type":"Button Controller-5.1","disabled":false,"user":false,"parentId":7242,"childCount":0},{"id":25301,"name":"Button Controller-5.1: BAT_E2E_WalkBtnDev","type":"Button Controller-5.1","disabled":false,"user":false,"parentId":7242,"childCount":0},{"id":25372,"name":"Button Controller-5.1: BAT_E2E_WalkBtnDev","type":"Button Controller-5.1","disabled":false,"user":false,"parentId":7242,"childCount":0},{"id":25445,"name":"Button Controller-5.1: BAT_E2E_WalkBtnDev","type":"Button Controller-5.1","disabled":false,"user":false,"parentId":7242,"childCount":0},{"id":25500,"name":"Button Controller-5.1: E2E_PERM_Button","type":"Button Controller-5.1","disabled":false,"user":false,"parentId":7242,"childCount":0},{"id":25519,"name":"Button Controller-5.1: E2E_PERM_Button","type":"Button Controller-5.1","disabled":false,"user":false,"parentId":7242,"childCount":0},{"id":25590,"name":"Button Controller-5.1: E2E_PERM_Button","type":"Button Controller-5.1","disabled":false,"user":false,"parentId":7242,"childCount":0},{"id":25662,"name":"Button Controller-5.1: E2E_PERM_Button","type":"Button Controller-5.1","disabled":false,"user":false,"parentId":7242,"childCount":0},{"id":25725,"name":"Button Controller-5.1: E2E_PERM_Button","type":"Button Controller-5.1","disabled":false,"user":false,"parentId":7242,"childCount":0},{"id":25796,"name":"Button Controller-5.1: E2E_PERM_Button","type":"Button Controller-5.1","disabled":false,"user":false,"parentId":7242,"childCount":0},{"id":25868,"name":"Button Controller-5.1: E2E_PERM_Button","type":"Button Controller-5.1","disabled":false,"user":false,"parentId":7242,"childCount":0},{"id":25925,"name":"Button Controller-5.1: E2E_PERM_Button","type":"Button Controller-5.1","disabled":false,"user":false,"parentId":7242,"childCount":0},{"id":25968,"name":"Button Controller-5.1: E2E_PERM_Button","type":"Button Controller-5.1","disabled":false,"user":false,"parentId":7242,"childCount":0},{"id":26034,"name":"Button Controller-5.1: E2E_PERM_Button","type":"Button Controller-5.1","disabled":false,"user":false,"parentId":7242,"childCount":0},{"id":26094,"name":"Button Controller-5.1: E2E_PERM_Button","type":"Button Controller-5.1","disabled":false,"user":false,"parentId":7242,"childCount":0},{"id":26154,"name":"Button Controller-5.1: E2E_PERM_Button","type":"Button Controller-5.1","disabled":false,"user":false,"parentId":7242,"childCount":0},{"id":26204,"name":"Button Controller-5.1: E2E_PERM_Button","type":"Button Controller-5.1","disabled":false,"user":false,"parentId":7242,"childCount":0},{"id":26264,"name":"Button Controller-5.1: E2E_PERM_Button","type":"Button Controller-5.1","disabled":false,"user":false,"parentId":7242,"childCount":0},{"id":26327,"name":"Button Controller-5.1: E2E_PERM_Button","type":"Button Controller-5.1","disabled":false,"user":false,"parentId":7242,"childCount":0},{"id":26407,"name":"Button Controller-5.1: E2E_PERM_Button","type":"Button Controller-5.1","disabled":false,"user":false,"parentId":7242,"childCount":0},{"id":26455,"name":"Button Controller-5.1: E2E_PERM_Button","type":"Button Controller-5.1","disabled":false,"user":false,"parentId":7242,"childCount":0},{"id":26526,"name":"Button Controller-5.1: E2E_PERM_Button","type":"Button Controller-5.1","disabled":false,"user":false,"parentId":7242,"childCount":0},{"id":26613,"name":"Button Controller-5.1: E2E_PERM_Button","type":"Button Controller-5.1","disabled":false,"user":false,"parentId":7242,"childCount":0},{"id":26697,"name":"Button Controller-5.1: E2E_PERM_Button","type":"Button Controller-5.1","disabled":false,"user":false,"parentId":7242,"childCount":0},{"id":26786,"name":"Button Controller-5.1: E2E_PERM_Button","type":"Button Controller-5.1","disabled":false,"user":false,"parentId":7242,"childCount":0},{"id":26874,"name":"Button Controller-5.1: E2E_PERM_Button","type":"Button Controller-5.1","disabled":false,"user":false,"parentId":7242,"childCount":0},{"id":26965,"name":"Button Controller-5.1: E2E_PERM_Button","type":"Button Controller-5.1","disabled":false,"user":false,"parentId":7242,"childCount":0},{"id":27055,"name":"Button Controller-5.1: E2E_PERM_Button","type":"Button Controller-5.1","disabled":false,"user":false,"parentId":7242,"childCount":0},{"id":27148,"name":"Button Controller-5.1: E2E_PERM_Button","type":"Button Controller-5.1","disabled":false,"user":false,"parentId":7242,"childCount":0},{"id":27234,"name":"Button Controller-5.1: E2E_PERM_Button","type":"Button Controller-5.1","disabled":false,"user":false,"parentId":7242,"childCount":0},{"id":27321,"name":"Button Controller-5.1: E2E_PERM_Button","type":"Button Controller-5.1","disabled":false,"user":false,"parentId":7242,"childCount":0},{"id":27403,"name":"Button Controller-5.1: E2E_PERM_Button","type":"Button Controller-5.1","disabled":false,"user":false,"parentId":7242,"childCount":0},{"id":27486,"name":"Button Controller-5.1: E2E_PERM_Button","type":"Button Controller-5.1","disabled":false,"user":false,"parentId":7242,"childCount":0},{"id":27569,"name":"Button Controller-5.1: E2E_PERM_Button","type":"Button Controller-5.1","disabled":false,"user":false,"parentId":7242,"childCount":0},{"id":27651,"name":"Button Controller-5.1: E2E_PERM_Button","type":"Button Controller-5.1","disabled":false,"user":false,"parentId":7242,"childCount":0},{"id":27733,"name":"Button Controller-5.1: E2E_PERM_Button","type":"Button Controller-5.1","disabled":false,"user":false,"parentId":7242,"childCount":0},{"id":27815,"name":"Button Controller-5.1: E2E_PERM_Button","type":"Button Controller-5.1","disabled":false,"user":false,"parentId":7242,"childCount":0},{"id":27895,"name":"Button Controller-5.1: E2E_PERM_Button","type":"Button Controller-5.1","disabled":false,"user":false,"parentId":7242,"childCount":0},{"id":27976,"name":"Button Controller-5.1: E2E_PERM_Button","type":"Button Controller-5.1","disabled":false,"user":false,"parentId":7242,"childCount":0},{"id":28058,"name":"Button Controller-5.1: E2E_PERM_Button","type":"Button Controller-5.1","disabled":false,"user":false,"parentId":7242,"childCount":0},{"id":28141,"name":"Button Controller-5.1: E2E_PERM_Button","type":"Button Controller-5.1","disabled":false,"user":false,"parentId":7242,"childCount":0},{"id":28223,"name":"Button Controller-5.1: E2E_PERM_Button","type":"Button Controller-5.1","disabled":false,"user":false,"parentId":7242,"childCount":0},{"id":28304,"name":"Button Controller-5.1: E2E_PERM_Button","type":"Button Controller-5.1","disabled":false,"user":false,"parentId":7242,"childCount":0},{"id":28381,"name":"Button Controller-5.1: E2E_PERM_Button","type":"Button Controller-5.1","disabled":false,"user":false,"parentId":7242,"childCount":0},{"id":28411,"name":"Button Controller-5.1: E2E_PERM_Button","type":"Button Controller-5.1","disabled":false,"user":false,"parentId":7242,"childCount":0},{"id":28442,"name":"Button Controller-5.1: E2E_PERM_Button","type":"Button Controller-5.1","disabled":false,"user":false,"parentId":7242,"childCount":0},{"id":28515,"name":"Button Controller-5.1: E2E_PERM_Button","type":"Button Controller-5.1","disabled":false,"user":false,"parentId":7242,"childCount":0},{"id":28590,"name":"Button Controller-5.1: E2E_PERM_Button","type":"Button Controller-5.1","disabled":false,"user":false,"parentId":7242,"childCount":0},{"id":28665,"name":"Button Controller-5.1: E2E_PERM_Button","type":"Button Controller-5.1","disabled":false,"user":false,"parentId":7242,"childCount":0},{"id":28740,"name":"Button Controller-5.1: E2E_PERM_Button","type":"Button Controller-5.1","disabled":false,"user":false,"parentId":7242,"childCount":0},{"id":28832,"name":"Button Controller-5.1: E2E_PERM_Button","type":"Button Controller-5.1","disabled":false,"user":false,"parentId":7242,"childCount":0},{"id":28905,"name":"Button Controller-5.1: E2E_PERM_Button","type":"Button Controller-5.1","disabled":false,"user":false,"parentId":7242,"childCount":0},{"id":28978,"name":"Button Controller-5.1: E2E_PERM_Button","type":"Button Controller-5.1","disabled":false,"user":false,"parentId":7242,"childCount":0},{"id":29050,"name":"Button Controller-5.1: E2E_PERM_Button","type":"Button Controller-5.1","disabled":false,"user":false,"parentId":7242,"childCount":0},{"id":29122,"name":"Button Controller-5.1: E2E_PERM_Button","type":"Button Controller-5.1","disabled":false,"user":false,"parentId":7242,"childCount":0},{"id":29195,"name":"Button Controller-5.1: E2E_PERM_Button","type":"Button Controller-5.1","disabled":false,"user":false,"parentId":7242,"childCount":0},{"id":29269,"name":"Button Controller-5.1: E2E_PERM_Button","type":"Button Controller-5.1","disabled":false,"user":false,"parentId":7242,"childCount":0},{"id":29341,"name":"Button Controller-5.1: E2E_PERM_Button","type":"Button Controller-5.1","disabled":false,"user":false,"parentId":7242,"childCount":0},{"id":29438,"name":"Button Controller-5.1: E2E_PERM_Button","type":"Button Controller-5.1","disabled":false,"user":false,"parentId":7242,"childCount":0},{"id":29509,"name":"Button Controller-5.1: E2E_PERM_Button","type":"Button Controller-5.1","disabled":false,"user":false,"parentId":7242,"childCount":0},{"id":29566,"name":"Button Controller-5.1: E2E_PERM_Button","type":"Button Controller-5.1","disabled":false,"user":false,"parentId":7242,"childCount":0},{"id":29622,"name":"Button Controller-5.1: E2E_PERM_Button","type":"Button Controller-5.1","disabled":false,"user":false,"parentId":7242,"childCount":0},{"id":29684,"name":"Button Controller-5.1: E2E_PERM_Button","type":"Button Controller-5.1","disabled":false,"user":false,"parentId":7242,"childCount":0},{"id":29740,"name":"Button Controller-5.1: E2E_PERM_Button","type":"Button Controller-5.1","disabled":false,"user":false,"parentId":7242,"childCount":0},{"id":29798,"name":"Button Controller-5.1: E2E_PERM_Button","type":"Button Controller-5.1","disabled":false,"user":false,"parentId":7242,"childCount":0},{"id":29861,"name":"Button Controller-5.1: E2E_PERM_Button","type":"Button Controller-5.1","disabled":false,"user":false,"parentId":7242,"childCount":0},{"id":29938,"name":"Button Controller-5.1: E2E_PERM_Button","type":"Button Controller-5.1","disabled":false,"user":false,"parentId":7242,"childCount":0},{"id":30009,"name":"Button Controller-5.1: E2E_PERM_Button","type":"Button Controller-5.1","disabled":false,"user":false,"parentId":7242,"childCount":0},{"id":30071,"name":"Button Controller-5.1: E2E_PERM_Button","type":"Button Controller-5.1","disabled":false,"user":false,"parentId":7242,"childCount":0},{"id":30146,"name":"Button Controller-5.1: E2E_PERM_Button","type":"Button Controller-5.1","disabled":false,"user":false,"parentId":7242,"childCount":0},{"id":30221,"name":"Button Controller-5.1: E2E_PERM_Button","type":"Button Controller-5.1","disabled":false,"user":false,"parentId":7242,"childCount":0},{"id":30360,"name":"Button Controller-5.1: E2E_PERM_Button","type":"Button Controller-5.1","disabled":false,"user":false,"parentId":7242,"childCount":0},{"id":30427,"name":"Button Controller-5.1: E2E_PERM_Button","type":"Button Controller-5.1","disabled":false,"user":false,"parentId":7242,"childCount":0},{"id":30503,"name":"Button Controller-5.1: E2E_PERM_Button","type":"Button Controller-5.1","disabled":false,"user":false,"parentId":7242,"childCount":0},{"id":30600,"name":"Button Controller-5.1: E2E_PERM_Button","type":"Button Controller-5.1","disabled":false,"user":false,"parentId":7242,"childCount":0},{"id":30666,"name":"Button Controller-5.1: E2E_PERM_Button","type":"Button Controller-5.1","disabled":false,"user":false,"parentId":7242,"childCount":0},{"id":30762,"name":"Button Controller-5.1: E2E_PERM_Button","type":"Button Controller-5.1","disabled":false,"user":false,"parentId":7242,"childCount":0},{"id":30842,"name":"Button Controller-5.1: E2E_PERM_Button","type":"Button Controller-5.1","disabled":false,"user":false,"parentId":7242,"childCount":0},{"id":30938,"name":"Button Controller-5.1: E2E_PERM_Button","type":"Button Controller-5.1","disabled":false,"user":false,"parentId":7242,"childCount":0},{"id":31018,"name":"Button Controller-5.1: E2E_PERM_Button","type":"Button Controller-5.1","disabled":false,"user":false,"parentId":7242,"childCount":0},{"id":31099,"name":"Button Controller-5.1: E2E_PERM_Button","type":"Button Controller-5.1","disabled":false,"user":false,"parentId":7242,"childCount":0},{"id":31181,"name":"Button Controller-5.1: E2E_PERM_Button","type":"Button Controller-5.1","disabled":false,"user":false,"parentId":7242,"childCount":0},{"id":31261,"name":"Button Controller-5.1: E2E_PERM_Button","type":"Button Controller-5.1","disabled":false,"user":false,"parentId":7242,"childCount":0},{"id":31342,"name":"Button Controller-5.1: E2E_PERM_Button","type":"Button Controller-5.1","disabled":false,"user":false,"parentId":7242,"childCount":0},{"id":31423,"name":"Button Controller-5.1: E2E_PERM_Button","type":"Button Controller-5.1","disabled":false,"user":false,"parentId":7242,"childCount":0},{"id":31504,"name":"Button Controller-5.1: E2E_PERM_Button","type":"Button Controller-5.1","disabled":false,"user":false,"parentId":7242,"childCount":0},{"id":31584,"name":"Button Controller-5.1: E2E_PERM_Button","type":"Button Controller-5.1","disabled":false,"user":false,"parentId":7242,"childCount":0},{"id":31665,"name":"Button Controller-5.1: E2E_PERM_Button","type":"Button Controller-5.1","disabled":false,"user":false,"parentId":7242,"childCount":0},{"id":31746,"name":"Button Controller-5.1: E2E_PERM_Button","type":"Button Controller-5.1","disabled":false,"user":false,"parentId":7242,"childCount":0},{"id":31828,"name":"Button Controller-5.1: E2E_PERM_Button","type":"Button Controller-5.1","disabled":false,"user":false,"parentId":7242,"childCount":0},{"id":31910,"name":"Button Controller-5.1: E2E_PERM_Button","type":"Button Controller-5.1","disabled":false,"user":false,"parentId":7242,"childCount":0},{"id":31992,"name":"Button Controller-5.1: E2E_PERM_Button","type":"Button Controller-5.1","disabled":false,"user":false,"parentId":7242,"childCount":0},{"id":32073,"name":"Button Controller-5.1: E2E_PERM_Button","type":"Button Controller-5.1","disabled":false,"user":false,"parentId":7242,"childCount":0},{"id":32155,"name":"Button Controller-5.1: E2E_PERM_Button","type":"Button Controller-5.1","disabled":false,"user":false,"parentId":7242,"childCount":0},{"id":32248,"name":"Button Controller-5.1: E2E_PERM_Button","type":"Button Controller-5.1","disabled":false,"user":false,"parentId":7242,"childCount":0},{"id":32330,"name":"Button Controller-5.1: E2E_PERM_Button","type":"Button Controller-5.1","disabled":false,"user":false,"parentId":7242,"childCount":0},{"id":32412,"name":"Button Controller-5.1: E2E_PERM_Button","type":"Button Controller-5.1","disabled":false,"user":false,"parentId":7242,"childCount":0},{"id":32490,"name":"Button Controller-5.1: E2E_PERM_Button","type":"Button Controller-5.1","disabled":false,"user":false,"parentId":7242,"childCount":0},{"id":32558,"name":"Button Controller-5.1: E2E_PERM_Button","type":"Button Controller-5.1","disabled":false,"user":false,"parentId":7242,"childCount":0},{"id":32626,"name":"Button Controller-5.1: E2E_PERM_Button","type":"Button Controller-5.1","disabled":false,"user":false,"parentId":7242,"childCount":0},{"id":32694,"name":"Button Controller-5.1: E2E_PERM_Button","type":"Button Controller-5.1","disabled":false,"user":false,"parentId":7242,"childCount":0},{"id":32766,"name":"Button Controller-5.1: E2E_PERM_Button","type":"Button Controller-5.1","disabled":false,"user":false,"parentId":7242,"childCount":0},{"id":32847,"name":"Button Controller-5.1: E2E_PERM_Button","type":"Button Controller-5.1","disabled":false,"user":false,"parentId":7242,"childCount":0},{"id":32928,"name":"Button Controller-5.1: E2E_PERM_Button","type":"Button Controller-5.1","disabled":false,"user":false,"parentId":7242,"childCount":0},{"id":33009,"name":"Button Controller-5.1: E2E_PERM_Button","type":"Button Controller-5.1","disabled":false,"user":false,"parentId":7242,"childCount":0},{"id":33091,"name":"Button Controller-5.1: E2E_PERM_Button","type":"Button Controller-5.1","disabled":false,"user":false,"parentId":7242,"childCount":0},{"id":33173,"name":"Button Controller-5.1: E2E_PERM_Button","type":"Button Controller-5.1","disabled":false,"user":false,"parentId":7242,"childCount":0},{"id":33236,"name":"Button Controller-5.1: E2E_PERM_Button","type":"Button Controller-5.1","disabled":false,"user":false,"parentId":7242,"childCount":0},{"id":33318,"name":"Button Controller-5.1: E2E_PERM_Button","type":"Button Controller-5.1","disabled":false,"user":false,"parentId":7242,"childCount":0},{"id":33400,"name":"Button Controller-5.1: E2E_PERM_Button","type":"Button Controller-5.1","disabled":false,"user":false,"parentId":7242,"childCount":0},{"id":33482,"name":"Button Controller-5.1: E2E_PERM_Button","type":"Button Controller-5.1","disabled":false,"user":false,"parentId":7242,"childCount":0},{"id":33563,"name":"Button Controller-5.1: E2E_PERM_Button","type":"Button Controller-5.1","disabled":false,"user":false,"parentId":7242,"childCount":0},{"id":33645,"name":"Button Controller-5.1: E2E_PERM_Button","type":"Button Controller-5.1","disabled":false,"user":false,"parentId":7242,"childCount":0},{"id":33727,"name":"Button Controller-5.1: E2E_PERM_Button","type":"Button Controller-5.1","disabled":false,"user":false,"parentId":7242,"childCount":0},{"id":33766,"name":"Button Controller-5.1: E2E_PERM_Button","type":"Button Controller-5.1","disabled":false,"user":false,"parentId":7242,"childCount":0},{"id":33846,"name":"Button Controller-5.1: E2E_PERM_Button","type":"Button Controller-5.1","disabled":false,"user":false,"parentId":7242,"childCount":0},{"id":33928,"name":"Button Controller-5.1: E2E_PERM_Button","type":"Button Controller-5.1","disabled":false,"user":false,"parentId":7242,"childCount":0},{"id":34010,"name":"Button Controller-5.1: E2E_PERM_Button","type":"Button Controller-5.1","disabled":false,"user":false,"parentId":7242,"childCount":0},{"id":34092,"name":"Button Controller-5.1: E2E_PERM_Button","type":"Button Controller-5.1","disabled":false,"user":false,"parentId":7242,"childCount":0},{"id":34173,"name":"Button Controller-5.1: E2E_PERM_Button","type":"Button Controller-5.1","disabled":false,"user":false,"parentId":7242,"childCount":0},{"id":34255,"name":"Button Controller-5.1: E2E_PERM_Button","type":"Button Controller-5.1","disabled":false,"user":false,"parentId":7242,"childCount":0},{"id":34334,"name":"Button Controller-5.1: E2E_PERM_Button","type":"Button Controller-5.1","disabled":false,"user":false,"parentId":7242,"childCount":0},{"id":34407,"name":"Button Controller-5.1: E2E_PERM_Button","type":"Button Controller-5.1","disabled":false,"user":false,"parentId":7242,"childCount":0},{"id":34489,"name":"Button Controller-5.1: E2E_PERM_Button","type":"Button Controller-5.1","disabled":false,"user":false,"parentId":7242,"childCount":0},{"id":34571,"name":"Button Controller-5.1: E2E_PERM_Button","type":"Button Controller-5.1","disabled":false,"user":false,"parentId":7242,"childCount":0},{"id":34679,"name":"Button Controller-5.1: E2E_PERM_Button","type":"Button Controller-5.1","disabled":false,"user":false,"parentId":7242,"childCount":0},{"id":34761,"name":"Button Controller-5.1: E2E_PERM_Button","type":"Button Controller-5.1","disabled":false,"user":false,"parentId":7242,"childCount":0},{"id":34841,"name":"Button Controller-5.1: E2E_PERM_Button","type":"Button Controller-5.1","disabled":false,"user":false,"parentId":7242,"childCount":0},{"id":34931,"name":"Button Controller-5.1: E2E_PERM_Button","type":"Button Controller-5.1","disabled":false,"user":false,"parentId":7242,"childCount":0},{"id":35013,"name":"Button Controller-5.1: E2E_PERM_Button","type":"Button Controller-5.1","disabled":false,"user":false,"parentId":7242,"childCount":0},{"id":35107,"name":"Button Controller-5.1: E2E_PERM_Button","type":"Button Controller-5.1","disabled":false,"user":false,"parentId":7242,"childCount":0},{"id":35192,"name":"Button Controller-5.1: E2E_PERM_Button","type":"Button Controller-5.1","disabled":false,"user":false,"parentId":7242,"childCount":0},{"id":35277,"name":"Button Controller-5.1: E2E_PERM_Button","type":"Button Controller-5.1","disabled":false,"user":false,"parentId":7242,"childCount":0},{"id":35362,"name":"Button Controller-5.1: E2E_PERM_Button","type":"Button Controller-5.1","disabled":false,"user":false,"parentId":7242,"childCount":0},{"id":35446,"name":"Button Controller-5.1: E2E_PERM_Button","type":"Button Controller-5.1","disabled":false,"user":false,"parentId":7242,"childCount":0},{"id":35524,"name":"Button Controller-5.1: E2E_PERM_Button","type":"Button Controller-5.1","disabled":false,"user":false,"parentId":7242,"childCount":0},{"id":35594,"name":"Button Controller-5.1: E2E_PERM_Button","type":"Button Controller-5.1","disabled":false,"user":false,"parentId":7242,"childCount":0},{"id":35679,"name":"Button Controller-5.1: E2E_PERM_Button","type":"Button Controller-5.1","disabled":false,"user":false,"parentId":7242,"childCount":0},{"id":35760,"name":"Button Controller-5.1: E2E_PERM_Button","type":"Button Controller-5.1","disabled":false,"user":false,"parentId":7242,"childCount":0},{"id":35829,"name":"Button Controller-5.1: E2E_PERM_Button","type":"Button Controller-5.1","disabled":false,"user":false,"parentId":7242,"childCount":0},{"id":35913,"name":"Button Controller-5.1: E2E_PERM_Button","type":"Button Controller-5.1","disabled":false,"user":false,"parentId":7242,"childCount":0},{"id":35997,"name":"Button Controller-5.1: E2E_PERM_Button","type":"Button Controller-5.1","disabled":false,"user":false,"parentId":7242,"childCount":0},{"id":36081,"name":"Button Controller-5.1: E2E_PERM_Button","type":"Button Controller-5.1","disabled":false,"user":false,"parentId":7242,"childCount":0},{"id":36166,"name":"Button Controller-5.1: E2E_PERM_Button","type":"Button Controller-5.1","disabled":false,"user":false,"parentId":7242,"childCount":0},{"id":36251,"name":"Button Controller-5.1: E2E_PERM_Button","type":"Button Controller-5.1","disabled":false,"user":false,"parentId":7242,"childCount":0},{"id":36336,"name":"Button Controller-5.1: E2E_PERM_Button","type":"Button Controller-5.1","disabled":false,"user":false,"parentId":7242,"childCount":0},{"id":36417,"name":"Button Controller-5.1: E2E_PERM_Button","type":"Button Controller-5.1","disabled":false,"user":false,"parentId":7242,"childCount":0},{"id":36493,"name":"Button Controller-5.1: E2E_PERM_Button","type":"Button Controller-5.1","disabled":false,"user":false,"parentId":7242,"childCount":0},{"id":36578,"name":"Button Controller-5.1: E2E_PERM_Button","type":"Button Controller-5.1","disabled":false,"user":false,"parentId":7242,"childCount":0},{"id":36663,"name":"Button Controller-5.1: E2E_PERM_Button","type":"Button Controller-5.1","disabled":false,"user":false,"parentId":7242,"childCount":0},{"id":36748,"name":"Button Controller-5.1: E2E_PERM_Button","type":"Button Controller-5.1","disabled":false,"user":false,"parentId":7242,"childCount":0},{"id":36833,"name":"Button Controller-5.1: E2E_PERM_Button","type":"Button Controller-5.1","disabled":false,"user":false,"parentId":7242,"childCount":0},{"id":36919,"name":"Button Controller-5.1: E2E_PERM_Button","type":"Button Controller-5.1","disabled":false,"user":false,"parentId":7242,"childCount":0},{"id":37004,"name":"Button Controller-5.1: E2E_PERM_Button","type":"Button Controller-5.1","disabled":false,"user":false,"parentId":7242,"childCount":0},{"id":37088,"name":"Button Controller-5.1: E2E_PERM_Button","type":"Button Controller-5.1","disabled":false,"user":false,"parentId":7242,"childCount":0},{"id":37173,"name":"Button Controller-5.1: E2E_PERM_Button","type":"Button Controller-5.1","disabled":false,"user":false,"parentId":7242,"childCount":0},{"id":37258,"name":"Button Controller-5.1: E2E_PERM_Button","type":"Button Controller-5.1","disabled":false,"user":false,"parentId":7242,"childCount":0},{"id":37342,"name":"Button Controller-5.1: E2E_PERM_Button","type":"Button Controller-5.1","disabled":false,"user":false,"parentId":7242,"childCount":0},{"id":37426,"name":"Button Controller-5.1: E2E_PERM_Button","type":"Button Controller-5.1","disabled":false,"user":false,"parentId":7242,"childCount":0},{"id":37511,"name":"Button Controller-5.1: E2E_PERM_Button","type":"Button Controller-5.1","disabled":false,"user":false,"parentId":7242,"childCount":0},{"id":37596,"name":"Button Controller-5.1: E2E_PERM_Button","type":"Button Controller-5.1","disabled":false,"user":false,"parentId":7242,"childCount":0},{"id":37681,"name":"Button Controller-5.1: E2E_PERM_Button","type":"Button Controller-5.1","disabled":false,"user":false,"parentId":7242,"childCount":0},{"id":37765,"name":"Button Controller-5.1: E2E_PERM_Button","type":"Button Controller-5.1","disabled":false,"user":false,"parentId":7242,"childCount":0},{"id":37849,"name":"Button Controller-5.1: E2E_PERM_Button","type":"Button Controller-5.1","disabled":false,"user":false,"parentId":7242,"childCount":0},{"id":37929,"name":"Button Controller-5.1: E2E_PERM_Button","type":"Button Controller-5.1","disabled":false,"user":false,"parentId":7242,"childCount":0},{"id":38001,"name":"Button Controller-5.1: E2E_PERM_Button","type":"Button Controller-5.1","disabled":false,"user":false,"parentId":7242,"childCount":0},{"id":38085,"name":"Button Controller-5.1: E2E_PERM_Button","type":"Button Controller-5.1","disabled":false,"user":false,"parentId":7242,"childCount":0},{"id":38169,"name":"Button Controller-5.1: E2E_PERM_Button","type":"Button Controller-5.1","disabled":false,"user":false,"parentId":7242,"childCount":0},{"id":38253,"name":"Button Controller-5.1: E2E_PERM_Button","type":"Button Controller-5.1","disabled":false,"user":false,"parentId":7242,"childCount":0},{"id":38338,"name":"Button Controller-5.1: E2E_PERM_Button","type":"Button Controller-5.1","disabled":false,"user":false,"parentId":7242,"childCount":0},{"id":38422,"name":"Button Controller-5.1: E2E_PERM_Button","type":"Button Controller-5.1","disabled":false,"user":false,"parentId":7242,"childCount":0},{"id":38506,"name":"Button Controller-5.1: E2E_PERM_Button","type":"Button Controller-5.1","disabled":false,"user":false,"parentId":7242,"childCount":0},{"id":38590,"name":"Button Controller-5.1: E2E_PERM_Button","type":"Button Controller-5.1","disabled":false,"user":false,"parentId":7242,"childCount":0},{"id":38675,"name":"Button Controller-5.1: E2E_PERM_Button","type":"Button Controller-5.1","disabled":false,"user":false,"parentId":7242,"childCount":0},{"id":38759,"name":"Button Controller-5.1: E2E_PERM_Button","type":"Button Controller-5.1","disabled":false,"user":false,"parentId":7242,"childCount":0},{"id":38843,"name":"Button Controller-5.1: E2E_PERM_Button","type":"Button Controller-5.1","disabled":false,"user":false,"parentId":7242,"childCount":0},{"id":38927,"name":"Button Controller-5.1: E2E_PERM_Button","type":"Button Controller-5.1","disabled":false,"user":false,"parentId":7242,"childCount":0},{"id":39011,"name":"Button Controller-5.1: E2E_PERM_Button","type":"Button Controller-5.1","disabled":false,"user":false,"parentId":7242,"childCount":0},{"id":39096,"name":"Button Controller-5.1: E2E_PERM_Button","type":"Button Controller-5.1","disabled":false,"user":false,"parentId":7242,"childCount":0},{"id":39181,"name":"Button Controller-5.1: E2E_PERM_Button","type":"Button Controller-5.1","disabled":false,"user":false,"parentId":7242,"childCount":0},{"id":39266,"name":"Button Controller-5.1: E2E_PERM_Button","type":"Button Controller-5.1","disabled":false,"user":false,"parentId":7242,"childCount":0},{"id":39351,"name":"Button Controller-5.1: E2E_PERM_Button","type":"Button Controller-5.1","disabled":false,"user":false,"parentId":7242,"childCount":0},{"id":39436,"name":"Button Controller-5.1: E2E_PERM_Button","type":"Button Controller-5.1","disabled":false,"user":false,"parentId":7242,"childCount":0},{"id":39517,"name":"Button Controller-5.1: E2E_PERM_Button","type":"Button Controller-5.1","disabled":false,"user":false,"parentId":7242,"childCount":0},{"id":39582,"name":"Button Controller-5.1: E2E_PERM_Button","type":"Button Controller-5.1","disabled":false,"user":false,"parentId":7242,"childCount":0},{"id":39651,"name":"Button Controller-5.1: E2E_PERM_Button","type":"Button Controller-5.1","disabled":false,"user":false,"parentId":7242,"childCount":0},{"id":39736,"name":"Button Controller-5.1: E2E_PERM_Button","type":"Button Controller-5.1","disabled":false,"user":false,"parentId":7242,"childCount":0},{"id":39821,"name":"Button Controller-5.1: E2E_PERM_Button","type":"Button Controller-5.1","disabled":false,"user":false,"parentId":7242,"childCount":0},{"id":39906,"name":"Button Controller-5.1: E2E_PERM_Button","type":"Button Controller-5.1","disabled":false,"user":false,"parentId":7242,"childCount":0},{"id":39991,"name":"Button Controller-5.1: E2E_PERM_Button","type":"Button Controller-5.1","disabled":false,"user":false,"parentId":7242,"childCount":0},{"id":5506,"name":"E2E Dead-Man Watchdog","type":"E2E Dead-Man Watchdog","disabled":true,"user":true,"parentId":null,"childCount":0},{"id":5993,"name":"E2E Dead-Man Watchdog v2","type":"E2E Dead-Man Watchdog v2","disabled":false,"user":true,"parentId":null,"childCount":0},{"id":18166,"name":"Easy Dashboards","type":"Easy Dashboard Parent","disabled":false,"user":false,"parentId":null,"childCount":0},{"id":36462,"name":"HomeKit Bridge","type":"HomeKit Bridge","disabled":false,"user":false,"parentId":null,"childCount":0},{"id":68,"name":"Hub Health Monitor & Auto Reboot","type":"Hub Health Monitor & Auto Reboot","disabled":false,"user":true,"parentId":null,"childCount":0},{"id":37,"name":"Hubitat Package Manager","type":"Hubitat Package Manager","disabled":false,"user":true,"parentId":null,"childCount":0},{"id":2150,"name":"Hubitat\u00ae Dashboards","type":"Hubitat\u00ae Dashboard","disabled":false,"user":false,"parentId":null,"childCount":1},{"id":36461,"name":"E2E_PERM_Configuration_Dashboard","type":"Dashboard","disabled":false,"user":false,"parentId":2150,"childCount":0},{"id":2386,"name":"Hubitat\u00ae Safety Monitor","type":"Hubitat\u00ae Safety Monitor","disabled":false,"user":false,"parentId":null,"childCount":0},{"id":38,"name":"MCP Rule Server","type":"MCP Rule Server","disabled":false,"user":true,"parentId":null,"childCount":0},{"id":929,"name":"Mode Manager <span style='color:green'>Evening</span>","type":"Mode Manager","disabled":false,"user":false,"parentId":null,"childCount":0},{"id":216,"name":"Rule Machine","type":"Rule Machine","disabled":false,"user":false,"parentId":null,"childCount":3},{"id":724,"name":"_PR135_R2_RM_Rule","type":"Rule-5.1","disabled":false,"user":false,"parentId":216,"childCount":0},{"id":21462,"name":"R3VAL_probe","type":"Rule-5.1","disabled":false,"user":false,"parentId":216,"childCount":0},{"id":21463,"name":"R3VAL_probe","type":"Rule-5.1","disabled":false,"user":false,"parentId":216,"childCount":0},{"id":5,"name":"Visual Rules Builder","type":"Visual Rules Builder","disabled":false,"user":false,"parentId":null,"childCount":0}],"count":255}
e2e (run)	Pre-run hub status probe	2026-09-13T05:40:03.1727358Z 
e2e (run)	Pre-run hub status probe	2026-09-13T05:40:03.1727896Z === hub_list_libraries via watchdog (duplicate name+namespace = the #include hazard) ===
e2e (run)	Pre-run hub status probe	2026-09-13T05:40:06.9867226Z {"libraries":[{"id":"33","name":"LevoitChildBase","namespace":"level99","version":8},{"id":"113","name":"LevoitChildBase","namespace":"level99","version":6},{"id":"118","name":"LevoitCoreAQPurifier","namespace":"level99","version":2},{"id":"67","name":"LevoitCorePurifier","namespace":"level99","version":6},{"id":"114","name":"LevoitCorePurifier","namespace":"level99","version":4},{"id":"1","name":"LevoitDiagnostics","namespace":"level99","version":5},{"id":"70","name":"LevoitFan","namespace":"level99","version":5},{"id":"116","name":"LevoitFan","namespace":"level99","version":4},{"id":"69","name":"LevoitHumidifier","namespace":"level99","version":6},{"id":"115","name":"LevoitHumidifier","namespace":"level99","version":4},{"id":"68","name":"LevoitVitalPurifier","namespace":"level99","version":6},{"id":"117","name":"LevoitVitalPurifier","namespace":"level99","version":4},{"id":"368","name":"McpAppClonerLib","namespace":"mcp","version":1242},{"id":"164","name":"McpBundlesLib","namespace":"mcp","version":1787},{"id":"365","name":"McpCodeManagementLib","namespace":"mcp","version":1239},{"id":"364","name":"McpCustomRulesLib","namespace":"mcp","version":1239},{"id":"647","name":"McpDashboardsLib","namespace":"mcp","version":771},{"id":"358","name":"McpDebugLoggingLib","namespace":"mcp","version":1239},{"id":"361","name":"McpDevicesLib","namespace":"mcp","version":1256},{"id":"359","name":"McpDiagnosticsLib","namespace":"mcp","version":1239},{"id":"369","name":"McpDiscoveryLib","namespace":"mcp","version":1239},{"id":"356","name":"McpFilesLib","namespace":"mcp","version":1239},{"id":"366","name":"McpHpmLib","namespace":"mcp","version":1239},{"id":"357","name":"McpItemBackupsLib","namespace":"mcp","version":1239},{"id":"401","name":"McpNativeRulesLib","namespace":"mcp","version":1274},{"id":"163","name":"McpRoomsLib","namespace":"mcp","version":1790},{"id":"367","name":"McpSelfAdminLib","namespace":"mcp","version":1243},{"id":"360","name":"McpSystemLib","namespace":"mcp","version":1239},{"id":"363","name":"McpVariablesLib","namespace":"mcp","version":1241},{"id":"362","name":"McpVirtualDevicesLib","namespace":"mcp","version":1239},{"id":"239","name":"McpVisualRulesLib","namespace":"mcp","version":1465}],"count":31,"source":"hub_api"}
e2e (run)	Pre-run hub status probe	2026-09-13T05:40:06.9875927Z 
e2e (run)	Pre-run hub status probe	2026-09-13T05:40:06.9888767Z === hub_list_bundles via watchdog (stale bundle containers) ===
e2e (run)	Pre-run hub status probe	2026-09-13T05:40:07.1973304Z {"bundles":[{"id":"1","name":"HubitatPackageManager_Bundle","namespace":"dcm.hpm","private":false},{"id":"2","name":"levoit_libraries","namespace":"level99","private":false},{"id":"51","name":"mcp_libraries","namespace":"mcp","private":false}],"count":3,"source":"hub_api"}
e2e (run)	Pre-run hub status probe	2026-09-13T05:40:07.1974908Z 
e2e (run)	Pre-run hub status probe	2026-09-13T05:40:07.1975115Z === hub_list_devices (ALL devices, paginated) ===
e2e (run)	Pre-run hub status probe	2026-09-13T05:40:11.9880175Z {"devices":[{"id":"75","name":"Virtual Button","label":"_CI_Virtual Button","room":null,"disabled":false,"deviceNetworkId":"mcp-virtual-19DF00FD726-A513","lastActivity":"2026-05-03T16:57:43-06:00","parentDeviceId":null,"mcpManaged":true,"currentStates":{}},{"id":"71","name":"Virtual Contact Sensor","label":"_CI_Virtual Contact Sensor","room":null,"disabled":false,"deviceNetworkId":"mcp-virtual-19DF00FC55D-28BB","lastActivity":"2026-05-03T16:57:38-06:00","parentDeviceId":null,"mcpManaged":true,"currentStates":{"contact":"closed"}},{"id":"68","name":"Virtual Dimmer","label":"_CI_Virtual Dimmer","room":null,"disabled":false,"deviceNetworkId":"mcp-virtual-19DF00FBAEA-DBE3","lastActivity":"2026-06-27T21:10:44-06:00","parentDeviceId":null,"mcpManaged":true,"currentStates":{"switch":"on","level":60}},{"id":"333","name":"Virtual Fan Controller","label":"_CI_Virtual Fan","room":null,"disabled":false,"deviceNetworkId":"mcp-virtual-19E3BCE2C7A-63D3","lastActivity":"2026-05-18T09:57:08-06:00","parentDeviceId":null,"mcpManaged":true,"currentStates":{}},{"id":"73","name":"Virtual Humidity Sensor","label":"_CI_Virtual Humidity Sensor","room":null,"disabled":false,"deviceNetworkId":"mcp-virtual-19DF00FCCF6-3684","lastActivity":"2026-05-03T16:57:40-06:00","parentDeviceId":null,"mcpManaged":true,"currentStates":{"humidity":50}},{"id":"74","name":"Virtual Lock","label":"_CI_Virtual Lock","room":null,"disabled":false,"deviceNetworkId":"mcp-virtual-19DF00FD18E-A726","lastActivity":"2026-05-03T16:57:42-06:00","parentDeviceId":null,"mcpManaged":true,"currentStates":{}},{"id":"70","name":"Virtual Motion Sensor","label":"_CI_Virtual Motion Sensor","room":null,"disabled":false,"deviceNetworkId":"mcp-virtual-19DF00FC26B-F735","lastActivity":"2026-05-03T16:57:38-06:00","parentDeviceId":null,"mcpManaged":true,"currentStates":{"motion":"inactive","temperature":70}},{"id":"170","name":"Virtual Omni Sensor","label":"_CI_Virtual Omni Sensor (Water Downstairs)","room":null,"disabled":false,"deviceNetworkId":"mcp-virtual-19DF99917C3-2DBE","lastActivity":"2026-05-05T13:24:13-06:00","parentDeviceId":null,"mcpManaged":true,"currentStates":{"motion":"inactive","contact":"closed","temperature":70,"humidity":35}},{"id":"169","name":"Virtual Omni Sensor","label":"_CI_Virtual Omni Sensor (Water)","room":null,"disabled":false,"deviceNetworkId":"mcp-virtual-19DF99724D8-A2C0","lastActivity":"2026-05-18T10:23:33-06:00","parentDeviceId":null,"mcpManaged":true,"currentStates":{"motion":"inactive","contact":"closed","temperature":70,"humidity":35}},{"id":"77","name":"Virtual Presence","label":"_CI_Virtual Presence","room":null,"disabled":false,"deviceNetworkId":"06a57e66-e845-4b00-91f7-fc62345d6f2f","lastActivity":"2026-05-03T17:05:30-06:00","parentDeviceId":null,"currentStates":{}},{"id":"69","name":"Virtual RGBW Light","label":"_CI_Virtual RGBW Light","room":null,"disabled":false,"deviceNetworkId":"mcp-virtual-19DF00FBDE6-01E8","lastActivity":"2026-05-03T16:57:37-06:00","parentDeviceId":null,"mcpManaged":true,"currentStates":{"switch":"on","level":100}},{"id":"332","name":"Virtual Shade","label":"_CI_Virtual Shade","room":null,"disabled":false,"deviceNetworkId":"mcp-virtual-19E3BCE2A3D-5A45","lastActivity":"2026-05-18T09:57:07-06:00","parentDeviceId":null,"mcpManaged":true,"currentStates":{"switch":"on","level":100}},{"id":"67","name":"Virtual Switch","label":"_CI_Virtual Switch","room":null,"disabled":false,"deviceNetworkId":"mcp-virtual-19DF00FB6D0-4549","lastActivity":"2026-09-12T23:08:26-06:00","parentDeviceId":null,"mcpManaged":true,"currentStates":{"switch":"on"}},{"id":"72","name":"Virtual Temperature Sensor","label":"_CI_Virtual Temperature Sensor","room":null,"disabled":false,"deviceNetworkId":"mcp-virtual-19DF00FC9D2-5B54","lastActivity":"2026-05-03T16:57:39-06:00","parentDeviceId":null,"mcpManaged":true,"currentStates":{"temperature":72}},{"id":"76","name":"Virtual Thermostat","label":"_CI_Virtual Thermostat","room":null,"disabled":false,"deviceNetworkId":"054cf39b-823f-4643-a40f-a8d66b734c88","lastActivity":"2026-09-12T23:08:27-06:00","parentDeviceId":null,"currentStates":{"temperature":68.0}},{"id":"4","name":"Virtual Contact Sensor","label":"Back Door Contact Sensor","room":null,"disabled":false,"deviceNetworkId":"mcp-virtual-19DEC142EA4-54E9","lastActivity":"2026-05-02T21:23:59-06:00","parentDeviceId":null,"mcpManaged":true,"currentStates":{"contact":"closed"}},{"id":"3952","name":"Virtual Shade","label":"BAT_E2E_KEEP_Action_Shade","room":null,"disabled":false,"deviceNetworkId":"mcp-virtual-19F2891778B-DB2C","lastActivity":"2026-07-03T09:20:50-06:00","parentDeviceId":null,"mcpManaged":true,"currentStates":{"switch":"on","level":100}},{"id":"2349","name":"Virtual Switch","label":"BAT_E2E_KEEP_Action_Switch","room":null,"disabled":false,"deviceNetworkId":"mcp-virtual-19EE777F09F-83AE","lastActivity":"2026-09-12T23:08:24-06:00","parentDeviceId":null,"mcpManaged":true,"currentStates":{"switch":"on"}},{"id":"3945","name":"Virtual Switch","label":"BAT_E2E_KEEP_Action_Switch","room":null,"disabled":false,"deviceNetworkId":"mcp-virtual-19F2885E0F9-8105","lastActivity":"2026-07-03T09:08:10-06:00","parentDeviceId":null,"mcpManaged":true,"currentStates":{"switch":"off"}},{"id":"6858","name":"E2E_PERM_Configuration","label":"BAT_E2E_KEEP_Configuration_Child","room":null,"disabled":false,"deviceNetworkId":"mcp-virtual-E2E-PERM-Configuration-Child","lastActivity":"2026-09-12T23:18:12-06:00","parentDeviceId":null,"mcpManaged":true,"currentStates":{"switch":"off"}},{"id":"6860","name":"E2E_PERM_Configuration","label":"BAT_E2E_KEEP_Configuration_StandaloneBypass","room":null,"disabled":false,"deviceNetworkId":"e2e-perm-configuration-standalone-bypass","lastActivity":"2026-09-12T23:18:23-06:00","parentDeviceId":null,"currentStates":{"switch":"off"}},{"id":"6859","name":"E2E_PERM_Configuration","label":"BAT_E2E_KEEP_Configuration_StandaloneSDK","room":null,"disabled":false,"deviceNetworkId":"6e66190d-724f-4a21-8d77-bad638f216ad","lastActivity":"2026-09-12T23:18:17-06:00","parentDeviceId":null,"currentStates":{"switch":"off"}},{"id":"2517","name":"Virtual Temperature Sensor","label":"BAT_E2E_KEEP_Temp_A","room":null,"disabled":false,"deviceNetworkId":"mcp-virtual-19EED70C4B4-C2C3","lastActivity":"2026-06-21T21:47:31-06:00","parentDeviceId":null,"mcpManaged":true,"currentStates":{"temperature":72}},{"id":"2518","name":"Virtual Temperature Sensor","label":"BAT_E2E_KEEP_Temp_B","room":null,"disabled":false,"deviceNetworkId":"mcp-virtual-19EED70CC7A-3A03","lastActivity":"2026-06-21T21:47:33-06:00","parentDeviceId":null,"mcpManaged":true,"currentStates":{"temperature":72}},{"id":"3015","name":"Virtual Temperature Sensor","label":"BAT_E2E_KEEP_Temp_B","room":null,"disabled":false,"deviceNetworkId":"mcp-virtual-19EF6DC2455-BF53","lastActivity":"2026-06-23T17:41:39-06:00","parentDeviceId":null,"mcpManaged":true,"currentStates":{"temperature":72}},{"id":"5330","name":"My Virtual Button","label":"E2E_PERM_Button","room":null,"disabled":false,"deviceNetworkId":"530f4cb0-507a-4a3d-bd72-09979ba9a4ac","lastActivity":"2026-07-27T10:27:52-06:00","parentDeviceId":null,"currentStates":{}},{"id":"5328","name":"My Virtual Dimmer","label":"E2E_PERM_Dimmer","room":null,"disabled":false,"deviceNetworkId":"3c1e55de-f9d9-4096-bcde-632a2ced6e6c","lastActivity":"2026-09-12T23:19:39-06:00","parentDeviceId":null,"currentStates":{"switch":"on","level":10}},{"id":"5327","name":"My Virtual Switch","label":"E2E_PERM_Switch_A","room":null,"disabled":false,"deviceNetworkId":"4d1c7d0f-7ca7-4d12-9bc6-c56e76587575","lastActivity":"2026-09-12T23:19:32-06:00","parentDeviceId":null,"currentStates":{"switch":"on"}},{"id":"5329","name":"My Virtual Switch","label":"E2E_PERM_Switch_B","room":null,"disabled":false,"deviceNetworkId":"6d6424bc-5d94-4db6-83ca-5b7cb40a3519","lastActivity":"2026-09-12T23:19:40-06:00","parentDeviceId":null,"currentStates":{"switch":"off"}},{"id":"5","name":"Virtual Motion Sensor","label":"Garage Motion Sensor","room":null,"disabled":false,"deviceNetworkId":"mcp-virtual-19DEC143145-96C9","lastActivity":"2026-05-18T09:36:30-06:00","parentDeviceId":null,"mcpManaged":true,"currentStates":{"motion":"inactive","temperature":70}},{"id":"3","name":"Virtual Switch","label":"Goodmorning","room":null,"disabled":false,"deviceNetworkId":"mcp-virtual-19DEC142C8A-ABF0","lastActivity":"2026-05-02T21:23:58-06:00","parentDeviceId":null,"mcpManaged":true,"currentStates":{"switch":"off"}},{"id":"3497","name":"My Virtual Switch","label":"My Virtual Switch","room":null,"disabled":false,"deviceNetworkId":"50fc1807-c424-4f6a-b7e2-2ae821207e9d","lastActivity":"2026-09-10T06:54:30-06:00","parentDeviceId":null,"currentStates":{"switch":"off"}},{"id":"1","name":"OpenWeatherMap","label":"Open Weather","room":null,"disabled":true,"deviceNetworkId":"8db343c3-ecd0-49b0-953a-02f9d6a9f53b","lastActivity":null,"parentDeviceId":null,"currentStates":{}},{"id":"34","name":"VeSync Virtual Test Parent","label":"Round0 Test (v2.5 namespace)","room":null,"disabled":false,"deviceNetworkId":"5ee25e48-49bf-4069-87ad-f7ca83365022","lastActivity":"2026-06-07T12:57:22-06:00","parentDeviceId":null,"currentStates":{}},{"id":"66","name":"Syslog","label":"syslog","room":null,"disabled":false,"deviceNetworkId":"63b2cbb7-9243-4bda-b228-45d95b4f8a89","lastActivity":null,"parentDeviceId":null,"currentStates":{}},{"id":"2","name":"Virtual Switch","label":"Test Plug","room":null,"disabled":false,"deviceNetworkId":"mcp-virtual-19DEC1428CF-4E65","lastActivity":"2026-09-11T17:11:23-06:00","parentDeviceId":null,"mcpManaged":true,"currentStates":{"switch":"off"}}],"count":36,"total":36,"offset":0,"limit":200,"hasMore":false}
e2e (run)	Pre-run hub status probe	2026-09-13T05:40:11.9989643Z 
e2e (run)	Pre-run hub status probe	2026-09-13T05:40:12.0021907Z === hub_list_rules (RM rules via RMUtils) ===
e2e (run)	Pre-run hub status probe	2026-09-13T05:40:12.6284907Z {"rules":[{"id":21462,"label":"R3VAL_probe","name":"R3VAL_probe","type":null,"rmVersion":"5.x","disabled":false,"paused":false,"status":"active"},{"id":21463,"label":"R3VAL_probe","name":"R3VAL_probe","type":null,"rmVersion":"5.x","disabled":false,"paused":false,"status":"active"},{"id":724,"label":"_PR135_R2_RM_Rule","name":"_PR135_R2_RM_Rule","type":null,"rmVersion":"5.x","disabled":false,"paused":false,"status":"active"}],"count":3,"ghostsFiltered":[40034],"ghostNote":"RMUtils reported 1 rule id(s) that no longer exist in /hub2/appsList \u2014 these are post-delete RMUtils-cache ghosts (rule is already gone, the cache just hasn't caught up). Filtered out of the rules list."}
e2e (run)	Pre-run hub status probe	2026-09-13T05:40:12.6288175Z 
e2e (run)	Pre-run hub status probe	2026-09-13T05:40:12.6313256Z === hub_get_visual_rule (Visual Rules list) ===
e2e (run)	Pre-run hub status probe	2026-09-13T05:40:13.2385545Z {"success":true,"count":0,"rules":[],"note":"No Visual Rules Builder rules exist yet. Create one with hub_set_visual_rule."}
e2e (run)	Pre-run hub status probe	2026-09-13T05:40:13.2386437Z 
e2e (run)	Pre-run hub status probe	2026-09-13T05:40:13.2417220Z === hub_list_variables (hub + rule-engine) ===
e2e (run)	Pre-run hub status probe	2026-09-13T05:40:13.6322447Z {"hubVariables":[],"ruleVariables":[{"name":"_TEST_HUB_LEASED_BY","value":"{\"by\":\"ci-run-34740627451\",\"since\":1789277989071,\"until\":1789279789071}","source":"rule_engine"}],"totalHubVariables":0,"totalRuleVariables":1,"total":1}
e2e (run)	Pre-run hub status probe	2026-09-13T05:40:13.6324317Z 
e2e (run)	Pre-run hub status probe	2026-09-13T05:40:13.6351009Z === hub_list_files (File Manager) ===
e2e (run)	Pre-run hub status probe	2026-09-13T05:40:14.4444588Z {"files":[{"name":"E2E_PERM_Configuration_Alternate_Source.groovy","directDownload":"http://<HUB_IP>/local/E2E_PERM_Configuration_Alternate_Source.groovy","size":"7801","lastModified":"1788961523996"},{"name":"E2E_PERM_Configuration_Provisioning.groovy","directDownload":"http://<HUB_IP>/local/E2E_PERM_Configuration_Provisioning.groovy","size":"8745","lastModified":"1788965309256"},{"name":"E2E_PERM_Configuration_Provisioning_backup_20260909-075707.groovy","directDownload":"http://<HUB_IP>/local/E2E_PERM_Configuration_Provisioning_backup_20260909-075707.groovy","size":"13221","lastModified":"1788962227648"},{"name":"E2E_PERM_Configuration_Provisioning_backup_20260909-080559.groovy","directDownload":"http://<HUB_IP>/local/E2E_PERM_Configuration_Provisioning_backup_20260909-080559.groovy","size":"13222","lastModified":"1788962759232"},{"name":"E2E_PERM_Configuration_Provisioning_backup_20260909-080902.groovy","directDownload":"http://<HUB_IP>/local/E2E_PERM_Configuration_Provisioning_backup_20260909-080902.groovy","size":"8581","lastModified":"1788962942752"},{"name":"E2E_PERM_Configuration_Provisioning_backup_20260909-081019.groovy","directDownload":"http://<HUB_IP>/local/E2E_PERM_Configuration_Provisioning_backup_20260909-081019.groovy","size":"9360","lastModified":"1788963019908"},{"name":"E2E_PERM_Configuration_Provisioning_backup_20260909-082210.groovy","directDownload":"http://<HUB_IP>/local/E2E_PERM_Configuration_Provisioning_backup_20260909-082210.groovy","size":"8428","lastModified":"1788963730308"},{"name":"E2E_PERM_Configuration_Provisioning_backup_20260909-082423.groovy","directDownload":"http://<HUB_IP>/local/E2E_PERM_Configuration_Provisioning_backup_20260909-082423.groovy","size":"8961","lastModified":"1788963863156"},{"name":"E2E_PERM_Configuration_Provisioning_backup_20260909-082637.groovy","directDownload":"http://<HUB_IP>/local/E2E_PERM_Configuration_Provisioning_backup_20260909-082637.groovy","size":"10699","lastModified":"1788963997852"},{"name":"E2E_PERM_Configuration_Provisioning_backup_20260909-082712.groovy","directDownload":"http://<HUB_IP>/local/E2E_PERM_Configuration_Provisioning_backup_20260909-082712.groovy","size":"10761","lastModified":"1788964032896"},{"name":"E2E_PERM_Configuration_Provisioning_backup_20260909-083521.groovy","directDownload":"http://<HUB_IP>/local/E2E_PERM_Configuration_Provisioning_backup_20260909-083521.groovy","size":"10820","lastModified":"1788964521236"},{"name":"E2E_PERM_Configuration_Provisioning_backup_20260909-084410.groovy","directDownload":"http://<HUB_IP>/local/E2E_PERM_Configuration_Provisioning_backup_20260909-084410.groovy","size":"9947","lastModified":"1788965050560"},{"name":"E2E_PERM_Configuration_Provisioning_backup_20260909-084733.groovy","directDownload":"http://<HUB_IP>/local/E2E_PERM_Configuration_Provisioning_backup_20260909-084733.groovy","size":"8348","lastModified":"1788965253288"},{"name":"E2E_PERM_Configuration_Provisioning_backup_20260909-084829.groovy","directDownload":"http://<HUB_IP>/local/E2E_PERM_Configuration_Provisioning_backup_20260909-084829.groovy","size":"8645","lastModified":"1788965309216"},{"name":"E2E_PERM_Configuration_Response.json","directDownload":"http://<HUB_IP>/local/E2E_PERM_Configuration_Response.json","size":"70","lastModified":"1788961531492"},{"name":"E2E_PERM_Configuration_Source.groovy","directDownload":"http://<HUB_IP>/local/E2E_PERM_Configuration_Source.groovy","size":"7791","lastModified":"1788961515008"},{"name":"LevoitChildBaseLib.groovy","directDownload":"http://<HUB_IP>/local/LevoitChildBaseLib.groovy","size":"15097","lastModified":"1780116700164"},{"name":"LevoitClassic200S.groovy","directDownload":"http://<HUB_IP>/local/LevoitClassic200S.groovy","size":"21843","lastModified":"1780117049260"},{"name":"LevoitClassic300S.groovy","directDownload":"http://<HUB_IP>/local/LevoitClassic300S.groovy","size":"19615","lastModified":"1780117049464"},{"name":"LevoitCore200S.groovy","directDownload":"http://<HUB_IP>/local/LevoitCore200S.groovy","size":"10302","lastModified":"1780117049656"},{"name":"LevoitCore200SLight.groovy","directDownload":"http://<HUB_IP>/local/LevoitCore200SLight.groovy","size":"8381","lastModified":"1780117067732"},{"name":"LevoitCore200S_Light.groovy","directDownload":"http://<HUB_IP>/local/LevoitCore200S_Light.groovy","size":"8575","lastModified":"1779401765452"},{"name":"LevoitCore300S.groovy","directDownload":"http://<HUB_IP>/local/LevoitCore300S.groovy","size":"8539","lastModified":"1780117049840"},{"name":"LevoitCore400S.groovy","directDownload":"http://<HUB_IP>/local/LevoitCore400S.groovy","size":"8555","lastModified":"1780117050072"},{"name":"LevoitCore600S.groovy","directDownload":"http://<HUB_IP>/local/LevoitCore600S.groovy","size":"8476","lastModified":"1780117050256"},{"name":"LevoitCoreAQPurifierLib.groovy","directDownload":"http://<HUB_IP>/local/LevoitCoreAQPurifierLib.groovy","size":"12525","lastModified":"1780116700532"},{"name":"LevoitCorePurifierLib.groovy","directDownload":"http://<HUB_IP>/local/LevoitCorePurifierLib.groovy","size":"23523","lastModified":"1780116700348"},{"name":"LevoitDiagnosticsLib.groovy","directDownload":"http://<HUB_IP>/local/LevoitDiagnosticsLib.groovy","size":"19259","lastModified":"1777827763256"},{"name":"LevoitDual200S.groovy","directDownload":"http://<HUB_IP>/local/LevoitDual200S.groovy","size":"27565","lastModified":"1780117050448"},{"name":"LevoitEverestAir.groovy","directDownload":"http://<HUB_IP>/local/LevoitEverestAir.groovy","size":"28325","lastModified":"1780117050704"},{"name":"LevoitFanLib.groovy","directDownload":"http://<HUB_IP>/local/LevoitFanLib.groovy","size":"19419","lastModified":"1780116701120"},{"name":"LevoitGeneric.groovy","directDownload":"http://<HUB_IP>/local/LevoitGeneric.groovy","size":"22550","lastModified":"1780117050960"},{"name":"LevoitHumidifierLib.groovy","directDownload":"http://<HUB_IP>/local/LevoitHumidifierLib.groovy","size":"15011","lastModified":"1780116700948"},{"name":"LevoitLV600S.groovy","directDownload":"http://<HUB_IP>/local/LevoitLV600S.groovy","size":"28030","lastModified":"1780117051148"},{"name":"LevoitLV600SHubConnect.groovy","directDownload":"http://<HUB_IP>/local/LevoitLV600SHubConnect.groovy","size":"23430","lastModified":"1780117051336"},{"name":"LevoitOasisMist1000S.groovy","directDownload":"http://<HUB_IP>/local/LevoitOasisMist1000S.groovy","size":"22993","lastModified":"1780117051528"},{"name":"LevoitOasisMist450S.groovy","directDownload":"http://<HUB_IP>/local/LevoitOasisMist450S.groovy","size":"49674","lastModified":"1780117051748"},{"name":"LevoitPedestalFan.groovy","directDownload":"http://<HUB_IP>/local/LevoitPedestalFan.groovy","size":"41182","lastModified":"1780117051956"},{"name":"LevoitSproutAir.groovy","directDownload":"http://<HUB_IP>/local/LevoitSproutAir.groovy","size":"21927","lastModified":"1780117052144"},{"name":"LevoitSproutHumidifier.groovy","directDownload":"http://<HUB_IP>/local/LevoitSproutHumidifier.groovy","size":"24757","lastModified":"1780117052356"},{"name":"LevoitSuperior6000S.groovy","directDownload":"http://<HUB_IP>/local/LevoitSuperior6000S.groovy","size":"21456","lastModified":"1780117052592"},{"name":"LevoitTowerFan.groovy","directDownload":"http://<HUB_IP>/local/LevoitTowerFan.groovy","size":"24620","lastModified":"1780117052844"},{"name":"LevoitVital100S.groovy","directDownload":"http://<HUB_IP>/local/LevoitVital100S.groovy","size":"11436","lastModified":"1780117053080"},{"name":"LevoitVital200S.groovy","directDownload":"http://<HUB_IP>/local/LevoitVital200S.groovy","size":"11433","lastModified":"1780117053292"},{"name":"LevoitVitalPurifierLib.groovy","directDownload":"http://<HUB_IP>/local/LevoitVitalPurifierLib.groovy","size":"19909","lastModified":"1780116700720"},{"name":"Syslog.groovy","directDownload":"http://<HUB_IP>/local/Syslog.groovy","size":"15599","lastModified":"1777835079264"},{"name":"VeSyncIntegration.groovy","directDownload":"http://<HUB_IP>/local/VeSyncIntegration.groovy","size":"182378","lastModified":"1780117053548"},{"name":"VeSyncIntegrationVirtual.groovy","directDownload":"http://<HUB_IP>/local/VeSyncIntegrationVirtual.groovy","size":"63829","lastModified":"1780117053844"},{"name":"_main_restore.groovy","directDownload":"http://<HUB_IP>/local/_main_restore.groovy","size":"1785229","lastModified":"1781283928636"},{"name":"_zerocontext_driver.groovy","directDownload":"http://<HUB_IP>/local/_zerocontext_driver.groovy","size":"322","lastModified":"1778292763432"},{"name":"agent_b_drv1_v2.groovy","directDownload":"http://<HUB_IP>/local/agent_b_drv1_v2.groovy","size":"2860","lastModified":"1778263995984"},{"name":"agent_b_drv2_v2.groovy","directDownload":"http://<HUB_IP>/local/agent_b_drv2_v2.groovy","size":"2860","lastModified":"1778263996168"},{"name":"agent_b_drv3_v2.groovy","directDownload":"http://<HUB_IP>/local/agent_b_drv3_v2.groovy","size":"2860","lastModified":"1778263996332"},{"name":"e2e-configuration-baseline-child-sdk_backup_20260912-231625.json","directDownload":"http://<HUB_IP>/local/e2e-configuration-baseline-child-sdk_backup_20260912-231625.json","size":"892","lastModified":"1789276585320"},{"name":"e2e-configuration-baseline-standalone-bypass_backup_20260912-231802.json","directDownload":"http://<HUB_IP>/local/e2e-configuration-baseline-standalone-bypass_backup_20260912-231802.json","size":"916","lastModified":"1789276682684"},{"name":"e2e-configuration-baseline-standalone-sdk_backup_20260912-231710.json","directDownload":"http://<HUB_IP>/local/e2e-configuration-baseline-standalone-sdk_backup_20260912-231710.json","size":"908","lastModified":"1789276630672"},{"name":"e2e-deadman-v2.json","directDownload":"http://<HUB_IP>/local/e2e-deadman-v2.json","size":"2364","lastModified":"1789277924208"},{"name":"e2e-deadman.json","directDownload":"http://<HUB_IP>/local/e2e-deadman.json","size":"54","lastModified":"1780879800544"},{"name":"e2e-deferred-native-rules.json","directDownload":"http://<HUB_IP>/local/e2e-deferred-native-rules.json","size":"2","lastModified":"1789276124444"},{"name":"e2e-pr-bundle-state.txt","directDownload":"http://<HUB_IP>/local/e2e-pr-bundle-state.txt","size":"21","lastModified":"1789276139696"},{"name":"homeKitQRCode.png","directDownload":"http://<HUB_IP>/local/homeKitQRCode.png","size":"286","lastModified":"1789276688284"},{"name":"hubitat-mcp-server-v1.3.7.groovy","directDownload":"http://<HUB_IP>/local/hubitat-mcp-server-v1.3.7.groovy","size":"1190378","lastModified":"1779125549200"},{"name":"hubitat-mcp-server.groovy","directDownload":"http://<HUB_IP>/local/hubitat-mcp-server.groovy","size":"514469","lastModified":"1783889325140"},{"name":"main-hubitat-mcp-server.groovy","directDownload":"http://<HUB_IP>/local/main-hubitat-mcp-server.groovy","size":"366548","lastModified":"1781573705788"},{"name":"main-mcp-variables-lib_backup_20260615-193744.groovy","directDownload":"http://<HUB_IP>/local/main-mcp-variables-lib_backup_20260615-193744.groovy","size":"54384","lastModified":"1781573864400"},{"name":"mcp-app-cloner-lib.groovy","directDownload":"http://<HUB_IP>/local/mcp-app-cloner-lib.groovy","size":"46917","lastModified":"1783981467872"},{"name":"mcp-backup-app-1536.groovy","directDownload":"http://<HUB_IP>/local/mcp-backup-app-1536.groovy","size":"1173","lastModified":"1789277961448"},{"name":"mcp-backup-app-1537.groovy","directDownload":"http://<HUB_IP>/local/mcp-backup-app-1537.groovy","size":"801","lastModified":"1789277965416"},{"name":"mcp-backup-app-427.groovy","directDownload":"http://<HUB_IP>/local/mcp-backup-app-427.groovy","size":"1173","lastModified":"1781243473028"},{"name":"mcp-backup-library-140.groovy","directDownload":"http://<HUB_IP>/local/mcp-backup-library-140.groovy","size":"18918","lastModified":"1780860360884"},{"name":"mcp-backup-library-423.groovy","directDownload":"http://<HUB_IP>/local/mcp-backup-library-423.groovy","size":"358","lastModified":"1781705129860"},{"name":"mcp-backup-library-479.groovy","directDownload":"http://<HUB_IP>/local/mcp-backup-library-479.groovy","size":"358","lastModified":"1782093070932"},{"name":"mcp-devices-lib.groovy","directDownload":"http://<HUB_IP>/local/mcp-devices-lib.groovy","size":"194257","lastModified":"1782275939748"},{"name":"mcp-e2e-mcp-libraries.zip","directDownload":"http://<HUB_IP>/local/mcp-e2e-mcp-libraries.zip","size":"866882","lastModified":"1781149827192"},{"name":"mcp-main-bundle-mcp_libraries.zip","directDownload":"http://<HUB_IP>/local/mcp-main-bundle-mcp_libraries.zip","size":"93008","lastModified":"1781197817800"},{"name":"mcp-main-cache-sha.txt","directDownload":"http://<HUB_IP>/local/mcp-main-cache-sha.txt","size":"40","lastModified":"1781197819860"},{"name":"mcp-main-deployed-sha.txt","directDownload":"http://<HUB_IP>/local/mcp-main-deployed-sha.txt","size":"40","lastModified":"1789277924172"},{"name":"mcp-native-rules-lib.groovy","directDownload":"http://<HUB_IP>/local/mcp-native-rules-lib.groovy","size":"968333","lastModified":"1783982224116"},{"name":"mcp-op-result-auto-19ff4fcc505-652c8a46-d67e-4a30-b658-7760c3e0e029.json","directDownload":"http://<HUB_IP>/local/mcp-op-result-auto-19ff4fcc505-652c8a46-d67e-4a30-b658-7760c3e0e029.json","size":"2037","lastModified":"1786521645732"},{"name":"mcp-op-result-auto-19ff6d0b4f8-d7cd08d8-1e22-4b17-85d7-6a3855fceb79.json","directDownload":"http://<HUB_IP>/local/mcp-op-result-auto-19ff6d0b4f8-d7cd08d8-1e22-4b17-85d7-6a3855fceb79.json","size":"1603","lastModified":"1786552304048"},{"name":"mcp-op-result-bat.opreplay.bulk.27990.r1.json","directDownload":"http://<HUB_IP>/local/mcp-op-result-bat.opreplay.bulk.27990.r1.json","size":"1517","lastModified":"1786499580620"},{"name":"mcp-op-result-bat.opreplay.bulk.28317.json","directDownload":"http://<HUB_IP>/local/mcp-op-result-bat.opreplay.bulk.28317.json","size":"2129","lastModified":"1786550086764"},{"name":"mcp-op-result-bat.opreplay.patch.27826.json","directDownload":"http://<HUB_IP>/local/mcp-op-result-bat.opreplay.patch.27826.json","size":"1525","lastModified":"1786477068080"},{"name":"mcp-op-result-e2e.1786466134.87d4.native_apps.test_set_rule_enum_doactpage.83.json","directDownload":"http://<HUB_IP>/local/mcp-op-result-e2e.1786466134.87d4.native_apps.test_set_rule_enum_doactpage.83.json","size":"1699","lastModified":"1786468330576"},{"name":"mcp-op-result-e2e.1786466134.87d4.native_apps.test_set_rule_modifyaction_retarget.6.json","directDownload":"http://<HUB_IP>/local/mcp-op-result-e2e.1786466134.87d4.native_apps.test_set_rule_modifyaction_retarget.6.json","size":"1051","lastModified":"1786466443916"},{"name":"mcp-op-result-e2e.1786466134.87d4.native_apps.test_set_rule_self_gateway_envelope_edit.2.json","directDownload":"http://<HUB_IP>/local/mcp-op-result-e2e.1786466134.87d4.native_apps.test_set_rule_self_gateway_envelope_edit.2.json","size":"1485","lastModified":"1786466157500"},{"name":"mcp-op-result-e2e.1786466134.87d4.native_apps.test_set_rule_setvariable_from_device_and_math.57.json","directDownload":"http://<HUB_IP>/local/mcp-op-result-e2e.1786466134.87d4.native_apps.test_set_rule_setvariable_from_device_and_math.57.json","size":"1110","lastModified":"1786467811388"},{"name":"mcp-op-result-e2e.1786466134.87d4.native_apps.test_set_rule_trigger_mutations.31.json","directDownload":"http://<HUB_IP>/local/mcp-op-result-e2e.1786466134.87d4.native_apps.test_set_rule_trigger_mutations.31.json","size":"1071","lastModified":"1786467059804"},{"name":"mcp-op-result-e2e.1786475850.57ef.native_apps.test_button_rule_create_via_controller.19.json","directDownload":"http://<HUB_IP>/local/mcp-op-result-e2e.1786475850.57ef.native_apps.test_button_rule_create_via_controller.19.json","size":"1144","lastModified":"1786476537292"},{"name":"mcp-op-result-e2e.1786475850.57ef.native_apps.test_set_rule_modifyaction_retarget.6.json","directDownload":"http://<HUB_IP>/local/mcp-op-result-e2e.1786475850.57ef.native_apps.test_set_rule_modifyaction_retarget.6.json","size":"1051","lastModified":"1786476164576"},{"name":"mcp-op-result-e2e.1786475850.57ef.native_apps.test_set_rule_replace_required_expression.54.json","directDownload":"http://<HUB_IP>/local/mcp-op-result-e2e.1786475850.57ef.native_apps.test_set_rule_replace_required_expression.54.json","size":"1114","lastModified":"1786477340892"},{"name":"mcp-op-result-e2e.1786475850.57ef.native_apps.test_set_rule_required_expression_multi_condition.65.json","directDownload":"http://<HUB_IP>/local/mcp-op-result-e2e.1786475850.57ef.native_apps.test_set_rule_required_expression_multi_condition.65.json","size":"1227","lastModified":"1786477612604"},{"name":"mcp-op-result-e2e.1786475850.57ef.native_apps.test_set_rule_self_gateway_envelope_edit.2.json","directDownload":"http://<HUB_IP>/local/mcp-op-result-e2e.1786475850.57ef.native_apps.test_set_rule_self_gateway_envelope_edit.2.json","size":"1485","lastModified":"1786475872652"},{"name":"mcp-op-result-e2e.1786475850.57ef.native_apps.test_set_rule_trigger_mutations.31.json","directDownload":"http://<HUB_IP>/local/mcp-op-result-e2e.1786475850.57ef.native_apps.test_set_rule_trigger_mutations.31.json","size":"1071","lastModified":"1786476781048"},{"name":"mcp-op-result-e2e.1786475850.57ef.native_apps.test_set_rule_waitevents_on_offset_action_slot.13.json","directDownload":"http://<HUB_IP>/local/mcp-op-result-e2e.1786475850.57ef.native_apps.test_set_rule_waitevents_on_offset_action_slot.13.json","size":"1157","lastModified":"1786476418080"},{"name":"mcp-op-result-e2e.1786480819.5295.native_apps.test_button_rule_create_via_controller.23.json","directDownload":"http://<HUB_IP>/local/mcp-op-result-e2e.1786480819.5295.native_apps.test_button_rule_create_via_controller.23.json","size":"1144","lastModified":"1786481624604"},{"name":"mcp-op-result-e2e.1786480819.5295.native_apps.test_set_rule_enum_doactpage.88.json","directDownload":"http://<HUB_IP>/local/mcp-op-result-e2e.1786480819.5295.native_apps.test_set_rule_enum_doactpage.88.json","size":"1040","lastModified":"1786483068892"},{"name":"mcp-op-result-e2e.1786480819.5295.native_apps.test_set_rule_modifyaction_retarget.6.json","directDownload":"http://<HUB_IP>/local/mcp-op-result-e2e.1786480819.5295.native_apps.test_set_rule_modifyaction_retarget.6.json","size":"1051","lastModified":"1786481126768"},{"name":"mcp-op-result-e2e.1786480819.5295.native_apps.test_set_rule_move_action.81.json","directDownload":"http://<HUB_IP>/local/mcp-op-result-e2e.1786480819.5295.native_apps.test_set_rule_move_action.81.json","size":"1049","lastModified":"1786482941096"},{"name":"mcp-op-result-e2e.1786480819.5295.native_apps.test_set_rule_required_expression_and_local_var.44.json","directDownload":"http://<HUB_IP>/local/mcp-op-result-e2e.1786480819.5295.native_apps.test_set_rule_required_expression_and_local_var.44.json","size":"1086","lastModified":"1786481993604"},{"name":"mcp-op-result-e2e.1786480819.5295.native_apps.test_set_rule_required_expression_and_local_var.45.json","directDownload":"http://<HUB_IP>/local/mcp-op-result-e2e.1786480819.5295.native_apps.test_set_rule_required_expression_and_local_var.45.json","size":"1049","lastModified":"1786482006584"},{"name":"mcp-op-result-e2e.1786480819.5295.native_apps.test_set_rule_self_gateway_envelope_edit.2.json","directDownload":"http://<HUB_IP>/local/mcp-op-result-e2e.1786480819.5295.native_apps.test_set_rule_self_gateway_envelope_edit.2.json","size":"1485","lastModified":"1786480842820"},{"name":"mcp-op-result-e2e.1786480819.5295.native_apps.test_set_rule_setvariable_from_device_and_math.61.json","directDownload":"http://<HUB_IP>/local/mcp-op-result-e2e.1786480819.5295.native_apps.test_set_rule_setvariable_from_device_and_math.61.json","size":"1110","lastModified":"1786482553640"},{"name":"mcp-op-result-e2e.1786480819.5295.native_apps.test_set_rule_setvariable_from_device_and_math.62.json","directDownload":"http://<HUB_IP>/local/mcp-op-result-e2e.1786480819.5295.native_apps.test_set_rule_setvariable_from_device_and_math.62.json","size":"1128","lastModified":"1786482578704"},{"name":"mcp-op-result-e2e.1786480819.5295.native_apps.test_set_rule_trigger_mutations.35.json","directDownload":"http://<HUB_IP>/local/mcp-op-result-e2e.1786480819.5295.native_apps.test_set_rule_trigger_mutations.35.json","size":"1071","lastModified":"1786481865660"},{"name":"mcp-op-result-e2e.1786480819.5295.native_apps.test_set_rule_walker_compare_to_device.70.json","directDownload":"http://<HUB_IP>/local/mcp-op-result-e2e.1786480819.5295.native_apps.test_set_rule_walker_compare_to_device.70.json","size":"1122","lastModified":"1786482726860"},{"name":"mcp-op-result-e2e.1786498134.1127.native_apps.test_button_rule_create_via_controller.19.json","directDownload":"http://<HUB_IP>/local/mcp-op-result-e2e.1786498134.1127.native_apps.test_button_rule_create_via_controller.19.json","size":"1144","lastModified":"1786498825016"},{"name":"mcp-op-result-e2e.1786498134.1127.native_apps.test_set_rule_enum_doactpage.84.json","directDownload":"http://<HUB_IP>/local/mcp-op-result-e2e.1786498134.1127.native_apps.test_set_rule_enum_doactpage.84.json","size":"1699","lastModified":"1786500364340"},{"name":"mcp-op-result-e2e.1786498134.1127.native_apps.test_set_rule_failloud_wrong_trigger_shape.4.json","directDownload":"http://<HUB_IP>/local/mcp-op-result-e2e.1786498134.1127.native_apps.test_set_rule_failloud_wrong_trigger_shape.4.json","size":"1075","lastModified":"1786498350524"},{"name":"mcp-op-result-e2e.1786498134.1127.native_apps.test_set_rule_modifyaction_retarget.6.json","directDownload":"http://<HUB_IP>/local/mcp-op-result-e2e.1786498134.1127.native_apps.test_set_rule_modifyaction_retarget.6.json","size":"1051","lastModified":"1786498445916"},{"name":"mcp-op-result-e2e.1786498134.1127.native_apps.test_set_rule_move_action.78.json","directDownload":"http://<HUB_IP>/local/mcp-op-result-e2e.1786498134.1127.native_apps.test_set_rule_move_action.78.json","size":"1049","lastModified":"1786500249668"},{"name":"mcp-op-result-e2e.1786498134.1127.native_apps.test_set_rule_required_expression_and_local_var.41.json","directDownload":"http://<HUB_IP>/local/mcp-op-result-e2e.1786498134.1127.native_apps.test_set_rule_required_expression_and_local_var.41.json","size":"1086","lastModified":"1786499294360"},{"name":"mcp-op-result-e2e.1786498134.1127.native_apps.test_set_rule_required_expression_and_local_var.42.json","directDownload":"http://<HUB_IP>/local/mcp-op-result-e2e.1786498134.1127.native_apps.test_set_rule_required_expression_and_local_var.42.json","size":"1049","lastModified":"1786499307680"},{"name":"mcp-op-result-e2e.1786498134.1127.native_apps.test_set_rule_self_gateway_envelope_edit.2.json","directDownload":"http://<HUB_IP>/local/mcp-op-result-e2e.1786498134.1127.native_apps.test_set_rule_self_gateway_envelope_edit.2.json","size":"1485","lastModified":"1786498157960"},{"name":"mcp-op-result-e2e.1786498134.1127.native_apps.test_set_rule_setvariable_from_device_and_math.58.json","directDownload":"http://<HUB_IP>/local/mcp-op-result-e2e.1786498134.1127.native_apps.test_set_rule_setvariable_from_device_and_math.58.json","size":"1110","lastModified":"1786499857512"},{"name":"mcp-op-result-e2e.1786498134.1127.native_apps.test_set_rule_trigger_mutations.31.json","directDownload":"http://<HUB_IP>/local/mcp-op-result-e2e.1786498134.1127.native_apps.test_set_rule_trigger_mutations.31.json","size":"1071","lastModified":"1786499073152"},{"name":"mcp-op-result-e2e.1786498134.1127.native_apps.test_set_rule_waitevents_on_offset_action_slot.13.json","directDownload":"http://<HUB_IP>/local/mcp-op-result-e2e.1786498134.1127.native_apps.test_set_rule_waitevents_on_offset_action_slot.13.json","size":"1098","lastModified":"1786498705032"},{"name":"mcp-op-result-e2e.1786521589.f5e1.native_apps.test_set_rule_enum_doactpage.84.json","directDownload":"http://<HUB_IP>/local/mcp-op-result-e2e.1786521589.f5e1.native_apps.test_set_rule_enum_doactpage.84.json","size":"1699","lastModified":"1786523676232"},{"name":"mcp-op-result-e2e.1786521589.f5e1.native_apps.test_set_rule_modifyaction_retarget.7.json","directDownload":"http://<HUB_IP>/local/mcp-op-result-e2e.1786521589.f5e1.native_apps.test_set_rule_modifyaction_retarget.7.json","size":"2333","lastModified":"1786521913312"},{"name":"mcp-op-result-e2e.1786536614.d932.native_apps.test_set_rule_enum_doactpage.82.json","directDownload":"http://<HUB_IP>/local/mcp-op-result-e2e.1786536614.d932.native_apps.test_set_rule_enum_doactpage.82.json","size":"1699","lastModified":"1786538801664"},{"name":"mcp-op-result-e2e.1786548478.4338.native_apps.test_set_rule_enum_doactpage.91.json","directDownload":"http://<HUB_IP>/local/mcp-op-result-e2e.1786548478.4338.native_apps.test_set_rule_enum_doactpage.91.json","size":"1699","lastModified":"1786550865424"},{"name":"mcp-op-result-e2e.1786548478.4338.native_apps.test_set_rule_modifyaction_retarget.11.json","directDownload":"http://<HUB_IP>/local/mcp-op-result-e2e.1786548478.4338.native_apps.test_set_rule_modifyaction_retarget.11.json","size":"2333","lastModified":"1786549005224"},{"name":"mcp-performance-history.csv","directDownload":"http://<HUB_IP>/local/mcp-performance-history.csv","size":"9283","lastModified":"1779852905384"},{"name":"mcp-rm-backup-40002-20260912-232825-232.json","directDownload":"http://<HUB_IP>/local/mcp-rm-backup-40002-20260912-232825-232.json","size":"15128","lastModified":"1789277305268"},{"name":"mcp-rm-backup-40007-20260912-232934-736.json","directDownload":"http://<HUB_IP>/local/mcp-rm-backup-40007-20260912-232934-736.json","size":"15227","lastModified":"1789277374768"},{"name":"mcp-rm-backup-40009-20260912-233011-891.json","directDownload":"http://<HUB_IP>/local/mcp-rm-backup-40009-20260912-233011-891.json","size":"15161","lastModified":"1789277411924"},{"name":"mcp-rm-backup-40011-20260912-233038-832.json","directDownload":"http://<HUB_IP>/local/mcp-rm-backup-40011-20260912-233038-832.json","size":"15253","lastModified":"1789277438864"},{"name":"mcp-rm-backup-40012-20260912-233049-539.json","directDownload":"http://<HUB_IP>/local/mcp-rm-backup-40012-20260912-233049-539.json","size":"16795","lastModified":"1789277449572"},{"name":"mcp-rm-backup-40015-20260912-233142-138.json","directDownload":"http://<HUB_IP>/local/mcp-rm-backup-40015-20260912-233142-138.json","size":"17820","lastModified":"1789277502172"},{"name":"mcp-rm-backup-40018-20260912-233216-811.json","directDownload":"http://<HUB_IP>/local/mcp-rm-backup-40018-20260912-233216-811.json","size":"15165","lastModified":"1789277536848"},{"name":"mcp-rm-backup-40021-20260912-233245-316.json","directDownload":"http://<HUB_IP>/local/mcp-rm-backup-40021-20260912-233245-316.json","size":"16823","lastModified":"1789277565348"},{"name":"mcp-rm-backup-40022-20260912-233258-647.json","directDownload":"http://<HUB_IP>/local/mcp-rm-backup-40022-20260912-233258-647.json","size":"16997","lastModified":"1789277578684"},{"name":"mcp-rm-backup-40023-20260912-233337-745.json","directDownload":"http://<HUB_IP>/local/mcp-rm-backup-40023-20260912-233337-745.json","size":"18216","lastModified":"1789277617780"},{"name":"mcp-rm-backup-40024-20260912-233346-729.json","directDownload":"http://<HUB_IP>/local/mcp-rm-backup-40024-20260912-233346-729.json","size":"15106","lastModified":"1789277626764"},{"name":"mcp-rm-backup-40025-20260912-233358-586.json","directDownload":"http://<HUB_IP>/local/mcp-rm-backup-40025-20260912-233358-586.json","size":"15117","lastModified":"1789277638824"},{"name":"mcp-rm-backup-40028-20260912-233429-248.json","directDownload":"http://<HUB_IP>/local/mcp-rm-backup-40028-20260912-233429-248.json","size":"15199","lastModified":"1789277669284"},{"name":"mcp-rm-backup-40029-20260912-233436-067.json","directDownload":"http://<HUB_IP>/local/mcp-rm-backup-40029-20260912-233436-067.json","size":"15018","lastModified":"1789277676104"},{"name":"mcp-rm-backup-40030-20260912-233910-555.json","directDownload":"http://<HUB_IP>/local/mcp-rm-backup-40030-20260912-233910-555.json","size":"5656","lastModified":"1789277950668"},{"name":"mcp-rm-backup-40032-20260912-233834-422.json","directDownload":"http://<HUB_IP>/local/mcp-rm-backup-40032-20260912-233834-422.json","size":"5656","lastModified":"1789277914572"},{"name":"mcp-rm-backup-40034-20260912-233907-583.json","directDownload":"http://<HUB_IP>/local/mcp-rm-backup-40034-20260912-233907-583.json","size":"15172","lastModified":"1789277947616"},{"name":"mcp-rm-backup-40035-20260912-233912-771.json","directDownload":"http://<HUB_IP>/local/mcp-rm-backup-40035-20260912-233912-771.json","size":"11680","lastModified":"1789277952804"},{"name":"mcp-rm-backup-40036-20260912-233918-782.json","directDownload":"http://<HUB_IP>/local/mcp-rm-backup-40036-20260912-233918-782.json","size":"4255","lastModified":"1789277958820"},{"name":"mcp-self-admin-lib.groovy","directDownload":"http://<HUB_IP>/local/mcp-self-admin-lib.groovy","size":"56402","lastModified":"1782419560516"},{"name":"mcp-source-app-178.groovy","directDownload":"http://<HUB_IP>/local/mcp-source-app-178.groovy","size":"401858","lastModified":"1782387822600"},{"name":"mcp-source-app-179.groovy","directDownload":"http://<HUB_IP>/local/mcp-source-app-179.groovy","size":"179169","lastModified":"1781284834604"},{"name":"mcp-source-app-254.groovy","directDownload":"http://<HUB_IP>/local/mcp-source-app-254.groovy","size":"155671","lastModified":"1788433967416"},{"name":"mcp-source-library-119.groovy","directDownload":"http://<HUB_IP>/local/mcp-source-library-119.groovy","size":"453","lastModified":"1781284832524"},{"name":"mcp-source-library-139.groovy","directDownload":"http://<HUB_IP>/local/mcp-source-library-139.groovy","size":"28384","lastModified":"1780868260016"},{"name":"mcp-source-library-145.groovy","directDownload":"http://<HUB_IP>/local/mcp-source-library-145.groovy","size":"19520","lastModified":"1780868261240"},{"name":"mcp-source-library-163.groovy","directDownload":"http://<HUB_IP>/local/mcp-source-library-163.groovy","size":"19520","lastModified":"1781284831396"},{"name":"mcp-source-library-164.groovy","directDownload":"http://<HUB_IP>/local/mcp-source-library-164.groovy","size":"28384","lastModified":"1781284829952"},{"name":"mcp-source-library-239.groovy","directDownload":"http://<HUB_IP>/local/mcp-source-library-239.groovy","size":"43619","lastModified":"1781284833788"},{"name":"mcp-variables-lib.groovy","directDownload":"http://<HUB_IP>/local/mcp-variables-lib.groovy","size":"60873","lastModified":"1781572981380"},{"name":"mcp_rule_backup_BAT_E2E_VAR_CONSUMER_20260503-233159.json","directDownload":"http://<HUB_IP>/local/mcp_rule_backup_BAT_E2E_VAR_CONSUMER_20260503-233159.json","size":"972","lastModified":"1777872719428"},{"name":"memory-monitor-reboot.groovy","directDownload":"http://<HUB_IP>/local/memory-monitor-reboot.groovy","size":"36775","lastModified":"1777994013216"},{"name":"probe-library.groovy","directDownload":"http://<HUB_IP>/local/probe-library.groovy","size":"158","lastModified":"1778272663432"},{"name":"v1_drv1_named.groovy","directDownload":"http://<HUB_IP>/local/v1_drv1_named.groovy","size":"2852","lastModified":"1778263970944"},{"name":"v1_drv2_named.groovy","directDownload":"http://<HUB_IP>/local/v1_drv2_named.groovy","size":"2852","lastModified":"1778263971052"},{"name":"v1_drv3_named.groovy","directDownload":"http://<HUB_IP>/local/v1_drv3_named.groovy","size":"2852","lastModified":"1778263971208"},{"name":"webcore","directDownload":"http://<HUB_IP>/local/webcore","size":"0"}],"total":160,"storage":"Files are stored locally on the hub's file system. Access via http://<HUB_IP>/local/<filename> or Hubitat > Settings > File Manager."}
e2e (run)	Pre-run hub status probe	2026-09-13T05:40:14.4556255Z 
e2e (run)	Pre-run hub status probe	2026-09-13T05:40:14.4556527Z === hub_list_files filter=mcp-rm-backup (per-rule snapshots) ===
e2e (run)	Pre-run hub status probe	2026-09-13T05:40:15.1123641Z {"files":[{"name":"mcp-rm-backup-40002-20260912-232825-232.json","directDownload":"http://<HUB_IP>/local/mcp-rm-backup-40002-20260912-232825-232.json","size":"15128","lastModified":"1789277305268"},{"name":"mcp-rm-backup-40007-20260912-232934-736.json","directDownload":"http://<HUB_IP>/local/mcp-rm-backup-40007-20260912-232934-736.json","size":"15227","lastModified":"1789277374768"},{"name":"mcp-rm-backup-40009-20260912-233011-891.json","directDownload":"http://<HUB_IP>/local/mcp-rm-backup-40009-20260912-233011-891.json","size":"15161","lastModified":"1789277411924"},{"name":"mcp-rm-backup-40011-20260912-233038-832.json","directDownload":"http://<HUB_IP>/local/mcp-rm-backup-40011-20260912-233038-832.json","size":"15253","lastModified":"1789277438864"},{"name":"mcp-rm-backup-40012-20260912-233049-539.json","directDownload":"http://<HUB_IP>/local/mcp-rm-backup-40012-20260912-233049-539.json","size":"16795","lastModified":"1789277449572"},{"name":"mcp-rm-backup-40015-20260912-233142-138.json","directDownload":"http://<HUB_IP>/local/mcp-rm-backup-40015-20260912-233142-138.json","size":"17820","lastModified":"1789277502172"},{"name":"mcp-rm-backup-40018-20260912-233216-811.json","directDownload":"http://<HUB_IP>/local/mcp-rm-backup-40018-20260912-233216-811.json","size":"15165","lastModified":"1789277536848"},{"name":"mcp-rm-backup-40021-20260912-233245-316.json","directDownload":"http://<HUB_IP>/local/mcp-rm-backup-40021-20260912-233245-316.json","size":"16823","lastModified":"1789277565348"},{"name":"mcp-rm-backup-40022-20260912-233258-647.json","directDownload":"http://<HUB_IP>/local/mcp-rm-backup-40022-20260912-233258-647.json","size":"16997","lastModified":"1789277578684"},{"name":"mcp-rm-backup-40023-20260912-233337-745.json","directDownload":"http://<HUB_IP>/local/mcp-rm-backup-40023-20260912-233337-745.json","size":"18216","lastModified":"1789277617780"},{"name":"mcp-rm-backup-40024-20260912-233346-729.json","directDownload":"http://<HUB_IP>/local/mcp-rm-backup-40024-20260912-233346-729.json","size":"15106","lastModified":"1789277626764"},{"name":"mcp-rm-backup-40025-20260912-233358-586.json","directDownload":"http://<HUB_IP>/local/mcp-rm-backup-40025-20260912-233358-586.json","size":"15117","lastModified":"1789277638824"},{"name":"mcp-rm-backup-40028-20260912-233429-248.json","directDownload":"http://<HUB_IP>/local/mcp-rm-backup-40028-20260912-233429-248.json","size":"15199","lastModified":"1789277669284"},{"name":"mcp-rm-backup-40029-20260912-233436-067.json","directDownload":"http://<HUB_IP>/local/mcp-rm-backup-40029-20260912-233436-067.json","size":"15018","lastModified":"1789277676104"},{"name":"mcp-rm-backup-40030-20260912-233910-555.json","directDownload":"http://<HUB_IP>/local/mcp-rm-backup-40030-20260912-233910-555.json","size":"5656","lastModified":"1789277950668"},{"name":"mcp-rm-backup-40032-20260912-233834-422.json","directDownload":"http://<HUB_IP>/local/mcp-rm-backup-40032-20260912-233834-422.json","size":"5656","lastModified":"1789277914572"},{"name":"mcp-rm-backup-40034-20260912-233907-583.json","directDownload":"http://<HUB_IP>/local/mcp-rm-backup-40034-20260912-233907-583.json","size":"15172","lastModified":"1789277947616"},{"name":"mcp-rm-backup-40035-20260912-233912-771.json","directDownload":"http://<HUB_IP>/local/mcp-rm-backup-40035-20260912-233912-771.json","size":"11680","lastModified":"1789277952804"},{"name":"mcp-rm-backup-40036-20260912-233918-782.json","directDownload":"http://<HUB_IP>/local/mcp-rm-backup-40036-20260912-233918-782.json","size":"4255","lastModified":"1789277958820"}],"total":19,"storage":"Files are stored locally on the hub's file system. Access via http://<HUB_IP>/local/<filename> or Hubitat > Settings > File Manager."}
e2e (run)	Pre-run hub status probe	2026-09-13T05:40:15.1137029Z 
e2e (run)	Pre-run hub status probe	2026-09-13T05:40:15.1143126Z === location events (lowMemory / systemStart / mode / HSM, last 24h) ===
e2e (run)	Pre-run hub status probe	2026-09-13T05:40:16.2686602Z {"source":"location","attributeFilter":null,"events":[{"name":"variable:BAT_E2E_sv_bool","value":"false","unit":null,"description":"Variable 'BAT_E2E_sv_bool' set to false","date":"2026-09-12T23:31:01.460-0600","type":"HUB_VARIABLE_SET","isStateChange":true},{"name":"variable:BAT_E2E_sv_str","value":"init","unit":null,"description":"Variable 'BAT_E2E_sv_str' set to init","date":"2026-09-12T23:31:00.570-0600","type":"HUB_VARIABLE_SET","isStateChange":true},{"name":"variable:BAT_E2E_sv_modes","value":"0","unit":null,"description":"Variable 'BAT_E2E_sv_modes' set to 0","date":"2026-09-12T23:30:59.701-0600","type":"HUB_VARIABLE_SET","isStateChange":true},{"name":"variable:BAT_E2E_contains_msg","value":"init","unit":null,"description":"Variable 'BAT_E2E_contains_msg' set to init","date":"2026-09-12T23:29:58.409-0600","type":"HUB_VARIABLE_SET","isStateChange":true},{"name":"ruleMachineV","value":"pauseRule","unit":null,"description":null,"date":"2026-09-12T23:23:11.319-0600","type":null,"isStateChange":true},{"name":"ruleMachineV","value":"resumeRule","unit":null,"description":null,"date":"2026-09-12T23:21:50.649-0600","type":null,"isStateChange":true},{"name":"ruleMachineV","value":"pauseRule","unit":null,"description":null,"date":"2026-09-12T23:21:48.509-0600","type":null,"isStateChange":true},{"name":"sunriseSunsetUpdated","value":"","unit":null,"description":null,"date":"2026-09-12T23:00:00.275-0600","type":"API","isStateChange":true},{"name":"variable:BAT_E2E_LegacyVar_34736645595_1","value":"legacy-era-v1","unit":null,"description":"Variable 'BAT_E2E_LegacyVar_34736645595_1' set to legacy-era-v1","date":"2026-09-12T22:32:52.373-0600","type":"HUB_VARIABLE_SET","isStateChange":true},{"name":"variable:BAT_E2E_BPS_SelfDisable","value":"v1","unit":null,"description":"Variable 'BAT_E2E_BPS_SelfDisable' set to v1","date":"2026-09-12T22:31:25.366-0600","type":"HUB_VARIABLE_SET","isStateChange":true},{"name":"variable:BAT_E2E_BPS_Off","value":"v1","unit":null,"description":"Variable 'BAT_E2E_BPS_Off' set to v1","date":"2026-09-12T22:31:16.679-0600","type":"HUB_VARIABLE_SET","isStateChange":true},{"name":"variable:BAT_E2E_BPS_Unlock","value":"v1","unit":null,"description":"Variable 'BAT_E2E_BPS_Unlock' set to v1","date":"2026-09-12T22:30:56.034-0600","type":"HUB_VARIABLE_SET","isStateChange":true},{"name":"variable:BAT_E2E_WriteCap_3_34736645595_1","value":"held","unit":null,"description":"Variable 'BAT_E2E_WriteCap_3_34736645595_1' set to held","date":"2026-09-12T22:29:18.408-0600","type":"HUB_VARIABLE_SET","isStateChange":true},{"name":"variable:BAT_E2E_WriteCap_2_34736645595_1","value":"held","unit":null,"description":"Variable 'BAT_E2E_WriteCap_2_34736645595_1' set to held","date":"2026-09-12T22:29:17.618-0600","type":"HUB_VARIABLE_SET","isStateChange":true},{"name":"variable:BAT_E2E_WriteCap_1_34736645595_1","value":"held","unit":null,"description":"Variable 'BAT_E2E_WriteCap_1_34736645595_1' set to held","date":"2026-09-12T22:29:16.926-0600","type":"HUB_VARIABLE_SET","isStateChange":true},{"name":"variable:BAT_E2E_WriteCap_0_34736645595_1","value":"held","unit":null,"description":"Variable 'BAT_E2E_WriteCap_0_34736645595_1' set to held","date":"2026-09-12T22:29:16.192-0600","type":"HUB_VARIABLE_SET","isStateChange":true},{"name":"sunriseSunsetUpdated","value":"","unit":null,"description":null,"date":"2026-09-12T22:27:50.317-0600","type":"API","isStateChange":true},{"name":"mode","value":"Evening","unit":null,"description":"hubitat-test is now in Evening mode","date":"2026-09-12T22:27:30.864-0600","type":"LOCATION_MODE_CHANGE","isStateChange":true},{"name":"mode","value":"BAT_E2E_Mode3","unit":null,"description":"hubitat-test is now in BAT_E2E_Mode3 mode","date":"2026-09-12T22:27:28.278-0600","type":"LOCATION_MODE_CHANGE","isStateChange":true},{"name":"variable:BAT_E2E_BulkVar_C","value":"true","unit":null,"description":"Variable 'BAT_E2E_BulkVar_C' set to true","date":"2026-09-12T22:26:42.553-0600","type":"HUB_VARIABLE_SET","isStateChange":true},{"name":"variable:BAT_E2E_BulkVar_B","value":"two","unit":null,"description":"Variable 'BAT_E2E_BulkVar_B' set to two","date":"2026-09-12T22:26:41.713-0600","type":"HUB_VARIABLE_SET","isStateChange":true},{"name":"variable:BAT_E2E_BulkVar_A","value":"1","unit":null,"description":"Variable 'BAT_E2E_BulkVar_A' set to 1","date":"2026-09-12T22:26:40.861-0600","type":"HUB_VARIABLE_SET","isStateChange":true},{"name":"variable:BAT_E2E_HubVar_RT","value":"round-trip-v1","unit":null,"description":"Variable 'BAT_E2E_HubVar_RT' set to round-trip-v1","date":"2026-09-12T22:26:34.804-0600","type":"HUB_VARIABLE_SET","isStateChange":true},{"name":"variable:BAT_E2E_sv_bool","value":"false","unit":null,"description":"Variable 'BAT_E2E_sv_bool' set to false","date":"2026-09-12T22:20:06.027-0600","type":"HUB_VARIABLE_SET","isStateChange":true},{"name":"variable:BAT_E2E_sv_str","value":"init","unit":null,"description":"Variable 'BAT_E2E_sv_str' set to init","date":"2026-09-12T22:20:05.108-0600","type":"HUB_VARIABLE_SET","isStateChange":true},{"name":"variable:BAT_E2E_sv_modes","value":"0","unit":null,"description":"Variable 'BAT_E2E_sv_modes' set to 0","date":"2026-09-12T22:20:04.223-0600","type":"HUB_VARIABLE_SET","isStateChange":true},{"name":"variable:BAT_E2E_contains_msg","value":"init","unit":null,"description":"Variable 'BAT_E2E_contains_msg' set to init","date":"2026-09-12T22:19:01.608-0600","type":"HUB_VARIABLE_SET","isStateChange":true},{"name":"ruleMachineV","value":"pauseRule","unit":null,"description":null,"date":"2026-09-12T22:11:55.861-0600","type":null,"isStateChange":true},{"name":"ruleMachineV","value":"resumeRule","unit":null,"description":null,"date":"2026-09-12T22:10:32.092-0600","type":null,"isStateChange":true},{"name":"ruleMachineV","value":"pauseRule","unit":null,"description":null,"date":"2026-09-12T22:10:29.442-0600","type":null,"isStateChange":true},{"name":"variable:BAT_E2E_LegacyVar_34733958928_1","value":"legacy-era-v1","unit":null,"description":"Variable 'BAT_E2E_LegacyVar_34733958928_1' set to legacy-era-v1","date":"2026-09-12T21:24:08.209-0600","type":"HUB_VARIABLE_SET","isStateChange":true},{"name":"variable:BAT_E2E_BPS_SelfDisable","value":"v1","unit":null,"description":"Variable 'BAT_E2E_BPS_SelfDisable' set to v1","date":"2026-09-12T21:22:56.820-0600","type":"HUB_VARIABLE_SET","isStateChange":true},{"name":"variable:BAT_E2E_BPS_Off","value":"v1","unit":null,"description":"Variable 'BAT_E2E_BPS_Off' set to v1","date":"2026-09-12T21:22:49.389-0600","type":"HUB_VARIABLE_SET","isStateChange":true},{"name":"variable:BAT_E2E_BPS_Unlock","value":"v1","unit":null,"description":"Variable 'BAT_E2E_BPS_Unlock' set to v1","date":"2026-09-12T21:22:31.237-0600","type":"HUB_VARIABLE_SET","isStateChange":true},{"name":"variable:BAT_E2E_WriteCap_3_34733958928_1","value":"held","unit":null,"description":"Variable 'BAT_E2E_WriteCap_3_34733958928_1' set to held","date":"2026-09-12T21:21:03.718-0600","type":"HUB_VARIABLE_SET","isStateChange":true},{"name":"variable:BAT_E2E_WriteCap_2_34733958928_1","value":"held","unit":null,"description":"Variable 'BAT_E2E_WriteCap_2_34733958928_1' set to held","date":"2026-09-12T21:21:02.975-0600","type":"HUB_VARIABLE_SET","isStateChange":true},{"name":"variable:BAT_E2E_WriteCap_1_34733958928_1","value":"held","unit":null,"description":"Variable 'BAT_E2E_WriteCap_1_34733958928_1' set to held","date":"2026-09-12T21:21:02.321-0600","type":"HUB_VARIABLE_SET","isStateChange":true},{"name":"variable:BAT_E2E_WriteCap_0_34733958928_1","value":"held","unit":null,"description":"Variable 'BAT_E2E_WriteCap_0_34733958928_1' set to held","date":"2026-09-12T21:21:01.644-0600","type":"HUB_VARIABLE_SET","isStateChange":true},{"name":"sunriseSunsetUpdated","value":"","unit":null,"description":null,"date":"2026-09-12T21:19:41.376-0600","type":"API","isStateChange":true},{"name":"mode","value":"Evening","unit":null,"description":"hubitat-test is now in Evening mode","date":"2026-09-12T21:19:23.479-0600","type":"LOCATION_MODE_CHANGE","isStateChange":true},{"name":"mode","value":"BAT_E2E_Mode3","unit":null,"description":"hubitat-test is now in BAT_E2E_Mode3 mode","date":"2026-09-12T21:19:21.163-0600","type":"LOCATION_MODE_CHANGE","isStateChange":true},{"name":"variable:BAT_E2E_BulkVar_C","value":"true","unit":null,"description":"Variable 'BAT_E2E_BulkVar_C' set to true","date":"2026-09-12T21:18:40.052-0600","type":"HUB_VARIABLE_SET","isStateChange":true},{"name":"variable:BAT_E2E_BulkVar_B","value":"two","unit":null,"description":"Variable 'BAT_E2E_BulkVar_B' set to two","date":"2026-09-12T21:18:39.266-0600","type":"HUB_VARIABLE_SET","isStateChange":true},{"name":"variable:BAT_E2E_BulkVar_A","value":"1","unit":null,"description":"Variable 'BAT_E2E_BulkVar_A' set to 1","date":"2026-09-12T21:18:38.492-0600","type":"HUB_VARIABLE_SET","isStateChange":true},{"name":"variable:BAT_E2E_HubVar_RT","value":"round-trip-v1","unit":null,"description":"Variable 'BAT_E2E_HubVar_RT' set to round-trip-v1","date":"2026-09-12T21:18:32.967-0600","type":"HUB_VARIABLE_SET","isStateChange":true},{"name":"variable:BAT_E2E_sv_bool","value":"false","unit":null,"description":"Variable 'BAT_E2E_sv_bool' set to false","date":"2026-09-12T21:12:33.549-0600","type":"HUB_VARIABLE_SET","isStateChange":true},{"name":"variable:BAT_E2E_sv_str","value":"init","unit":null,"description":"Variable 'BAT_E2E_sv_str' set to init","date":"2026-09-12T21:12:32.680-0600","type":"HUB_VARIABLE_SET","isStateChange":true},{"name":"variable:BAT_E2E_sv_modes","value":"0","unit":null,"description":"Variable 'BAT_E2E_sv_modes' set to 0","date":"2026-09-12T21:12:31.834-0600","type":"HUB_VARIABLE_SET","isStateChange":true},{"name":"variable:BAT_E2E_contains_msg","value":"init","unit":null,"description":"Variable 'BAT_E2E_contains_msg' set to init","date":"2026-09-12T21:11:31.831-0600","type":"HUB_VARIABLE_SET","isStateChange":true},{"name":"ruleMachineV","value":"pauseRule","unit":null,"description":null,"date":"2026-09-12T21:04:40.994-0600","type":null,"isStateChange":true}],"count":50,"sinceMode":"relative","sinceTimestamp":"2026-09-11T23:40:17.148-0600","hoursBack":24}
e2e (run)	Pre-run hub status probe	2026-09-13T05:40:16.2719953Z 
e2e (run)	Pre-run hub status probe	2026-09-13T05:40:16.2720204Z ######## BAT_E2E_ device deep-dive (events + subscribers) ########
e2e (run)	Pre-run hub status probe	2026-09-13T05:40:16.2720608Z === events for BAT_E2E_KEEP_Action_Shade (3952) ===
e2e (run)	Pre-run hub status probe	2026-09-13T05:40:16.8316228Z {"device":"BAT_E2E_KEEP_Action_Shade","events":[],"count":0}
e2e (run)	Pre-run hub status probe	2026-09-13T05:40:16.8316810Z 
e2e (run)	Pre-run hub status probe	2026-09-13T05:40:16.8348092Z === apps subscribed to BAT_E2E_KEEP_Action_Shade (3952) ===
e2e (run)	Pre-run hub status probe	2026-09-13T05:40:17.3879996Z {"deviceId":"3952","deviceName":"BAT_E2E_KEEP_Action_Shade","appsUsing":[],"count":0,"parentApp":{"appType":{"DEPRECATED":"dep","SYSTEM":"sys","USER":"usr","appSettings":null,"author":"kingpanther13","bundled":false,"category":"Automation","classLocation":null,"createTime":"2026-05-03T03:04:27+0000","deprecated":false,"description":"MCP Server with Custom Rule Engine for Hubitat","doNotAutoFocus":false,"documentationLink":null,"encryptedPassword":"","firmwareVersion":null,"hidden":false,"iconUrl":"","iconX2Url":"","iconX3Url":"","id":178,"installOnOpen":false,"menu":"Apps","mustCommitUi":false,"name":"MCP Rule Server","namespace":"mcp","oauthClientId":"350e273a-23d1-4386-a5e6-b07f60dc1d21","oauthClientSecret":"ab14e5b3-fe50-4d1c-85f1-6c5656a6d96e","oauthDisplayLink":"","oauthDisplayName":"MCP Rule Server","oauthRedirectUri":null,"parentAppId":null,"private":false,"setting":false,"showAppTitle":true,"singleInstance":true,"singleInstanceInstalledId":38,"singleThreaded":false,"source":"","sourcePassword":"","sourceUrl":null,"system":false,"type":"usr","updateTime":"2026-09-13T05:37:00+0000","useBrowserTaskQueue":false,"user":true,"version":2069,"videoLink":null},"appTypeId":178,"cleanLabelForDAO":null,"disabled":false,"documentationLink":null,"id":38,"installed":true,"label":"MCP Rule Server","name":"MCP Rule Server","parentAppId":null,"restrictedModes":[],"singleThreaded":false,"systemAppType":false,"trueLabel":null,"uiContext":false,"uiTransactionInProgress":false,"version":1}}
e2e (run)	Pre-run hub status probe	2026-09-13T05:40:17.3885667Z 
e2e (run)	Pre-run hub status probe	2026-09-13T05:40:17.3909149Z === events for BAT_E2E_KEEP_Action_Switch (2349) ===
e2e (run)	Pre-run hub status probe	2026-09-13T05:40:17.9220241Z {"device":"BAT_E2E_KEEP_Action_Switch","events":[{"name":"switch","value":"on","unit":null,"description":"BAT_E2E_KEEP_Action_Switch was turned on","date":"2026-09-12T23:08:24.965-0600","isStateChange":true},{"name":"switch","value":"off","unit":null,"description":"BAT_E2E_KEEP_Action_Switch was turned off","date":"2026-09-12T22:32:10.387-0600","isStateChange":true},{"name":"switch","value":"on","unit":null,"description":"BAT_E2E_KEEP_Action_Switch was turned on","date":"2026-09-12T21:56:17.691-0600","isStateChange":true},{"name":"switch","value":"off","unit":null,"description":"BAT_E2E_KEEP_Action_Switch was turned off","date":"2026-09-12T21:23:35.860-0600","isStateChange":true},{"name":"switch","value":"on","unit":null,"description":"BAT_E2E_KEEP_Action_Switch was turned on","date":"2026-09-12T20:50:02.253-0600","isStateChange":true},{"name":"switch","value":"off","unit":null,"description":"BAT_E2E_KEEP_Action_Switch was turned off","date":"2026-09-12T19:54:47.317-0600","isStateChange":true},{"name":"switch","value":"on","unit":null,"description":"BAT_E2E_KEEP_Action_Switch was turned on","date":"2026-09-12T19:20:56.160-0600","isStateChange":true},{"name":"switch","value":"off","unit":null,"description":"BAT_E2E_KEEP_Action_Switch was turned off","date":"2026-09-12T18:31:14.437-0600","isStateChange":true},{"name":"switch","value":"on","unit":null,"description":"BAT_E2E_KEEP_Action_Switch was turned on","date":"2026-09-12T17:56:43.645-0600","isStateChange":true},{"name":"switch","value":"off","unit":null,"description":"BAT_E2E_KEEP_Action_Switch was turned off","date":"2026-09-12T17:17:04.423-0600","isStateChange":true}],"count":10}
e2e (run)	Pre-run hub status probe	2026-09-13T05:40:17.9227796Z 
e2e (run)	Pre-run hub status probe	2026-09-13T05:40:17.9244366Z === apps subscribed to BAT_E2E_KEEP_Action_Switch (2349) ===
e2e (run)	Pre-run hub status probe	2026-09-13T05:40:18.4311478Z {"deviceId":"2349","deviceName":"BAT_E2E_KEEP_Action_Switch","appsUsing":[],"count":0,"parentApp":{"appType":{"DEPRECATED":"dep","SYSTEM":"sys","USER":"usr","appSettings":null,"author":"kingpanther13","bundled":false,"category":"Automation","classLocation":null,"createTime":"2026-05-03T03:04:27+0000","deprecated":false,"description":"MCP Server with Custom Rule Engine for Hubitat","doNotAutoFocus":false,"documentationLink":null,"encryptedPassword":"","firmwareVersion":null,"hidden":false,"iconUrl":"","iconX2Url":"","iconX3Url":"","id":178,"installOnOpen":false,"menu":"Apps","mustCommitUi":false,"name":"MCP Rule Server","namespace":"mcp","oauthClientId":"350e273a-23d1-4386-a5e6-b07f60dc1d21","oauthClientSecret":"ab14e5b3-fe50-4d1c-85f1-6c5656a6d96e","oauthDisplayLink":"","oauthDisplayName":"MCP Rule Server","oauthRedirectUri":null,"parentAppId":null,"private":false,"setting":false,"showAppTitle":true,"singleInstance":true,"singleInstanceInstalledId":38,"singleThreaded":false,"source":"","sourcePassword":"","sourceUrl":null,"system":false,"type":"usr","updateTime":"2026-09-13T05:37:00+0000","useBrowserTaskQueue":false,"user":true,"version":2069,"videoLink":null},"appTypeId":178,"cleanLabelForDAO":null,"disabled":false,"documentationLink":null,"id":38,"installed":true,"label":"MCP Rule Server","name":"MCP Rule Server","parentAppId":null,"restrictedModes":[],"singleThreaded":false,"systemAppType":false,"trueLabel":null,"uiContext":false,"uiTransactionInProgress":false,"version":1}}
e2e (run)	Pre-run hub status probe	2026-09-13T05:40:18.4317606Z 
e2e (run)	Pre-run hub status probe	2026-09-13T05:40:18.4338070Z === events for BAT_E2E_KEEP_Action_Switch (3945) ===
e2e (run)	Pre-run hub status probe	2026-09-13T05:40:18.8940504Z {"device":"BAT_E2E_KEEP_Action_Switch","events":[],"count":0}
e2e (run)	Pre-run hub status probe	2026-09-13T05:40:18.8941237Z 
e2e (run)	Pre-run hub status probe	2026-09-13T05:40:18.8974172Z === apps subscribed to BAT_E2E_KEEP_Action_Switch (3945) ===
e2e (run)	Pre-run hub status probe	2026-09-13T05:40:19.3289498Z {"deviceId":"3945","deviceName":"BAT_E2E_KEEP_Action_Switch","appsUsing":[],"count":0,"parentApp":{"appType":{"DEPRECATED":"dep","SYSTEM":"sys","USER":"usr","appSettings":null,"author":"kingpanther13","bundled":false,"category":"Automation","classLocation":null,"createTime":"2026-05-03T03:04:27+0000","deprecated":false,"description":"MCP Server with Custom Rule Engine for Hubitat","doNotAutoFocus":false,"documentationLink":null,"encryptedPassword":"","firmwareVersion":null,"hidden":false,"iconUrl":"","iconX2Url":"","iconX3Url":"","id":178,"installOnOpen":false,"menu":"Apps","mustCommitUi":false,"name":"MCP Rule Server","namespace":"mcp","oauthClientId":"350e273a-23d1-4386-a5e6-b07f60dc1d21","oauthClientSecret":"ab14e5b3-fe50-4d1c-85f1-6c5656a6d96e","oauthDisplayLink":"","oauthDisplayName":"MCP Rule Server","oauthRedirectUri":null,"parentAppId":null,"private":false,"setting":false,"showAppTitle":true,"singleInstance":true,"singleInstanceInstalledId":38,"singleThreaded":false,"source":"","sourcePassword":"","sourceUrl":null,"system":false,"type":"usr","updateTime":"2026-09-13T05:37:00+0000","useBrowserTaskQueue":false,"user":true,"version":2069,"videoLink":null},"appTypeId":178,"cleanLabelForDAO":null,"disabled":false,"documentationLink":null,"id":38,"installed":true,"label":"MCP Rule Server","name":"MCP Rule Server","parentAppId":null,"restrictedModes":[],"singleThreaded":false,"systemAppType":false,"trueLabel":null,"uiContext":false,"uiTransactionInProgress":false,"version":1}}
e2e (run)	Pre-run hub status probe	2026-09-13T05:40:19.3296281Z 
e2e (run)	Pre-run hub status probe	2026-09-13T05:40:19.3315937Z === events for BAT_E2E_KEEP_Configuration_Child (6858) ===
e2e (run)	Pre-run hub status probe	2026-09-13T05:40:20.2635200Z {"device":"BAT_E2E_KEEP_Configuration_Child","events":[{"name":"lanProbeAck","value":"idle","unit":null,"description":null,"date":"2026-09-12T23:18:12.654-0600","isStateChange":true},{"name":"lanProbeAck","value":"1789276683379851410","unit":null,"description":null,"date":"2026-09-12T23:18:11.791-0600","isStateChange":true},{"name":"lanProbeAck","value":"pending","unit":null,"description":null,"date":"2026-09-12T23:18:07.759-0600","isStateChange":true},{"name":"nativeDeviceInfo","value":"{\"nonce\":\"1789276683379851410\",\"deviceId\":\"6858\",\"fixtureVersion\":2,\"largeReadProbePresent\":false,\"name\":\"E2E_PERM_Configuration\",\"label\":\"BAT_E2E_KEEP_Configuration_Child\",\"deviceNetworkId\":\"mcp-virtual-E2E-PERM-Configuration-Child\",\"deviceTypeId\":1609,\"notes\":\"\",\"maxEvents\":40,\"maxStates\":30,\"spammyThreshold\":300,\"tags\":\"\",\"defaultIcon\":\"\",\"showOnHome\":true,\"defaultCurrentState\":\"switch\",\"roomId\":0,\"roomName\":null,\"isComponent\":false,\"meshSelectionEnabled\":true,\"retryAvailable\":false,\"retryEnabled\":false,\"parentAppId\":38,\"parentDeviceId\":null,\"virtual\":false,\"controllerType\":\"\",\"zigbeeId\":null,\"linkedDevice\":false,\"meshEnabled\":false,\"meshFullSync\":true,\"enabled\":true,\"dataValues\":{\"configurationProbe\":\"original\",\"mcpDriverNamespace\":\"mcptest\"},\"hasDashboards\":\"true\",\"commandRetrySelectionEnabled\":false,\"hubMeshRefreshEnabled\":true,\"homeKitSelectionEnabled\":true,\"homeKitEnabled\":false,\"amazonAlexaInstalled\":false,\"amazonAlexaSupported\":null,\"amazonAlexaEnabled\":false,\"googleHomeInstalled\":false,\"googleHomeSupported\":null,\"googleHomeEnabled\":false,\"dashboardIds\":[]}","unit":null,"description":null,"date":"2026-09-12T23:18:05.793-0600","isStateChange":true},{"name":"nativeConfiguration","value":"{\"nonce\":\"1789276683379851410\",\"deviceId\":\"6858\",\"fixtureVersion\":2,\"settings\":[{\"name\":\"probeBool\",\"type\":\"bool\",\"multiple\":false,\"multiplePresent\":true,\"value\":\"false\",\"valuePresent\":true,\"storageId\":null,\"storageIdPresent\":true,\"storageDeviceId\":6858,\"storageDeviceIdPresent\":true,\"defaultValue\":\"true\"},{\"name\":\"probeNumber\",\"type\":\"number\",\"multiple\":false,\"multiplePresent\":true,\"value\":\"3\",\"valuePresent\":true,\"storageId\":null,\"storageIdPresent\":true,\"storageDeviceId\":6858,\"storageDeviceIdPresent\":true,\"defaultValue\":\"7\"},{\"name\":\"probeText\",\"type\":\"text\",\"multiple\":false,\"multiplePresent\":true,\"value\":\"original saved text\",\"valuePresent\":true,\"storageId\":null,\"storageIdPresent\":true,\"storageDeviceId\":6858,\"storageDeviceIdPresent\":true,\"defaultValue\":\"declaration default\"},{\"name\":\"probeEnum\",\"type\":\"enum\",\"multiple\":false,\"multiplePresent\":true,\"value\":\"eco\",\"valuePresent\":true,\"storageId\":null,\"storageIdPresent\":true,\"storageDeviceId\":6858,\"storageDeviceIdPresent\":true,\"defaultValue\":\"comfort\"},{\"name\":\"probeMultiple\",\"type\":\"enum\",\"multiple\":true,\"multiplePresent\":true,\"value\":\"[\\\"red\\\"]\",\"valuePresent\":true,\"storageId\":null,\"storageIdPresent\":true,\"storageDeviceId\":6858,\"storageDeviceIdPresent\":true,\"defaultValue\":null}],\"inputValues\":[{\"name\":\"probeBool\",\"inputValue\":\"false\"},{\"name\":\"probeNumber\",\"inputValue\":\"3\"},{\"name\":\"probeText\",\"inputValue\":\"original saved text\"},{\"name\":\"probeEnum\",\"inputValue\":\"eco\"},{\"name\":\"probeMultiple\",\"inputValue\":\"[\\\"red\\\"]\"}],\"runtimeMultiple\":[\"red\"],\"runtimeMultipleIsList\":true}","unit":null,"description":null,"date":"2026-09-12T23:18:05.791-0600","isStateChange":true},{"name":"nativeDeviceInfo","value":"{\"nonce\":\"1789276657114177345\",\"deviceId\":\"6860\",\"fixtureVersion\":2,\"enabled\":false}","unit":null,"description":null,"date":"2026-09-12T23:17:39.549-0600","isStateChange":true},{"name":"nativeDeviceInfo","value":"{\"nonce\":\"1789276579847355963\",\"deviceId\":\"6858\",\"fixtureVersion\":2,\"largeReadProbePresent\":false,\"name\":\"E2E_PERM_Configuration\",\"label\":\"BAT_E2E_KEEP_Configuration_Child\",\"deviceNetworkId\":\"mcp-virtual-E2E-PERM-Configuration-Child\",\"deviceTypeId\":1609,\"notes\":\"\",\"maxEvents\":40,\"maxStates\":30,\"spammyThreshold\":300,\"tags\":\"\",\"defaultIcon\":\"\",\"showOnHome\":true,\"defaultCurrentState\":\"switch\",\"roomId\":0,\"roomName\":null,\"isComponent\":false,\"meshSelectionEnabled\":true,\"retryAvailable\":false,\"retryEnabled\":false,\"parentAppId\":38,\"parentDeviceId\":null,\"virtual\":false,\"controllerType\":\"\",\"zigbeeId\":null,\"linkedDevice\":false,\"meshEnabled\":false,\"meshFullSync\":true,\"enabled\":true,\"dataValues\":{\"configurationProbe\":\"original\",\"mcpDriverNamespace\":\"mcptest\"},\"hasDashboards\":\"true\",\"commandRetrySelectionEnabled\":false,\"hubMeshRefreshEnabled\":true,\"homeKitSelectionEnabled\":true,\"homeKitEnabled\":false,\"amazonAlexaInstalled\":false,\"amazonAlexaSupported\":null,\"amazonAlexaEnabled\":false,\"googleHomeInstalled\":false,\"googleHomeSupported\":null,\"googleHomeEnabled\":false,\"dashboardIds\":[]}","unit":null,"description":null,"date":"2026-09-12T23:16:22.316-0600","isStateChange":true},{"name":"nativeConfiguration","value":"{\"nonce\":\"1789276579847355963\",\"deviceId\":\"6858\",\"fixtureVersion\":2,\"settings\":[{\"name\":\"probeBool\",\"type\":\"bool\",\"multiple\":false,\"multiplePresent\":true,\"value\":\"false\",\"valuePresent\":true,\"storageId\":null,\"storageIdPresent\":true,\"storageDeviceId\":6858,\"storageDeviceIdPresent\":true,\"defaultValue\":\"true\"},{\"name\":\"probeNumber\",\"type\":\"number\",\"multiple\":false,\"multiplePresent\":true,\"value\":\"3\",\"valuePresent\":true,\"storageId\":null,\"storageIdPresent\":true,\"storageDeviceId\":6858,\"storageDeviceIdPresent\":true,\"defaultValue\":\"7\"},{\"name\":\"probeText\",\"type\":\"text\",\"multiple\":false,\"multiplePresent\":true,\"value\":\"original saved text\",\"valuePresent\":true,\"storageId\":null,\"storageIdPresent\":true,\"storageDeviceId\":6858,\"storageDeviceIdPresent\":true,\"defaultValue\":\"declaration default\"},{\"name\":\"probeEnum\",\"type\":\"enum\",\"multiple\":false,\"multiplePresent\":true,\"value\":\"eco\",\"valuePresent\":true,\"storageId\":null,\"storageIdPresent\":true,\"storageDeviceId\":6858,\"storageDeviceIdPresent\":true,\"defaultValue\":\"comfort\"},{\"name\":\"probeMultiple\",\"type\":\"enum\",\"multiple\":true,\"multiplePresent\":true,\"value\":\"[\\\"red\\\"]\",\"valuePresent\":true,\"storageId\":null,\"storageIdPresent\":true,\"storageDeviceId\":6858,\"storageDeviceIdPresent\":true,\"defaultValue\":null}],\"inputValues\":[{\"name\":\"probeBool\",\"inputValue\":\"false\"},{\"name\":\"probeNumber\",\"inputValue\":\"3\"},{\"name\":\"probeText\",\"inputValue\":\"original saved text\"},{\"name\":\"probeEnum\",\"inputValue\":\"eco\"},{\"name\":\"probeMultiple\",\"inputValue\":\"[\\\"red\\\"]\"}],\"runtimeMultiple\":[\"red\"],\"runtimeMultipleIsList\":true}","unit":null,"description":null,"date":"2026-09-12T23:16:22.314-0600","isStateChange":true},{"name":"nativeDeviceInfo","value":"{\"nonce\":\"1789276555680239332\",\"deviceId\":\"6858\",\"fixtureVersion\":2,\"largeReadProbePresent\":false,\"name\":\"BAT_E2E_KEEP_Configuration_Child_name\",\"label\":\"BAT_E2E_KEEP_Configuration_Child_Changed\",\"deviceNetworkId\":\"BAT_E2E_KEEP_Configuration_Child_retarget\",\"deviceTypeId\":1610,\"notes\":\"Native persistence: caf\\u00e9 & + =\",\"maxEvents\":47,\"maxStates\":31,\"spammyThreshold\":321,\"tags\":\"configuration-probe\",\"defaultIcon\":\"he-switch_1\",\"showOnHome\":false,\"defaultCurrentState\":\"\",\"roomId\":1280,\"roomName\":\"BAT_E2E_KEEP_Room\",\"isComponent\":false,\"meshSelectionEnabled\":true,\"retryAvailable\":false,\"retryEnabled\":false,\"parentAppId\":38,\"parentDeviceId\":null,\"virtual\":false,\"controllerType\":\"\",\"zigbeeId\":null,\"linkedDevice\":false,\"meshEnabled\":true,\"meshFullSync\":true,\"enabled\":true,\"dataValues\":{\"configurationProbe\":\"changed\",\"mcpDriverNamespace\":\"mcptest\"},\"hasDashboards\":\"true\",\"commandRetrySelectionEnabled\":false,\"hubMeshRefreshEnabled\":true,\"homeKitSelectionEnabled\":true,\"homeKitEnabled\":true,\"amazonAlexaInstalled\":false,\"amazonAlexaSupported\":null,\"amazonAlexaEnabled\":false,\"googleHomeInstalled\":false,\"googleHomeSupported\":null,\"googleHomeEnabled\":false,\"dashboardIds\":[36461]}","unit":null,"description":null,"date":"2026-09-12T23:15:58.127-0600","isStateChange":true},{"name":"nativeConfiguration","value":"{\"nonce\":\"1789276555680239332\",\"deviceId\":\"6858\",\"fixtureVersion\":2,\"settings\":[{\"name\":\"probeBool\",\"type\":\"bool\",\"multiple\":false,\"multiplePresent\":true,\"value\":\"false\",\"valuePresent\":true,\"storageId\":18735,\"storageIdPresent\":true,\"storageDeviceId\":6858,\"storageDeviceIdPresent\":true,\"defaultValue\":\"true\"},{\"name\":\"probeNumber\",\"type\":\"number\",\"multiple\":false,\"multiplePresent\":true,\"value\":\"0\",\"valuePresent\":true,\"storageId\":18736,\"storageIdPresent\":true,\"storageDeviceId\":6858,\"storageDeviceIdPresent\":true,\"defaultValue\":\"7\"},{\"name\":\"probeText\",\"type\":\"text\",\"multiple\":false,\"multiplePresent\":true,\"value\":null,\"valuePresent\":true,\"storageId\":null,\"storageIdPresent\":true,\"storageDeviceId\":null,\"storageDeviceIdPresent\":true,\"defaultValue\":\"declaration default\"},{\"name\":\"probeEnum\",\"type\":\"enum\",\"multiple\":false,\"multiplePresent\":true,\"value\":\"comfort\",\"valuePresent\":true,\"storageId\":18738,\"storageIdPresent\":true,\"storageDeviceId\":6858,\"storageDeviceIdPresent\":true,\"defaultValue\":\"comfort\"},{\"name\":\"probeMultiple\",\"type\":\"enum\",\"multiple\":false,\"multiplePresent\":true,\"value\":null,\"valuePresent\":true,\"storageId\":null,\"storageIdPresent\":true,\"storageDeviceId\":null,\"storageDeviceIdPresent\":true,\"defaultValue\":null}],\"inputValues\":[{\"name\":\"probeBool\",\"inputValue\":\"false\"},{\"name\":\"probeNumber\",\"inputValue\":\"0\"},{\"name\":\"probeText\",\"inputValue\":\"declaration default\"},{\"name\":\"probeEnum\",\"inputValue\":\"comfort\"},{\"name\":\"probeMultiple\",\"inputValue\":\"\"}],\"runtimeMultiple\":null,\"runtimeMultipleIsList\":false}","unit":null,"description":null,"date":"2026-09-12T23:15:58.125-0600","isStateChange":true}],"count":10}
e2e (run)	Pre-run hub status probe	2026-09-13T05:40:20.2669479Z 
e2e (run)	Pre-run hub status probe	2026-09-13T05:40:20.2669757Z === apps subscribed to BAT_E2E_KEEP_Configuration_Child (6858) ===
e2e (run)	Pre-run hub status probe	2026-09-13T05:40:20.7981316Z {"deviceId":"6858","deviceName":"BAT_E2E_KEEP_Configuration_Child","appsUsing":[],"count":0,"parentApp":{"appType":{"DEPRECATED":"dep","SYSTEM":"sys","USER":"usr","appSettings":null,"author":"kingpanther13","bundled":false,"category":"Automation","classLocation":null,"createTime":"2026-05-03T03:04:27+0000","deprecated":false,"description":"MCP Server with Custom Rule Engine for Hubitat","doNotAutoFocus":false,"documentationLink":null,"encryptedPassword":"","firmwareVersion":null,"hidden":false,"iconUrl":"","iconX2Url":"","iconX3Url":"","id":178,"installOnOpen":false,"menu":"Apps","mustCommitUi":false,"name":"MCP Rule Server","namespace":"mcp","oauthClientId":"350e273a-23d1-4386-a5e6-b07f60dc1d21","oauthClientSecret":"ab14e5b3-fe50-4d1c-85f1-6c5656a6d96e","oauthDisplayLink":"","oauthDisplayName":"MCP Rule Server","oauthRedirectUri":null,"parentAppId":null,"private":false,"setting":false,"showAppTitle":true,"singleInstance":true,"singleInstanceInstalledId":38,"singleThreaded":false,"source":"","sourcePassword":"","sourceUrl":null,"system":false,"type":"usr","updateTime":"2026-09-13T05:37:00+0000","useBrowserTaskQueue":false,"user":true,"version":2069,"videoLink":null},"appTypeId":178,"cleanLabelForDAO":null,"disabled":false,"documentationLink":null,"id":38,"installed":true,"label":"MCP Rule Server","name":"MCP Rule Server","parentAppId":null,"restrictedModes":[],"singleThreaded":false,"systemAppType":false,"trueLabel":null,"uiContext":false,"uiTransactionInProgress":false,"version":1}}
e2e (run)	Pre-run hub status probe	2026-09-13T05:40:20.7987342Z 
e2e (run)	Pre-run hub status probe	2026-09-13T05:40:20.8009700Z === events for BAT_E2E_KEEP_Configuration_StandaloneBypass (6860) ===
e2e (run)	Pre-run hub status probe	2026-09-13T05:40:21.7645916Z {"device":"BAT_E2E_KEEP_Configuration_StandaloneBypass","events":[{"name":"lanProbeAck","value":"idle","unit":null,"description":null,"date":"2026-09-12T23:18:23.047-0600","isStateChange":true},{"name":"lanProbeAck","value":"1789276697144146901","unit":null,"description":null,"date":"2026-09-12T23:18:21.601-0600","isStateChange":true},{"name":"lanProbeAck","value":"pending","unit":null,"description":null,"date":"2026-09-12T23:18:21.565-0600","isStateChange":true},{"name":"nativeDeviceInfo","value":"{\"nonce\":\"1789276697144146901\",\"deviceId\":\"6860\",\"fixtureVersion\":2,\"largeReadProbePresent\":false,\"name\":\"E2E_PERM_Configuration\",\"label\":\"BAT_E2E_KEEP_Configuration_StandaloneBypass\",\"deviceNetworkId\":\"e2e-perm-configuration-standalone-bypass\",\"deviceTypeId\":1609,\"notes\":\"\",\"maxEvents\":40,\"maxStates\":30,\"spammyThreshold\":300,\"tags\":\"\",\"defaultIcon\":\"\",\"showOnHome\":false,\"defaultCurrentState\":\"\",\"roomId\":0,\"roomName\":null,\"isComponent\":false,\"meshSelectionEnabled\":true,\"retryAvailable\":false,\"retryEnabled\":false,\"parentAppId\":null,\"parentDeviceId\":null,\"virtual\":false,\"controllerType\":\"\",\"zigbeeId\":\"0200000000006860\",\"linkedDevice\":false,\"meshEnabled\":false,\"meshFullSync\":true,\"enabled\":true,\"dataValues\":{\"configurationProbe\":\"original\"},\"hasDashboards\":\"true\",\"commandRetrySelectionEnabled\":false,\"hubMeshRefreshEnabled\":true,\"homeKitSelectionEnabled\":true,\"homeKitEnabled\":false,\"amazonAlexaInstalled\":false,\"amazonAlexaSupported\":null,\"amazonAlexaEnabled\":false,\"googleHomeInstalled\":false,\"googleHomeSupported\":null,\"googleHomeEnabled\":false,\"dashboardIds\":[]}","unit":null,"description":null,"date":"2026-09-12T23:18:19.502-0600","isStateChange":true},{"name":"nativeConfiguration","value":"{\"nonce\":\"1789276697144146901\",\"deviceId\":\"6860\",\"fixtureVersion\":2,\"settings\":[{\"name\":\"probeBool\",\"type\":\"bool\",\"multiple\":false,\"multiplePresent\":true,\"value\":\"false\",\"valuePresent\":true,\"storageId\":null,\"storageIdPresent\":true,\"storageDeviceId\":6860,\"storageDeviceIdPresent\":true,\"defaultValue\":\"true\"},{\"name\":\"probeNumber\",\"type\":\"number\",\"multiple\":false,\"multiplePresent\":true,\"value\":\"3\",\"valuePresent\":true,\"storageId\":null,\"storageIdPresent\":true,\"storageDeviceId\":6860,\"storageDeviceIdPresent\":true,\"defaultValue\":\"7\"},{\"name\":\"probeText\",\"type\":\"text\",\"multiple\":false,\"multiplePresent\":true,\"value\":\"original saved text\",\"valuePresent\":true,\"storageId\":null,\"storageIdPresent\":true,\"storageDeviceId\":6860,\"storageDeviceIdPresent\":true,\"defaultValue\":\"declaration default\"},{\"name\":\"probeEnum\",\"type\":\"enum\",\"multiple\":false,\"multiplePresent\":true,\"value\":\"eco\",\"valuePresent\":true,\"storageId\":null,\"storageIdPresent\":true,\"storageDeviceId\":6860,\"storageDeviceIdPresent\":true,\"defaultValue\":\"comfort\"},{\"name\":\"probeMultiple\",\"type\":\"enum\",\"multiple\":true,\"multiplePresent\":true,\"value\":\"[\\\"red\\\"]\",\"valuePresent\":true,\"storageId\":null,\"storageIdPresent\":true,\"storageDeviceId\":6860,\"storageDeviceIdPresent\":true,\"defaultValue\":null}],\"inputValues\":[{\"name\":\"probeBool\",\"inputValue\":\"false\"},{\"name\":\"probeNumber\",\"inputValue\":\"3\"},{\"name\":\"probeText\",\"inputValue\":\"original saved text\"},{\"name\":\"probeEnum\",\"inputValue\":\"eco\"},{\"name\":\"probeMultiple\",\"inputValue\":\"[\\\"red\\\"]\"}],\"runtimeMultiple\":[\"red\"],\"runtimeMultipleIsList\":true}","unit":null,"description":null,"date":"2026-09-12T23:18:19.501-0600","isStateChange":true},{"name":"nativeDeviceInfo","value":"{\"nonce\":\"1789276677225389815\",\"deviceId\":\"6860\",\"fixtureVersion\":2,\"largeReadProbePresent\":false,\"name\":\"E2E_PERM_Configuration\",\"label\":\"BAT_E2E_KEEP_Configuration_StandaloneBypass\",\"deviceNetworkId\":\"e2e-perm-configuration-standalone-bypass\",\"deviceTypeId\":1609,\"notes\":\"\",\"maxEvents\":40,\"maxStates\":30,\"spammyThreshold\":300,\"tags\":\"\",\"defaultIcon\":\"\",\"showOnHome\":false,\"defaultCurrentState\":\"\",\"roomId\":0,\"roomName\":null,\"isComponent\":false,\"meshSelectionEnabled\":true,\"retryAvailable\":false,\"retryEnabled\":false,\"parentAppId\":null,\"parentDeviceId\":null,\"virtual\":false,\"controllerType\":\"\",\"zigbeeId\":\"0200000000006860\",\"linkedDevice\":false,\"meshEnabled\":false,\"meshFullSync\":true,\"enabled\":true,\"dataValues\":{\"configurationProbe\":\"original\"},\"hasDashboards\":\"true\",\"commandRetrySelectionEnabled\":false,\"hubMeshRefreshEnabled\":true,\"homeKitSelectionEnabled\":true,\"homeKitEnabled\":false,\"amazonAlexaInstalled\":false,\"amazonAlexaSupported\":null,\"amazonAlexaEnabled\":false,\"googleHomeInstalled\":false,\"googleHomeSupported\":null,\"googleHomeEnabled\":false,\"dashboardIds\":[]}","unit":null,"description":null,"date":"2026-09-12T23:17:59.652-0600","isStateChange":true},{"name":"nativeConfiguration","value":"{\"nonce\":\"1789276677225389815\",\"deviceId\":\"6860\",\"fixtureVersion\":2,\"settings\":[{\"name\":\"probeBool\",\"type\":\"bool\",\"multiple\":false,\"multiplePresent\":true,\"value\":\"false\",\"valuePresent\":true,\"storageId\":null,\"storageIdPresent\":true,\"storageDeviceId\":6860,\"storageDeviceIdPresent\":true,\"defaultValue\":\"true\"},{\"name\":\"probeNumber\",\"type\":\"number\",\"multiple\":false,\"multiplePresent\":true,\"value\":\"3\",\"valuePresent\":true,\"storageId\":null,\"storageIdPresent\":true,\"storageDeviceId\":6860,\"storageDeviceIdPresent\":true,\"defaultValue\":\"7\"},{\"name\":\"probeText\",\"type\":\"text\",\"multiple\":false,\"multiplePresent\":true,\"value\":\"original saved text\",\"valuePresent\":true,\"storageId\":null,\"storageIdPresent\":true,\"storageDeviceId\":6860,\"storageDeviceIdPresent\":true,\"defaultValue\":\"declaration default\"},{\"name\":\"probeEnum\",\"type\":\"enum\",\"multiple\":false,\"multiplePresent\":true,\"value\":\"eco\",\"valuePresent\":true,\"storageId\":null,\"storageIdPresent\":true,\"storageDeviceId\":6860,\"storageDeviceIdPresent\":true,\"defaultValue\":\"comfort\"},{\"name\":\"probeMultiple\",\"type\":\"enum\",\"multiple\":true,\"multiplePresent\":true,\"value\":\"[\\\"red\\\"]\",\"valuePresent\":true,\"storageId\":null,\"storageIdPresent\":true,\"storageDeviceId\":6860,\"storageDeviceIdPresent\":true,\"defaultValue\":null}],\"inputValues\":[{\"name\":\"probeBool\",\"inputValue\":\"false\"},{\"name\":\"probeNumber\",\"inputValue\":\"3\"},{\"name\":\"probeText\",\"inputValue\":\"original saved text\"},{\"name\":\"probeEnum\",\"inputValue\":\"eco\"},{\"name\":\"probeMultiple\",\"inputValue\":\"[\\\"red\\\"]\"}],\"runtimeMultiple\":[\"red\"],\"runtimeMultipleIsList\":true}","unit":null,"description":null,"date":"2026-09-12T23:17:59.651-0600","isStateChange":true},{"name":"nativeDeviceInfo","value":"{\"nonce\":\"1789276652871953656\",\"deviceId\":\"6860\",\"fixtureVersion\":2,\"largeReadProbePresent\":false,\"name\":\"BAT_E2E_KEEP_Configuration_StandaloneBypass_name\",\"label\":\"BAT_E2E_KEEP_Configuration_StandaloneBypass_Changed\",\"deviceNetworkId\":\"BAT_E2E_KEEP_Configuration_StandaloneBypass_retarget\",\"deviceTypeId\":1610,\"notes\":\"Native persistence: caf\\u00e9 & + =\",\"maxEvents\":47,\"maxStates\":31,\"spammyThreshold\":321,\"tags\":\"configuration-probe\",\"defaultIcon\":\"he-switch_1\",\"showOnHome\":false,\"defaultCurrentState\":\"\",\"roomId\":1280,\"roomName\":\"BAT_E2E_KEEP_Room\",\"isComponent\":false,\"meshSelectionEnabled\":true,\"retryAvailable\":false,\"retryEnabled\":false,\"parentAppId\":null,\"parentDeviceId\":null,\"virtual\":false,\"controllerType\":\"\",\"zigbeeId\":\"0200000000016860\",\"linkedDevice\":false,\"meshEnabled\":true,\"meshFullSync\":true,\"enabled\":true,\"dataValues\":{\"configurationProbe\":\"changed\"},\"hasDashboards\":\"true\",\"commandRetrySelectionEnabled\":false,\"hubMeshRefreshEnabled\":true,\"homeKitSelectionEnabled\":true,\"homeKitEnabled\":true,\"amazonAlexaInstalled\":false,\"amazonAlexaSupported\":null,\"amazonAlexaEnabled\":false,\"googleHomeInstalled\":false,\"googleHomeSupported\":null,\"googleHomeEnabled\":false,\"dashboardIds\":[36461]}","unit":null,"description":null,"date":"2026-09-12T23:17:35.294-0600","isStateChange":true},{"name":"nativeConfiguration","value":"{\"nonce\":\"1789276652871953656\",\"deviceId\":\"6860\",\"fixtureVersion\":2,\"settings\":[{\"name\":\"probeBool\",\"type\":\"bool\",\"multiple\":false,\"multiplePresent\":true,\"value\":\"true\",\"valuePresent\":true,\"storageId\":null,\"storageIdPresent\":true,\"storageDeviceId\":6860,\"storageDeviceIdPresent\":true,\"defaultValue\":\"true\"},{\"name\":\"probeNumber\",\"type\":\"number\",\"multiple\":false,\"multiplePresent\":true,\"value\":\"0\",\"valuePresent\":true,\"storageId\":null,\"storageIdPresent\":true,\"storageDeviceId\":6860,\"storageDeviceIdPresent\":true,\"defaultValue\":\"7\"},{\"name\":\"probeText\",\"type\":\"text\",\"multiple\":false,\"multiplePresent\":true,\"value\":\"literal & + = caf\\u00e9\",\"valuePresent\":true,\"storageId\":null,\"storageIdPresent\":true,\"storageDeviceId\":6860,\"storageDeviceIdPresent\":true,\"defaultValue\":\"declaration default\"},{\"name\":\"probeEnum\",\"type\":\"enum\",\"multiple\":false,\"multiplePresent\":true,\"value\":\"comfort\",\"valuePresent\":true,\"storageId\":null,\"storageIdPresent\":true,\"storageDeviceId\":6860,\"storageDeviceIdPresent\":true,\"defaultValue\":\"comfort\"},{\"name\":\"probeMultiple\",\"type\":\"enum\",\"multiple\":true,\"multiplePresent\":true,\"value\":\"[\\\"red\\\",\\\"blue\\\"]\",\"valuePresent\":true,\"storageId\":null,\"storageIdPresent\":true,\"storageDeviceId\":6860,\"storageDeviceIdPresent\":true,\"defaultValue\":null}],\"inputValues\":[{\"name\":\"probeBool\",\"inputValue\":\"true\"},{\"name\":\"probeNumber\",\"inputValue\":\"0\"},{\"name\":\"probeText\",\"inputValue\":\"literal & + = caf\\u00e9\"},{\"name\":\"probeEnum\",\"inputValue\":\"comfort\"},{\"name\":\"probeMultiple\",\"inputValue\":\"[\\\"red\\\",\\\"blue\\\"]\"}],\"runtimeMultiple\":[\"red\",\"blue\"],\"runtimeMultipleIsList\":true}","unit":null,"description":null,"date":"2026-09-12T23:17:35.293-0600","isStateChange":true},{"name":"nativeDeviceInfo","value":"{\"nonce\":\"1789276646614877218\",\"deviceId\":\"6860\",\"fixtureVersion\":2,\"largeReadProbePresent\":false,\"name\":\"BAT_E2E_KEEP_Configuration_StandaloneBypass_name\",\"label\":\"BAT_E2E_KEEP_Configuration_StandaloneBypass_Changed\",\"deviceNetworkId\":\"BAT_E2E_KEEP_Configuration_StandaloneBypass_retarget\",\"deviceTypeId\":1609,\"notes\":\"Native persistence: caf\\u00e9 & + =\",\"maxEvents\":47,\"maxStates\":31,\"spammyThreshold\":321,\"tags\":\"configuration-probe\",\"defaultIcon\":\"he-switch_1\",\"showOnHome\":false,\"defaultCurrentState\":\"\",\"roomId\":1280,\"roomName\":\"BAT_E2E_KEEP_Room\",\"isComponent\":false,\"meshSelectionEnabled\":true,\"retryAvailable\":false,\"retryEnabled\":false,\"parentAppId\":null,\"parentDeviceId\":null,\"virtual\":false,\"controllerType\":\"\",\"zigbeeId\":\"0200000000016860\",\"linkedDevice\":false,\"meshEnabled\":true,\"meshFullSync\":true,\"enabled\":true,\"dataValues\":{\"configurationProbe\":\"changed\"},\"hasDashboards\":\"true\",\"commandRetrySelectionEnabled\":false,\"hubMeshRefreshEnabled\":true,\"homeKitSelectionEnabled\":true,\"homeKitEnabled\":true,\"amazonAlexaInstalled\":false,\"amazonAlexaSupported\":null,\"amazonAlexaEnabled\":false,\"googleHomeInstalled\":false,\"googleHomeSupported\":null,\"googleHomeEnabled\":false,\"dashboardIds\":[36461]}","unit":null,"description":null,"date":"2026-09-12T23:17:29.037-0600","isStateChange":true}],"count":10}
e2e (run)	Pre-run hub status probe	2026-09-13T05:40:21.7711439Z 
e2e (run)	Pre-run hub status probe	2026-09-13T05:40:21.7711952Z === apps subscribed to BAT_E2E_KEEP_Configuration_StandaloneBypass (6860) ===
e2e (run)	Pre-run hub status probe	2026-09-13T05:40:22.2610430Z {"deviceId":"6860","deviceName":"BAT_E2E_KEEP_Configuration_StandaloneBypass","appsUsing":[],"count":0,"parentApp":null}
e2e (run)	Pre-run hub status probe	2026-09-13T05:40:22.2611212Z 
e2e (run)	Pre-run hub status probe	2026-09-13T05:40:22.2640701Z === events for BAT_E2E_KEEP_Configuration_StandaloneSDK (6859) ===
e2e (run)	Pre-run hub status probe	2026-09-13T05:40:23.2623491Z {"device":"BAT_E2E_KEEP_Configuration_StandaloneSDK","events":[{"name":"lanProbeAck","value":"idle","unit":null,"description":null,"date":"2026-09-12T23:18:17.927-0600","isStateChange":true},{"name":"lanProbeAck","value":"1789276691917010880","unit":null,"description":null,"date":"2026-09-12T23:18:16.472-0600","isStateChange":true},{"name":"lanProbeAck","value":"pending","unit":null,"description":null,"date":"2026-09-12T23:18:16.390-0600","isStateChange":true},{"name":"nativeDeviceInfo","value":"{\"nonce\":\"1789276691917010880\",\"deviceId\":\"6859\",\"fixtureVersion\":2,\"largeReadProbePresent\":false,\"name\":\"E2E_PERM_Configuration\",\"label\":\"BAT_E2E_KEEP_Configuration_StandaloneSDK\",\"deviceNetworkId\":\"6e66190d-724f-4a21-8d77-bad638f216ad\",\"deviceTypeId\":1609,\"notes\":\"\",\"maxEvents\":40,\"maxStates\":30,\"spammyThreshold\":300,\"tags\":\"\",\"defaultIcon\":\"\",\"showOnHome\":true,\"defaultCurrentState\":\"switch\",\"roomId\":0,\"roomName\":null,\"isComponent\":false,\"meshSelectionEnabled\":true,\"retryAvailable\":false,\"retryEnabled\":false,\"parentAppId\":null,\"parentDeviceId\":null,\"virtual\":false,\"controllerType\":\"\",\"zigbeeId\":\"0200000000006859\",\"linkedDevice\":false,\"meshEnabled\":false,\"meshFullSync\":true,\"enabled\":true,\"dataValues\":{\"configurationProbe\":\"original\"},\"hasDashboards\":\"true\",\"commandRetrySelectionEnabled\":false,\"hubMeshRefreshEnabled\":true,\"homeKitSelectionEnabled\":true,\"homeKitEnabled\":false,\"amazonAlexaInstalled\":false,\"amazonAlexaSupported\":null,\"amazonAlexaEnabled\":false,\"googleHomeInstalled\":false,\"googleHomeSupported\":null,\"googleHomeEnabled\":false,\"dashboardIds\":[]}","unit":null,"description":null,"date":"2026-09-12T23:18:14.333-0600","isStateChange":true},{"name":"nativeConfiguration","value":"{\"nonce\":\"1789276691917010880\",\"deviceId\":\"6859\",\"fixtureVersion\":2,\"settings\":[{\"name\":\"probeBool\",\"type\":\"bool\",\"multiple\":false,\"multiplePresent\":true,\"value\":\"false\",\"valuePresent\":true,\"storageId\":null,\"storageIdPresent\":true,\"storageDeviceId\":6859,\"storageDeviceIdPresent\":true,\"defaultValue\":\"true\"},{\"name\":\"probeNumber\",\"type\":\"number\",\"multiple\":false,\"multiplePresent\":true,\"value\":\"3\",\"valuePresent\":true,\"storageId\":null,\"storageIdPresent\":true,\"storageDeviceId\":6859,\"storageDeviceIdPresent\":true,\"defaultValue\":\"7\"},{\"name\":\"probeText\",\"type\":\"text\",\"multiple\":false,\"multiplePresent\":true,\"value\":\"original saved text\",\"valuePresent\":true,\"storageId\":null,\"storageIdPresent\":true,\"storageDeviceId\":6859,\"storageDeviceIdPresent\":true,\"defaultValue\":\"declaration default\"},{\"name\":\"probeEnum\",\"type\":\"enum\",\"multiple\":false,\"multiplePresent\":true,\"value\":\"eco\",\"valuePresent\":true,\"storageId\":null,\"storageIdPresent\":true,\"storageDeviceId\":6859,\"storageDeviceIdPresent\":true,\"defaultValue\":\"comfort\"},{\"name\":\"probeMultiple\",\"type\":\"enum\",\"multiple\":true,\"multiplePresent\":true,\"value\":\"[\\\"red\\\"]\",\"valuePresent\":true,\"storageId\":null,\"storageIdPresent\":true,\"storageDeviceId\":6859,\"storageDeviceIdPresent\":true,\"defaultValue\":null}],\"inputValues\":[{\"name\":\"probeBool\",\"inputValue\":\"false\"},{\"name\":\"probeNumber\",\"inputValue\":\"3\"},{\"name\":\"probeText\",\"inputValue\":\"original saved text\"},{\"name\":\"probeEnum\",\"inputValue\":\"eco\"},{\"name\":\"probeMultiple\",\"inputValue\":\"[\\\"red\\\"]\"}],\"runtimeMultiple\":[\"red\"],\"runtimeMultipleIsList\":true}","unit":null,"description":null,"date":"2026-09-12T23:18:14.331-0600","isStateChange":true},{"name":"nativeDeviceInfo","value":"{\"nonce\":\"1789276625202841606\",\"deviceId\":\"6859\",\"fixtureVersion\":2,\"largeReadProbePresent\":false,\"name\":\"E2E_PERM_Configuration\",\"label\":\"BAT_E2E_KEEP_Configuration_StandaloneSDK\",\"deviceNetworkId\":\"6e66190d-724f-4a21-8d77-bad638f216ad\",\"deviceTypeId\":1609,\"notes\":\"\",\"maxEvents\":40,\"maxStates\":30,\"spammyThreshold\":300,\"tags\":\"\",\"defaultIcon\":\"\",\"showOnHome\":true,\"defaultCurrentState\":\"switch\",\"roomId\":0,\"roomName\":null,\"isComponent\":false,\"meshSelectionEnabled\":true,\"retryAvailable\":false,\"retryEnabled\":false,\"parentAppId\":null,\"parentDeviceId\":null,\"virtual\":false,\"controllerType\":\"\",\"zigbeeId\":\"0200000000006859\",\"linkedDevice\":false,\"meshEnabled\":false,\"meshFullSync\":true,\"enabled\":true,\"dataValues\":{\"configurationProbe\":\"original\"},\"hasDashboards\":\"true\",\"commandRetrySelectionEnabled\":false,\"hubMeshRefreshEnabled\":true,\"homeKitSelectionEnabled\":true,\"homeKitEnabled\":false,\"amazonAlexaInstalled\":false,\"amazonAlexaSupported\":null,\"amazonAlexaEnabled\":false,\"googleHomeInstalled\":false,\"googleHomeSupported\":null,\"googleHomeEnabled\":false,\"dashboardIds\":[]}","unit":null,"description":null,"date":"2026-09-12T23:17:07.616-0600","isStateChange":true},{"name":"nativeConfiguration","value":"{\"nonce\":\"1789276625202841606\",\"deviceId\":\"6859\",\"fixtureVersion\":2,\"settings\":[{\"name\":\"probeBool\",\"type\":\"bool\",\"multiple\":false,\"multiplePresent\":true,\"value\":\"false\",\"valuePresent\":true,\"storageId\":null,\"storageIdPresent\":true,\"storageDeviceId\":6859,\"storageDeviceIdPresent\":true,\"defaultValue\":\"true\"},{\"name\":\"probeNumber\",\"type\":\"number\",\"multiple\":false,\"multiplePresent\":true,\"value\":\"3\",\"valuePresent\":true,\"storageId\":null,\"storageIdPresent\":true,\"storageDeviceId\":6859,\"storageDeviceIdPresent\":true,\"defaultValue\":\"7\"},{\"name\":\"probeText\",\"type\":\"text\",\"multiple\":false,\"multiplePresent\":true,\"value\":\"original saved text\",\"valuePresent\":true,\"storageId\":null,\"storageIdPresent\":true,\"storageDeviceId\":6859,\"storageDeviceIdPresent\":true,\"defaultValue\":\"declaration default\"},{\"name\":\"probeEnum\",\"type\":\"enum\",\"multiple\":false,\"multiplePresent\":true,\"value\":\"eco\",\"valuePresent\":true,\"storageId\":null,\"storageIdPresent\":true,\"storageDeviceId\":6859,\"storageDeviceIdPresent\":true,\"defaultValue\":\"comfort\"},{\"name\":\"probeMultiple\",\"type\":\"enum\",\"multiple\":true,\"multiplePresent\":true,\"value\":\"[\\\"red\\\"]\",\"valuePresent\":true,\"storageId\":null,\"storageIdPresent\":true,\"storageDeviceId\":6859,\"storageDeviceIdPresent\":true,\"defaultValue\":null}],\"inputValues\":[{\"name\":\"probeBool\",\"inputValue\":\"false\"},{\"name\":\"probeNumber\",\"inputValue\":\"3\"},{\"name\":\"probeText\",\"inputValue\":\"original saved text\"},{\"name\":\"probeEnum\",\"inputValue\":\"eco\"},{\"name\":\"probeMultiple\",\"inputValue\":\"[\\\"red\\\"]\"}],\"runtimeMultiple\":[\"red\"],\"runtimeMultipleIsList\":true}","unit":null,"description":null,"date":"2026-09-12T23:17:07.614-0600","isStateChange":true},{"name":"nativeDeviceInfo","value":"{\"nonce\":\"1789276600938188685\",\"deviceId\":\"6859\",\"fixtureVersion\":2,\"largeReadProbePresent\":false,\"name\":\"BAT_E2E_KEEP_Configuration_StandaloneSDK_name\",\"label\":\"BAT_E2E_KEEP_Configuration_StandaloneSDK_Changed\",\"deviceNetworkId\":\"BAT_E2E_KEEP_Configuration_StandaloneSDK_retarget\",\"deviceTypeId\":1610,\"notes\":\"Native persistence: caf\\u00e9 & + =\",\"maxEvents\":47,\"maxStates\":31,\"spammyThreshold\":321,\"tags\":\"configuration-probe\",\"defaultIcon\":\"he-switch_1\",\"showOnHome\":false,\"defaultCurrentState\":\"\",\"roomId\":1280,\"roomName\":\"BAT_E2E_KEEP_Room\",\"isComponent\":false,\"meshSelectionEnabled\":true,\"retryAvailable\":false,\"retryEnabled\":false,\"parentAppId\":null,\"parentDeviceId\":null,\"virtual\":false,\"controllerType\":\"\",\"zigbeeId\":\"0200000000016859\",\"linkedDevice\":false,\"meshEnabled\":true,\"meshFullSync\":true,\"enabled\":true,\"dataValues\":{\"configurationProbe\":\"changed\"},\"hasDashboards\":\"true\",\"commandRetrySelectionEnabled\":false,\"hubMeshRefreshEnabled\":true,\"homeKitSelectionEnabled\":true,\"homeKitEnabled\":true,\"amazonAlexaInstalled\":false,\"amazonAlexaSupported\":null,\"amazonAlexaEnabled\":false,\"googleHomeInstalled\":false,\"googleHomeSupported\":null,\"googleHomeEnabled\":false,\"dashboardIds\":[36461]}","unit":null,"description":null,"date":"2026-09-12T23:16:43.379-0600","isStateChange":true},{"name":"nativeConfiguration","value":"{\"nonce\":\"1789276600938188685\",\"deviceId\":\"6859\",\"fixtureVersion\":2,\"settings\":[{\"name\":\"probeBool\",\"type\":\"bool\",\"multiple\":false,\"multiplePresent\":true,\"value\":\"true\",\"valuePresent\":true,\"storageId\":null,\"storageIdPresent\":true,\"storageDeviceId\":6859,\"storageDeviceIdPresent\":true,\"defaultValue\":\"true\"},{\"name\":\"probeNumber\",\"type\":\"number\",\"multiple\":false,\"multiplePresent\":true,\"value\":\"0\",\"valuePresent\":true,\"storageId\":null,\"storageIdPresent\":true,\"storageDeviceId\":6859,\"storageDeviceIdPresent\":true,\"defaultValue\":\"7\"},{\"name\":\"probeText\",\"type\":\"text\",\"multiple\":false,\"multiplePresent\":true,\"value\":\"literal & + = caf\\u00e9\",\"valuePresent\":true,\"storageId\":null,\"storageIdPresent\":true,\"storageDeviceId\":6859,\"storageDeviceIdPresent\":true,\"defaultValue\":\"declaration default\"},{\"name\":\"probeEnum\",\"type\":\"enum\",\"multiple\":false,\"multiplePresent\":true,\"value\":\"comfort\",\"valuePresent\":true,\"storageId\":null,\"storageIdPresent\":true,\"storageDeviceId\":6859,\"storageDeviceIdPresent\":true,\"defaultValue\":\"comfort\"},{\"name\":\"probeMultiple\",\"type\":\"enum\",\"multiple\":true,\"multiplePresent\":true,\"value\":\"[\\\"red\\\",\\\"blue\\\"]\",\"valuePresent\":true,\"storageId\":null,\"storageIdPresent\":true,\"storageDeviceId\":6859,\"storageDeviceIdPresent\":true,\"defaultValue\":null}],\"inputValues\":[{\"name\":\"probeBool\",\"inputValue\":\"true\"},{\"name\":\"probeNumber\",\"inputValue\":\"0\"},{\"name\":\"probeText\",\"inputValue\":\"literal & + = caf\\u00e9\"},{\"name\":\"probeEnum\",\"inputValue\":\"comfort\"},{\"name\":\"probeMultiple\",\"inputValue\":\"[\\\"red\\\",\\\"blue\\\"]\"}],\"runtimeMultiple\":[\"red\",\"blue\"],\"runtimeMultipleIsList\":true}","unit":null,"description":null,"date":"2026-09-12T23:16:43.378-0600","isStateChange":true},{"name":"nativeDeviceInfo","value":"{\"nonce\":\"1789276594716039725\",\"deviceId\":\"6859\",\"fixtureVersion\":2,\"largeReadProbePresent\":false,\"name\":\"BAT_E2E_KEEP_Configuration_StandaloneSDK_name\",\"label\":\"BAT_E2E_KEEP_Configuration_StandaloneSDK_Changed\",\"deviceNetworkId\":\"BAT_E2E_KEEP_Configuration_StandaloneSDK_retarget\",\"deviceTypeId\":1609,\"notes\":\"Native persistence: caf\\u00e9 & + =\",\"maxEvents\":47,\"maxStates\":31,\"spammyThreshold\":321,\"tags\":\"configuration-probe\",\"defaultIcon\":\"he-switch_1\",\"showOnHome\":false,\"defaultCurrentState\":\"\",\"roomId\":1280,\"roomName\":\"BAT_E2E_KEEP_Room\",\"isComponent\":false,\"meshSelectionEnabled\":true,\"retryAvailable\":false,\"retryEnabled\":false,\"parentAppId\":null,\"parentDeviceId\":null,\"virtual\":false,\"controllerType\":\"\",\"zigbeeId\":\"0200000000016859\",\"linkedDevice\":false,\"meshEnabled\":true,\"meshFullSync\":true,\"enabled\":true,\"dataValues\":{\"configurationProbe\":\"changed\"},\"hasDashboards\":\"true\",\"commandRetrySelectionEnabled\":false,\"hubMeshRefreshEnabled\":true,\"homeKitSelectionEnabled\":true,\"homeKitEnabled\":true,\"amazonAlexaInstalled\":false,\"amazonAlexaSupported\":null,\"amazonAlexaEnabled\":false,\"googleHomeInstalled\":false,\"googleHomeSupported\":null,\"googleHomeEnabled\":false,\"dashboardIds\":[36461]}","unit":null,"description":null,"date":"2026-09-12T23:16:37.107-0600","isStateChange":true}],"count":10}
e2e (run)	Pre-run hub status probe	2026-09-13T05:40:23.2661226Z 
e2e (run)	Pre-run hub status probe	2026-09-13T05:40:23.2661536Z === apps subscribed to BAT_E2E_KEEP_Configuration_StandaloneSDK (6859) ===
e2e (run)	Pre-run hub status probe	2026-09-13T05:40:23.8387502Z {"deviceId":"6859","deviceName":"BAT_E2E_KEEP_Configuration_StandaloneSDK","appsUsing":[{"id":38,"name":"MCP Rule Server","label":"MCP Rule Server","trueLabel":null,"disabled":false}],"count":1,"parentApp":null}
e2e (run)	Pre-run hub status probe	2026-09-13T05:40:23.8388759Z 
e2e (run)	Pre-run hub status probe	2026-09-13T05:40:23.8418238Z === events for BAT_E2E_KEEP_Temp_A (2517) ===
e2e (run)	Pre-run hub status probe	2026-09-13T05:40:24.3692852Z {"device":"BAT_E2E_KEEP_Temp_A","events":[],"count":0}
e2e (run)	Pre-run hub status probe	2026-09-13T05:40:24.3693545Z 
e2e (run)	Pre-run hub status probe	2026-09-13T05:40:24.3725046Z === apps subscribed to BAT_E2E_KEEP_Temp_A (2517) ===
e2e (run)	Pre-run hub status probe	2026-09-13T05:40:24.7932952Z {"deviceId":"2517","deviceName":"BAT_E2E_KEEP_Temp_A","appsUsing":[],"count":0,"parentApp":{"appType":{"DEPRECATED":"dep","SYSTEM":"sys","USER":"usr","appSettings":null,"author":"kingpanther13","bundled":false,"category":"Automation","classLocation":null,"createTime":"2026-05-03T03:04:27+0000","deprecated":false,"description":"MCP Server with Custom Rule Engine for Hubitat","doNotAutoFocus":false,"documentationLink":null,"encryptedPassword":"","firmwareVersion":null,"hidden":false,"iconUrl":"","iconX2Url":"","iconX3Url":"","id":178,"installOnOpen":false,"menu":"Apps","mustCommitUi":false,"name":"MCP Rule Server","namespace":"mcp","oauthClientId":"350e273a-23d1-4386-a5e6-b07f60dc1d21","oauthClientSecret":"ab14e5b3-fe50-4d1c-85f1-6c5656a6d96e","oauthDisplayLink":"","oauthDisplayName":"MCP Rule Server","oauthRedirectUri":null,"parentAppId":null,"private":false,"setting":false,"showAppTitle":true,"singleInstance":true,"singleInstanceInstalledId":38,"singleThreaded":false,"source":"","sourcePassword":"","sourceUrl":null,"system":false,"type":"usr","updateTime":"2026-09-13T05:37:00+0000","useBrowserTaskQueue":false,"user":true,"version":2069,"videoLink":null},"appTypeId":178,"cleanLabelForDAO":null,"disabled":false,"documentationLink":null,"id":38,"installed":true,"label":"MCP Rule Server","name":"MCP Rule Server","parentAppId":null,"restrictedModes":[],"singleThreaded":false,"systemAppType":false,"trueLabel":null,"uiContext":false,"uiTransactionInProgress":false,"version":1}}
e2e (run)	Pre-run hub status probe	2026-09-13T05:40:24.7938840Z 
e2e (run)	Pre-run hub status probe	2026-09-13T05:40:24.7958522Z === events for BAT_E2E_KEEP_Temp_B (2518) ===
e2e (run)	Pre-run hub status probe	2026-09-13T05:40:25.2659784Z {"device":"BAT_E2E_KEEP_Temp_B","events":[],"count":0}
e2e (run)	Pre-run hub status probe	2026-09-13T05:40:25.2660382Z 
e2e (run)	Pre-run hub status probe	2026-09-13T05:40:25.2691980Z === apps subscribed to BAT_E2E_KEEP_Temp_B (2518) ===
e2e (run)	Pre-run hub status probe	2026-09-13T05:40:25.7161824Z {"deviceId":"2518","deviceName":"BAT_E2E_KEEP_Temp_B","appsUsing":[],"count":0,"parentApp":{"appType":{"DEPRECATED":"dep","SYSTEM":"sys","USER":"usr","appSettings":null,"author":"kingpanther13","bundled":false,"category":"Automation","classLocation":null,"createTime":"2026-05-03T03:04:27+0000","deprecated":false,"description":"MCP Server with Custom Rule Engine for Hubitat","doNotAutoFocus":false,"documentationLink":null,"encryptedPassword":"","firmwareVersion":null,"hidden":false,"iconUrl":"","iconX2Url":"","iconX3Url":"","id":178,"installOnOpen":false,"menu":"Apps","mustCommitUi":false,"name":"MCP Rule Server","namespace":"mcp","oauthClientId":"350e273a-23d1-4386-a5e6-b07f60dc1d21","oauthClientSecret":"ab14e5b3-fe50-4d1c-85f1-6c5656a6d96e","oauthDisplayLink":"","oauthDisplayName":"MCP Rule Server","oauthRedirectUri":null,"parentAppId":null,"private":false,"setting":false,"showAppTitle":true,"singleInstance":true,"singleInstanceInstalledId":38,"singleThreaded":false,"source":"","sourcePassword":"","sourceUrl":null,"system":false,"type":"usr","updateTime":"2026-09-13T05:37:00+0000","useBrowserTaskQueue":false,"user":true,"version":2069,"videoLink":null},"appTypeId":178,"cleanLabelForDAO":null,"disabled":false,"documentationLink":null,"id":38,"installed":true,"label":"MCP Rule Server","name":"MCP Rule Server","parentAppId":null,"restrictedModes":[],"singleThreaded":false,"systemAppType":false,"trueLabel":null,"uiContext":false,"uiTransactionInProgress":false,"version":1}}
e2e (run)	Pre-run hub status probe	2026-09-13T05:40:25.7168220Z 
e2e (run)	Pre-run hub status probe	2026-09-13T05:40:25.7187387Z === events for BAT_E2E_KEEP_Temp_B (3015) ===
e2e (run)	Pre-run hub status probe	2026-09-13T05:40:26.1707655Z {"device":"BAT_E2E_KEEP_Temp_B","events":[],"count":0}
e2e (run)	Pre-run hub status probe	2026-09-13T05:40:26.1708373Z 
e2e (run)	Pre-run hub status probe	2026-09-13T05:40:26.1738746Z === apps subscribed to BAT_E2E_KEEP_Temp_B (3015) ===
e2e (run)	Pre-run hub status probe	2026-09-13T05:40:26.6125505Z {"deviceId":"3015","deviceName":"BAT_E2E_KEEP_Temp_B","appsUsing":[],"count":0,"parentApp":{"appType":{"DEPRECATED":"dep","SYSTEM":"sys","USER":"usr","appSettings":null,"author":"kingpanther13","bundled":false,"category":"Automation","classLocation":null,"createTime":"2026-05-03T03:04:27+0000","deprecated":false,"description":"MCP Server with Custom Rule Engine for Hubitat","doNotAutoFocus":false,"documentationLink":null,"encryptedPassword":"","firmwareVersion":null,"hidden":false,"iconUrl":"","iconX2Url":"","iconX3Url":"","id":178,"installOnOpen":false,"menu":"Apps","mustCommitUi":false,"name":"MCP Rule Server","namespace":"mcp","oauthClientId":"350e273a-23d1-4386-a5e6-b07f60dc1d21","oauthClientSecret":"ab14e5b3-fe50-4d1c-85f1-6c5656a6d96e","oauthDisplayLink":"","oauthDisplayName":"MCP Rule Server","oauthRedirectUri":null,"parentAppId":null,"private":false,"setting":false,"showAppTitle":true,"singleInstance":true,"singleInstanceInstalledId":38,"singleThreaded":false,"source":"","sourcePassword":"","sourceUrl":null,"system":false,"type":"usr","updateTime":"2026-09-13T05:37:00+0000","useBrowserTaskQueue":false,"user":true,"version":2069,"videoLink":null},"appTypeId":178,"cleanLabelForDAO":null,"disabled":false,"documentationLink":null,"id":38,"installed":true,"label":"MCP Rule Server","name":"MCP Rule Server","parentAppId":null,"restrictedModes":[],"singleThreaded":false,"systemAppType":false,"trueLabel":null,"uiContext":false,"uiTransactionInProgress":false,"version":1}}
e2e (run)	Pre-run hub status probe	2026-09-13T05:40:26.6136357Z 
e2e (run)	Pre-run hub status probe	2026-09-13T05:40:26.6136702Z ######## LIVE wedge matrix (sacrificial test devices only) ########
e2e (run)	Pre-run hub status probe	2026-09-13T05:40:27.0466827Z [A: BAT scaffold (new MCP child)] device 2349 current state: {"device":"BAT_E2E_KEEP_Action_Switch","attribute":"switch","value":"on"}
e2e (run)	Pre-run hub status probe	2026-09-13T05:40:27.6568319Z === [A: BAT scaffold (new MCP child)] poll device 2349 -> off (timedOut=true = wedged) ===
e2e (run)	Pre-run hub status probe	2026-09-13T05:40:28.0969814Z {"success":true,"finalValue":"off","elapsedMs":1,"polledCount":1,"timedOut":false}
e2e (run)	Pre-run hub status probe	2026-09-13T05:40:28.0970578Z 
e2e (run)	Pre-run hub status probe	2026-09-13T05:40:28.5939067Z [B: old MCP child] device 67 current state: {"device":"_CI_Virtual Switch","attribute":"switch","value":"on"}
e2e (run)	Pre-run hub status probe	2026-09-13T05:40:29.1692320Z === [B: old MCP child] poll device 67 -> off (timedOut=true = wedged) ===
e2e (run)	Pre-run hub status probe	2026-09-13T05:40:29.5872145Z {"success":true,"finalValue":"off","elapsedMs":1,"polledCount":1,"timedOut":false}
e2e (run)	Pre-run hub status probe	2026-09-13T05:40:29.5873070Z 
e2e (run)	Pre-run hub status probe	2026-09-13T05:40:30.0401841Z [C: non-MCP thermostat] device 76 current heatingSetpoint: {"device":"_CI_Virtual Thermostat","attribute":"heatingSetpoint","value":68.00}
e2e (run)	Pre-run hub status probe	2026-09-13T05:40:30.8396549Z === [C: non-MCP thermostat] poll heatingSetpoint -> 69 (timedOut=true = wedged) ===
e2e (run)	Pre-run hub status probe	2026-09-13T05:40:31.3787318Z {"success":true,"finalValue":69.00,"elapsedMs":1,"polledCount":1,"timedOut":false}
e2e (run)	Pre-run hub status probe	2026-09-13T05:40:31.3788067Z 
e2e (run)	Pre-run hub status probe	2026-09-13T05:40:32.3151226Z [D: fresh MCP child] created device 7411 (DNI mcp-virtual-1A0994815CE-596F)
e2e (run)	Pre-run hub status probe	2026-09-13T05:40:32.7923153Z [D: fresh MCP child] device 7411 current state: {"device":"BAT_E2E_ProbeFresh","attribute":"switch","value":"off"}
e2e (run)	Pre-run hub status probe	2026-09-13T05:40:33.4323096Z === [D: fresh MCP child] poll device 7411 -> on (timedOut=true = wedged) ===
e2e (run)	Pre-run hub status probe	2026-09-13T05:40:33.9043428Z {"success":true,"finalValue":"on","elapsedMs":0,"polledCount":1,"timedOut":false}
e2e (run)	Pre-run hub status probe	2026-09-13T05:40:33.9044988Z 
e2e (run)	Pre-run hub status probe	2026-09-13T05:40:34.4312834Z [D] fresh device deleted
e2e (run)	Pre-run hub status probe	2026-09-13T05:40:34.4313388Z ######## Watchdog flag / marker files ########
e2e (run)	Pre-run hub status probe	2026-09-13T05:40:34.4346648Z === watchdog read e2e-deadman-v2.json ===
e2e (run)	Pre-run hub status probe	2026-09-13T05:40:34.6383766Z {"success":true,"fileName":"e2e-deadman-v2.json","totalLength":2364,"offset":0,"chunkLength":2364,"hasMore":false,"content":"{\"armPrSha\":\"fb2bc8cf4df4fc448179318eb23ec05e6345130a\",\"armed\":false,\"canonicalMainSha\":\"1de06f1c0bc356b8e8251b436f15e247ddb81e2c\",\"disarmedAt\":1789277675000,\"fireAttempts\":0,\"intent\":\"disarm\",\"manifest\":{\"app\":{\"classId\":\"178\",\"mainChars\":\"708266\",\"url\":\"https://raw.githubusercontent.com/kingpanther13/Hubitat-local-MCP-server/1de06f1c0bc356b8e8251b436f15e247ddb81e2c/hubitat-mcp-server.groovy\"},\"apps\":[{\"classId\":\"178\",\"mainChars\":\"708266\",\"url\":\"https://raw.githubusercontent.com/kingpanther13/Hubitat-local-MCP-server/1de06f1c0bc356b8e8251b436f15e247ddb81e2c/hubitat-mcp-server.groovy\"},{\"classId\":\"179\",\"mainChars\":\"179138\",\"url\":\"https://raw.githubusercontent.com/kingpanther13/Hubitat-local-MCP-server/1de06f1c0bc356b8e8251b436f15e247ddb81e2c/hubitat-mcp-rule.groovy\"}],\"bundles\":[{\"name\":\"mcp_libraries\",\"namespace\":\"mcp\",\"url\":\"https://raw.githubusercontent.com/kingpanther13/Hubitat-local-MCP-server/bundle-artifacts/shas/1de06f1c0bc356b8e8251b436f15e247ddb81e2c/mcp-libraries.zip\"}],\"libraries\":[{\"id\":\"368\",\"name\":\"McpAppClonerLib\",\"namespace\":\"mcp\"},{\"id\":\"164\",\"name\":\"McpBundlesLib\",\"namespace\":\"mcp\"},{\"id\":\"365\",\"name\":\"McpCodeManagementLib\",\"namespace\":\"mcp\"},{\"id\":\"364\",\"name\":\"McpCustomRulesLib\",\"namespace\":\"mcp\"},{\"id\":\"647\",\"name\":\"McpDashboardsLib\",\"namespace\":\"mcp\"},{\"id\":\"358\",\"name\":\"McpDebugLoggingLib\",\"namespace\":\"mcp\"},{\"id\":\"361\",\"name\":\"McpDevicesLib\",\"namespace\":\"mcp\"},{\"id\":\"359\",\"name\":\"McpDiagnosticsLib\",\"namespace\":\"mcp\"},{\"id\":\"369\",\"name\":\"McpDiscoveryLib\",\"namespace\":\"mcp\"},{\"id\":\"356\",\"name\":\"McpFilesLib\",\"namespace\":\"mcp\"},{\"id\":\"366\",\"name\":\"McpHpmLib\",\"namespace\":\"mcp\"},{\"id\":\"357\",\"name\":\"McpItemBackupsLib\",\"namespace\":\"mcp\"},{\"id\":\"401\",\"name\":\"McpNativeRulesLib\",\"namespace\":\"mcp\"},{\"id\":\"163\",\"name\":\"McpRoomsLib\",\"namespace\":\"mcp\"},{\"id\":\"367\",\"name\":\"McpSelfAdminLib\",\"namespace\":\"mcp\"},{\"id\":\"360\",\"name\":\"McpSystemLib\",\"namespace\":\"mcp\"},{\"id\":\"363\",\"name\":\"McpVariablesLib\",\"namespace\":\"mcp\"},{\"id\":\"362\",\"name\":\"McpVirtualDevicesLib\",\"namespace\":\"mcp\"},{\"id\":\"239\",\"name\":\"McpVisualRulesLib\",\"namespace\":\"mcp\"}]},\"restoreDetail\":\"bundle-cleanup:removed=[]; bundle-skip:pr-identical-to-main(run 34739509027); app 178(url)=true; app 179(url)=true; lib-cleanup:removed=[]\",\"restoreFor\":\"34739509027\",\"restoreResult\":\"restored\",\"restoreTrigger\":\"disarm\",\"restoredAt\":1789277924142,\"runId\":\"34739509027\"}"}
e2e (run)	Pre-run hub status probe	2026-09-13T05:40:34.6393067Z 
e2e (run)	Pre-run hub status probe	2026-09-13T05:40:34.6403659Z === watchdog read e2e-deferred-native-rules.json ===
e2e (run)	Pre-run hub status probe	2026-09-13T05:40:34.8045161Z {"success":true,"fileName":"e2e-deferred-native-rules.json","totalLength":2,"offset":0,"chunkLength":2,"hasMore":false,"content":"[]"}
e2e (run)	Pre-run hub status probe	2026-09-13T05:40:34.8046426Z 
e2e (run)	Pre-run hub status probe	2026-09-13T05:40:34.8076221Z === watchdog read mcp-main-deployed-sha.txt ===
e2e (run)	Pre-run hub status probe	2026-09-13T05:40:34.9616773Z {"success":true,"fileName":"mcp-main-deployed-sha.txt","totalLength":40,"offset":0,"chunkLength":40,"hasMore":false,"content":"1de06f1c0bc356b8e8251b436f15e247ddb81e2c"}
e2e (run)	Pre-run hub status probe	2026-09-13T05:40:34.9617562Z 
e2e (run)	Pre-run hub status probe	2026-09-13T05:40:34.9617689Z ######## PROBE COMPLETE ########
e2e (run)	Configure test environment (capture pre-state + enable toggles)	﻿2026-09-13T05:40:34.9655198Z ##[group]Run bash .github/scripts/mcp_setup_env.sh
e2e (run)	Configure test environment (capture pre-state + enable toggles)	2026-09-13T05:40:34.9655654Z ^[[36;1mbash .github/scripts/mcp_setup_env.sh^[[0m
e2e (run)	Configure test environment (capture pre-state + enable toggles)	2026-09-13T05:40:34.9692116Z shell: /usr/bin/bash -e {0}
e2e (run)	Configure test environment (capture pre-state + enable toggles)	2026-09-13T05:40:34.9692382Z env:
e2e (run)	Configure test environment (capture pre-state + enable toggles)	2026-09-13T05:40:34.9693052Z   MCP_URL: ***
e2e (run)	Configure test environment (capture pre-state + enable toggles)	2026-09-13T05:40:34.9694288Z   WATCHDOG_URL: ***
e2e (run)	Configure test environment (capture pre-state + enable toggles)	2026-09-13T05:40:34.9694621Z   pythonLocation: /opt/hostedtoolcache/Python/3.14.7/x64
e2e (run)	Configure test environment (capture pre-state + enable toggles)	2026-09-13T05:40:34.9695083Z   PKG_CONFIG_PATH: /opt/hostedtoolcache/Python/3.14.7/x64/lib/pkgconfig
e2e (run)	Configure test environment (capture pre-state + enable toggles)	2026-09-13T05:40:34.9695518Z   Python_ROOT_DIR: /opt/hostedtoolcache/Python/3.14.7/x64
e2e (run)	Configure test environment (capture pre-state + enable toggles)	2026-09-13T05:40:34.9695901Z   Python2_ROOT_DIR: /opt/hostedtoolcache/Python/3.14.7/x64
e2e (run)	Configure test environment (capture pre-state + enable toggles)	2026-09-13T05:40:34.9696274Z   Python3_ROOT_DIR: /opt/hostedtoolcache/Python/3.14.7/x64
e2e (run)	Configure test environment (capture pre-state + enable toggles)	2026-09-13T05:40:34.9696663Z   LD_LIBRARY_PATH: /opt/hostedtoolcache/Python/3.14.7/x64/lib
e2e (run)	Configure test environment (capture pre-state + enable toggles)	2026-09-13T05:40:34.9697141Z   HUBITAT_HUB_URL: https://cloud.hubitat.com/api/8f03d35e-e8fd-443f-8548-d5fdc889583e
e2e (run)	Configure test environment (capture pre-state + enable toggles)	2026-09-13T05:40:34.9697585Z   HUBITAT_APP_ID: 38
e2e (run)	Configure test environment (capture pre-state + enable toggles)	2026-09-13T05:40:34.9697974Z   HUBITAT_ACCESS_TOKEN: ***
e2e (run)	Configure test environment (capture pre-state + enable toggles)	2026-09-13T05:40:34.9698222Z ##[endgroup]
e2e (run)	Configure test environment (capture pre-state + enable toggles)	2026-09-13T05:40:35.7825926Z ##[notice]E2E hub firmware=2.5.1.174 model=000D mcpServerVersion=4.3.0
e2e (run)	Configure test environment (capture pre-state + enable toggles)	2026-09-13T05:40:35.7836275Z Captured pre-run state -> /home/runner/work/_temp/mcp_pre_state.json
e2e (run)	Configure test environment (capture pre-state + enable toggles)	2026-09-13T05:40:35.7846984Z {"enableCustomRuleEngine":true}
e2e (run)	Configure test environment (capture pre-state + enable toggles)	2026-09-13T05:40:35.7848882Z Stamping a backup to satisfy the destructive-confirm 24h gate before enabling toggles...
e2e (run)	Configure test environment (capture pre-state + enable toggles)	2026-09-13T05:40:36.3218161Z   Backup gate stamped (MOCK -- no real backupDB write).
e2e (run)	Configure test environment (capture pre-state + enable toggles)	2026-09-13T05:40:36.7449361Z Test environment configured: enableCustomRuleEngine=true, useGateways=true (gateway mode ON; Read/Write masters default ON)
e2e (run)	Clear stale watchdog flag	﻿2026-09-13T05:40:36.7501636Z ##[group]Run curl -sS --max-time 60 -X POST "$WATCHDOG_URL" \
e2e (run)	Clear stale watchdog flag	2026-09-13T05:40:36.7502282Z ^[[36;1mcurl -sS --max-time 60 -X POST "$WATCHDOG_URL" \^[[0m
e2e (run)	Clear stale watchdog flag	2026-09-13T05:40:36.7502792Z ^[[36;1m  -H "Content-Type: application/json" \^[[0m
e2e (run)	Clear stale watchdog flag	2026-09-13T05:40:36.7503798Z ^[[36;1m  --data-binary '{"jsonrpc":"2.0","id":1,"method":"tools/call","params":{"name":"hub_write_file","arguments":{"fileName":"e2e-deadman-v2.json","content":"{\"armed\":false,\"clearedBy\":\"pre-run-stale-flag-clear\"}","confirm":true}}}' \^[[0m
e2e (run)	Clear stale watchdog flag	2026-09-13T05:40:36.7505403Z ^[[36;1m  >/dev/null || echo "::notice::stale-flag clear call failed/absent (watchdog/flag may not exist yet) -- continuing"^[[0m
e2e (run)	Clear stale watchdog flag	2026-09-13T05:40:36.7542617Z shell: /usr/bin/bash -e {0}
e2e (run)	Clear stale watchdog flag	2026-09-13T05:40:36.7543044Z env:
e2e (run)	Clear stale watchdog flag	2026-09-13T05:40:36.7544360Z   MCP_URL: ***
e2e (run)	Clear stale watchdog flag	2026-09-13T05:40:36.7545208Z   WATCHDOG_URL: ***
e2e (run)	Clear stale watchdog flag	2026-09-13T05:40:36.7545653Z   pythonLocation: /opt/hostedtoolcache/Python/3.14.7/x64
e2e (run)	Clear stale watchdog flag	2026-09-13T05:40:36.7546199Z   PKG_CONFIG_PATH: /opt/hostedtoolcache/Python/3.14.7/x64/lib/pkgconfig
e2e (run)	Clear stale watchdog flag	2026-09-13T05:40:36.7546835Z   Python_ROOT_DIR: /opt/hostedtoolcache/Python/3.14.7/x64
e2e (run)	Clear stale watchdog flag	2026-09-13T05:40:36.7547351Z   Python2_ROOT_DIR: /opt/hostedtoolcache/Python/3.14.7/x64
e2e (run)	Clear stale watchdog flag	2026-09-13T05:40:36.7547844Z   Python3_ROOT_DIR: /opt/hostedtoolcache/Python/3.14.7/x64
e2e (run)	Clear stale watchdog flag	2026-09-13T05:40:36.7548347Z   LD_LIBRARY_PATH: /opt/hostedtoolcache/Python/3.14.7/x64/lib
e2e (run)	Clear stale watchdog flag	2026-09-13T05:40:36.7548957Z   HUBITAT_HUB_URL: https://cloud.hubitat.com/api/8f03d35e-e8fd-443f-8548-d5fdc889583e
e2e (run)	Clear stale watchdog flag	2026-09-13T05:40:36.7549530Z   HUBITAT_APP_ID: 38
e2e (run)	Clear stale watchdog flag	2026-09-13T05:40:36.7550003Z   HUBITAT_ACCESS_TOKEN: ***
e2e (run)	Clear stale watchdog flag	2026-09-13T05:40:36.7550380Z ##[endgroup]
e2e (run)	Compute PR source URL for importUrl deploy	﻿2026-09-13T05:40:37.0339107Z ##[group]Run set -euo pipefail
e2e (run)	Compute PR source URL for importUrl deploy	2026-09-13T05:40:37.0339530Z ^[[36;1mset -euo pipefail^[[0m
e2e (run)	Compute PR source URL for importUrl deploy	2026-09-13T05:40:37.0339944Z ^[[36;1m# pull_request_target carries the same pull_request payload (head repo + sha),^[[0m
e2e (run)	Compute PR source URL for importUrl deploy	2026-09-13T05:40:37.0340535Z ^[[36;1m# so treat it identically to pull_request -- otherwise we'd fall through to the^[[0m
e2e (run)	Compute PR source URL for importUrl deploy	2026-09-13T05:40:37.0341130Z ^[[36;1m# base repo/sha and deploy BASE source instead of the PR's.^[[0m
e2e (run)	Compute PR source URL for importUrl deploy	2026-09-13T05:40:37.0341665Z ^[[36;1mif [ "$EVENT_NAME" = "pull_request" ] || [ "$EVENT_NAME" = "pull_request_target" ]; then^[[0m
e2e (run)	Compute PR source URL for importUrl deploy	2026-09-13T05:40:37.0342140Z ^[[36;1m  REPO="$PR_HEAD_REPO"; SHA="$PR_HEAD_SHA"^[[0m
e2e (run)	Compute PR source URL for importUrl deploy	2026-09-13T05:40:37.0342479Z ^[[36;1melif [ -n "${PR_INPUT:-}" ]; then^[[0m
e2e (run)	Compute PR source URL for importUrl deploy	2026-09-13T05:40:37.0342850Z ^[[36;1m  # Validate the dispatch input before it reaches gh api.^[[0m
e2e (run)	Compute PR source URL for importUrl deploy	2026-09-13T05:40:37.0343280Z ^[[36;1m  if ! printf '%s' "$PR_INPUT" | grep -qE '^[0-9]+$'; then^[[0m
e2e (run)	Compute PR source URL for importUrl deploy	2026-09-13T05:40:37.0344196Z ^[[36;1m    echo "::error::pr_number must be numeric"; exit 1^[[0m
e2e (run)	Compute PR source URL for importUrl deploy	2026-09-13T05:40:37.0344672Z ^[[36;1m  fi^[[0m
e2e (run)	Compute PR source URL for importUrl deploy	2026-09-13T05:40:37.0345055Z ^[[36;1m  REPO=$(gh api "repos/$DEFAULT_REPO/pulls/$PR_INPUT" --jq '.head.repo.full_name')^[[0m
e2e (run)	Compute PR source URL for importUrl deploy	2026-09-13T05:40:37.0345614Z ^[[36;1m  SHA=$(gh api "repos/$DEFAULT_REPO/pulls/$PR_INPUT" --jq '.head.sha')^[[0m
e2e (run)	Compute PR source URL for importUrl deploy	2026-09-13T05:40:37.0346008Z ^[[36;1melse^[[0m
e2e (run)	Compute PR source URL for importUrl deploy	2026-09-13T05:40:37.0346272Z ^[[36;1m  REPO="$DEFAULT_REPO"; SHA="$DEFAULT_SHA"^[[0m
e2e (run)	Compute PR source URL for importUrl deploy	2026-09-13T05:40:37.0346572Z ^[[36;1mfi^[[0m
e2e (run)	Compute PR source URL for importUrl deploy	2026-09-13T05:40:37.0346913Z ^[[36;1m# Defense-in-depth: only a 40-hex SHA and an owner/name repo may form the^[[0m
e2e (run)	Compute PR source URL for importUrl deploy	2026-09-13T05:40:37.0347430Z ^[[36;1m# URL, so a malformed value can't inject into $GITHUB_ENV or the URL.^[[0m
e2e (run)	Compute PR source URL for importUrl deploy	2026-09-13T05:40:37.0347891Z ^[[36;1mif ! printf '%s' "$SHA" | grep -qE '^[0-9a-f]{40}$'; then^[[0m
e2e (run)	Compute PR source URL for importUrl deploy	2026-09-13T05:40:37.0348305Z ^[[36;1m  echo "::error::unexpected head SHA shape"; exit 1^[[0m
e2e (run)	Compute PR source URL for importUrl deploy	2026-09-13T05:40:37.0348629Z ^[[36;1mfi^[[0m
e2e (run)	Compute PR source URL for importUrl deploy	2026-09-13T05:40:37.0348960Z ^[[36;1mif ! printf '%s' "$REPO" | grep -qE '^[A-Za-z0-9._-]+/[A-Za-z0-9._-]+$'; then^[[0m
e2e (run)	Compute PR source URL for importUrl deploy	2026-09-13T05:40:37.0349424Z ^[[36;1m  echo "::error::unexpected head repo shape"; exit 1^[[0m
e2e (run)	Compute PR source URL for importUrl deploy	2026-09-13T05:40:37.0349748Z ^[[36;1mfi^[[0m
e2e (run)	Compute PR source URL for importUrl deploy	2026-09-13T05:40:37.0350127Z ^[[36;1mURL="https://raw.githubusercontent.com/$REPO/$SHA/hubitat-mcp-server.groovy"^[[0m
e2e (run)	Compute PR source URL for importUrl deploy	2026-09-13T05:40:37.0350611Z ^[[36;1mecho "PR_SOURCE_URL=$URL" >> "$GITHUB_ENV"^[[0m
e2e (run)	Compute PR source URL for importUrl deploy	2026-09-13T05:40:37.0351076Z ^[[36;1m# Same validated REPO/SHA, split into the (baseUrl, ref) form hub_update_package^[[0m
e2e (run)	Compute PR source URL for importUrl deploy	2026-09-13T05:40:37.0351663Z ^[[36;1m# takes -- the dev-tool validation step below builds the identical URL on-hub.^[[0m
e2e (run)	Compute PR source URL for importUrl deploy	2026-09-13T05:40:37.0352234Z ^[[36;1mecho "PR_RAW_BASE=https://raw.githubusercontent.com/$REPO" >> "$GITHUB_ENV"^[[0m
e2e (run)	Compute PR source URL for importUrl deploy	2026-09-13T05:40:37.0352731Z ^[[36;1mecho "PR_HEAD_SHA_RESOLVED=$SHA" >> "$GITHUB_ENV"^[[0m
e2e (run)	Compute PR source URL for importUrl deploy	2026-09-13T05:40:37.0353106Z ^[[36;1mecho "::notice::importUrl deploy source: $URL"^[[0m
e2e (run)	Compute PR source URL for importUrl deploy	2026-09-13T05:40:37.0353614Z ^[[36;1m# CANONICAL MAIN: resolve the BASE repo's main-branch HEAD (the known-good baseline the hub^[[0m
e2e (run)	Compute PR source URL for importUrl deploy	2026-09-13T05:40:37.0354611Z ^[[36;1m# should hold). The arm refreshes the hub to this when main's SHA changes or the hub has drifted,^[[0m
e2e (run)	Compute PR source URL for importUrl deploy	2026-09-13T05:40:37.0355323Z ^[[36;1m# so the cache it then takes is canonical main -- not whatever happened to be live. MAIN_CHARS is^[[0m
e2e (run)	Compute PR source URL for importUrl deploy	2026-09-13T05:40:37.0355996Z ^[[36;1m# main's source character length (the deploy landing target); MAIN_SHA gates "did main change?".^[[0m
e2e (run)	Compute PR source URL for importUrl deploy	2026-09-13T05:40:37.0356613Z ^[[36;1mMAIN_SHA=$(gh api "repos/$DEFAULT_REPO/branches/main" --jq '.commit.sha')^[[0m
e2e (run)	Compute PR source URL for importUrl deploy	2026-09-13T05:40:37.0357101Z ^[[36;1mif ! printf '%s' "$MAIN_SHA" | grep -qE '^[0-9a-f]{40}$'; then^[[0m
e2e (run)	Compute PR source URL for importUrl deploy	2026-09-13T05:40:37.0357582Z ^[[36;1m  echo "::error::unexpected main-branch SHA shape: $MAIN_SHA"; exit 1^[[0m
e2e (run)	Compute PR source URL for importUrl deploy	2026-09-13T05:40:37.0357965Z ^[[36;1mfi^[[0m
e2e (run)	Compute PR source URL for importUrl deploy	2026-09-13T05:40:37.0358393Z ^[[36;1mMAIN_URL="https://raw.githubusercontent.com/$DEFAULT_REPO/$MAIN_SHA/hubitat-mcp-server.groovy"^[[0m
e2e (run)	Compute PR source URL for importUrl deploy	2026-09-13T05:40:37.0359042Z ^[[36;1mMAIN_CHARS=$(curl -fsSL "$MAIN_URL" | LC_ALL=C.UTF-8 wc -m | tr -d '[:space:]')^[[0m
e2e (run)	Compute PR source URL for importUrl deploy	2026-09-13T05:40:37.0359820Z ^[[36;1mif ! printf '%s' "$MAIN_CHARS" | grep -qE '^[0-9]+$' || [ "$MAIN_CHARS" -lt 100000 ]; then^[[0m
e2e (run)	Compute PR source URL for importUrl deploy	2026-09-13T05:40:37.0360518Z ^[[36;1m  echo "::error::canonical main source char count looks wrong ($MAIN_CHARS) -- refusing to drive a main refresh"; exit 1^[[0m
e2e (run)	Compute PR source URL for importUrl deploy	2026-09-13T05:40:37.0361055Z ^[[36;1mfi^[[0m
e2e (run)	Compute PR source URL for importUrl deploy	2026-09-13T05:40:37.0361320Z ^[[36;1mecho "MAIN_SOURCE_URL=$MAIN_URL" >> "$GITHUB_ENV"^[[0m
e2e (run)	Compute PR source URL for importUrl deploy	2026-09-13T05:40:37.0361680Z ^[[36;1mecho "MAIN_SHA=$MAIN_SHA" >> "$GITHUB_ENV"^[[0m
e2e (run)	Compute PR source URL for importUrl deploy	2026-09-13T05:40:37.0362029Z ^[[36;1mecho "MAIN_CHARS=$MAIN_CHARS" >> "$GITHUB_ENV"^[[0m
e2e (run)	Compute PR source URL for importUrl deploy	2026-09-13T05:40:37.0362442Z ^[[36;1mecho "::notice::canonical main: $MAIN_URL (${MAIN_CHARS} chars)"^[[0m
e2e (run)	Compute PR source URL for importUrl deploy	2026-09-13T05:40:37.0399828Z shell: /usr/bin/bash -e {0}
e2e (run)	Compute PR source URL for importUrl deploy	2026-09-13T05:40:37.0400109Z env:
e2e (run)	Compute PR source URL for importUrl deploy	2026-09-13T05:40:37.0400809Z   MCP_URL: ***
e2e (run)	Compute PR source URL for importUrl deploy	2026-09-13T05:40:37.0401418Z   WATCHDOG_URL: ***
e2e (run)	Compute PR source URL for importUrl deploy	2026-09-13T05:40:37.0401719Z   pythonLocation: /opt/hostedtoolcache/Python/3.14.7/x64
e2e (run)	Compute PR source URL for importUrl deploy	2026-09-13T05:40:37.0402382Z   PKG_CONFIG_PATH: /opt/hostedtoolcache/Python/3.14.7/x64/lib/pkgconfig
e2e (run)	Compute PR source URL for importUrl deploy	2026-09-13T05:40:37.0402845Z   Python_ROOT_DIR: /opt/hostedtoolcache/Python/3.14.7/x64
e2e (run)	Compute PR source URL for importUrl deploy	2026-09-13T05:40:37.0403242Z   Python2_ROOT_DIR: /opt/hostedtoolcache/Python/3.14.7/x64
e2e (run)	Compute PR source URL for importUrl deploy	2026-09-13T05:40:37.0403643Z   Python3_ROOT_DIR: /opt/hostedtoolcache/Python/3.14.7/x64
e2e (run)	Compute PR source URL for importUrl deploy	2026-09-13T05:40:37.0404530Z   LD_LIBRARY_PATH: /opt/hostedtoolcache/Python/3.14.7/x64/lib
e2e (run)	Compute PR source URL for importUrl deploy	2026-09-13T05:40:37.0405051Z   HUBITAT_HUB_URL: https://cloud.hubitat.com/api/8f03d35e-e8fd-443f-8548-d5fdc889583e
e2e (run)	Compute PR source URL for importUrl deploy	2026-09-13T05:40:37.0405489Z   HUBITAT_APP_ID: 38
e2e (run)	Compute PR source URL for importUrl deploy	2026-09-13T05:40:37.0405816Z   HUBITAT_ACCESS_TOKEN: ***
e2e (run)	Compute PR source URL for importUrl deploy	2026-09-13T05:40:37.0408415Z   GH_TOKEN: ***
e2e (run)	Compute PR source URL for importUrl deploy	2026-09-13T05:40:37.0408664Z   EVENT_NAME: pull_request_target
e2e (run)	Compute PR source URL for importUrl deploy	2026-09-13T05:40:37.0408939Z   PR_INPUT: 
e2e (run)	Compute PR source URL for importUrl deploy	2026-09-13T05:40:37.0409215Z   PR_HEAD_REPO: kingpanther13/Hubitat-local-MCP-server
e2e (run)	Compute PR source URL for importUrl deploy	2026-09-13T05:40:37.0409589Z   PR_HEAD_SHA: 1e97719aa540a6dffdf3140c4500ea9cf4609b93
e2e (run)	Compute PR source URL for importUrl deploy	2026-09-13T05:40:37.0409967Z   DEFAULT_REPO: kingpanther13/Hubitat-local-MCP-server
e2e (run)	Compute PR source URL for importUrl deploy	2026-09-13T05:40:37.0410336Z   DEFAULT_SHA: 1de06f1c0bc356b8e8251b436f15e247ddb81e2c
e2e (run)	Compute PR source URL for importUrl deploy	2026-09-13T05:40:37.0410646Z ##[endgroup]
e2e (run)	Compute PR source URL for importUrl deploy	2026-09-13T05:40:37.0512754Z ##[notice]importUrl deploy source: https://raw.githubusercontent.com/kingpanther13/Hubitat-local-MCP-server/1e97719aa540a6dffdf3140c4500ea9cf4609b93/hubitat-mcp-server.groovy
e2e (run)	Compute PR source URL for importUrl deploy	2026-09-13T05:40:37.6697835Z ##[notice]canonical main: https://raw.githubusercontent.com/kingpanther13/Hubitat-local-MCP-server/1de06f1c0bc356b8e8251b436f15e247ddb81e2c/hubitat-mcp-server.groovy (708266 chars)
e2e (run)	Backup + arm dead-man watchdog	﻿2026-09-13T05:40:37.6736891Z ##[group]Run bash .github/scripts/mcp_arm_watchdog.sh
e2e (run)	Backup + arm dead-man watchdog	2026-09-13T05:40:37.6737338Z ^[[36;1mbash .github/scripts/mcp_arm_watchdog.sh^[[0m
e2e (run)	Backup + arm dead-man watchdog	2026-09-13T05:40:37.6774687Z shell: /usr/bin/bash -e {0}
e2e (run)	Backup + arm dead-man watchdog	2026-09-13T05:40:37.6774978Z env:
e2e (run)	Backup + arm dead-man watchdog	2026-09-13T05:40:37.6775617Z   MCP_URL: ***
e2e (run)	Backup + arm dead-man watchdog	2026-09-13T05:40:37.6776238Z   WATCHDOG_URL: ***
e2e (run)	Backup + arm dead-man watchdog	2026-09-13T05:40:37.6776536Z   pythonLocation: /opt/hostedtoolcache/Python/3.14.7/x64
e2e (run)	Backup + arm dead-man watchdog	2026-09-13T05:40:37.6776990Z   PKG_CONFIG_PATH: /opt/hostedtoolcache/Python/3.14.7/x64/lib/pkgconfig
e2e (run)	Backup + arm dead-man watchdog	2026-09-13T05:40:37.6777443Z   Python_ROOT_DIR: /opt/hostedtoolcache/Python/3.14.7/x64
e2e (run)	Backup + arm dead-man watchdog	2026-09-13T05:40:37.6777833Z   Python2_ROOT_DIR: /opt/hostedtoolcache/Python/3.14.7/x64
e2e (run)	Backup + arm dead-man watchdog	2026-09-13T05:40:37.6778222Z   Python3_ROOT_DIR: /opt/hostedtoolcache/Python/3.14.7/x64
e2e (run)	Backup + arm dead-man watchdog	2026-09-13T05:40:37.6778618Z   LD_LIBRARY_PATH: /opt/hostedtoolcache/Python/3.14.7/x64/lib
e2e (run)	Backup + arm dead-man watchdog	2026-09-13T05:40:37.6779104Z   HUBITAT_HUB_URL: https://cloud.hubitat.com/api/8f03d35e-e8fd-443f-8548-d5fdc889583e
e2e (run)	Backup + arm dead-man watchdog	2026-09-13T05:40:37.6779553Z   HUBITAT_APP_ID: 38
e2e (run)	Backup + arm dead-man watchdog	2026-09-13T05:40:37.6779891Z   HUBITAT_ACCESS_TOKEN: ***
e2e (run)	Backup + arm dead-man watchdog	2026-09-13T05:40:37.6780575Z   PR_SOURCE_URL: https://raw.githubusercontent.com/kingpanther13/Hubitat-local-MCP-server/1e97719aa540a6dffdf3140c4500ea9cf4609b93/hubitat-mcp-server.groovy
e2e (run)	Backup + arm dead-man watchdog	2026-09-13T05:40:37.6781437Z   PR_RAW_BASE: https://raw.githubusercontent.com/kingpanther13/Hubitat-local-MCP-server
e2e (run)	Backup + arm dead-man watchdog	2026-09-13T05:40:37.6781954Z   PR_HEAD_SHA_RESOLVED: 1e97719aa540a6dffdf3140c4500ea9cf4609b93
e2e (run)	Backup + arm dead-man watchdog	2026-09-13T05:40:37.6782730Z   MAIN_SOURCE_URL: https://raw.githubusercontent.com/kingpanther13/Hubitat-local-MCP-server/1de06f1c0bc356b8e8251b436f15e247ddb81e2c/hubitat-mcp-server.groovy
e2e (run)	Backup + arm dead-man watchdog	2026-09-13T05:40:37.6783474Z   MAIN_SHA: 1de06f1c0bc356b8e8251b436f15e247ddb81e2c
e2e (run)	Backup + arm dead-man watchdog	2026-09-13T05:40:37.6783795Z   MAIN_CHARS: 708266
e2e (run)	Backup + arm dead-man watchdog	2026-09-13T05:40:37.6784235Z ##[endgroup]
e2e (run)	Backup + arm dead-man watchdog	2026-09-13T05:40:37.6880120Z Hub-readiness gate: polling the watchdog before the arm's hub work...
e2e (run)	Backup + arm dead-man watchdog	2026-09-13T05:40:37.9099664Z   Watchdog responsive (attempt 1).
e2e (run)	Backup + arm dead-man watchdog	2026-09-13T05:40:37.9100600Z Looking up Apps Code class ID for mcp:MCP Rule Server via watchdog hub_list_apps(scope=types)...
e2e (run)	Backup + arm dead-man watchdog	2026-09-13T05:40:38.1059629Z Resolved MCP server class ID: 178
e2e (run)	Backup + arm dead-man watchdog	2026-09-13T05:40:38.1060341Z Asserting the watchdog's checkDeadman schedule is live (hub_get_jobs)...
e2e (run)	Backup + arm dead-man watchdog	2026-09-13T05:40:40.4306787Z WATCHDOG_SCHEDULE_ALIVE checkDeadman=scheduled
e2e (run)	Backup + arm dead-man watchdog	2026-09-13T05:40:40.6218355Z Resolving main's bundle identity (canonical-main libraries): https://raw.githubusercontent.com/kingpanther13/Hubitat-local-MCP-server/bundle-artifacts/shas/1de06f1c0bc356b8e8251b436f15e247ddb81e2c/mcp-libraries.zip ...
e2e (run)	Backup + arm dead-man watchdog	2026-09-13T05:40:40.7612762Z Recorded main bundle mcp/mcp_libraries -> restore installs from https://raw.githubusercontent.com/kingpanther13/Hubitat-local-MCP-server/bundle-artifacts/shas/1de06f1c0bc356b8e8251b436f15e247ddb81e2c/mcp-libraries.zip
e2e (run)	Backup + arm dead-man watchdog	2026-09-13T05:40:40.8522632Z Recorded child mcp:MCP Rule (class 179) -> restore installs from https://raw.githubusercontent.com/kingpanther13/Hubitat-local-MCP-server/1de06f1c0bc356b8e8251b436f15e247ddb81e2c/hubitat-mcp-rule.groovy (179138 chars)
e2e (run)	Backup + arm dead-man watchdog	2026-09-13T05:40:40.8526194Z Main bundle set for restore cleanup (from main's bundle manifests): [{"namespace":"mcp","name":"mcp_libraries","url":"https://raw.githubusercontent.com/kingpanther13/Hubitat-local-MCP-server/bundle-artifacts/shas/1de06f1c0bc356b8e8251b436f15e247ddb81e2c/mcp-libraries.zip"}]
e2e (run)	Backup + arm dead-man watchdog	2026-09-13T05:40:40.8895062Z Parsing #include directives from the app source head...
e2e (run)	Backup + arm dead-man watchdog	2026-09-13T05:40:40.8959310Z Found 19 #include directive(s): mcp.McpAppClonerLib mcp.McpBundlesLib mcp.McpCodeManagementLib mcp.McpCustomRulesLib mcp.McpDashboardsLib mcp.McpDebugLoggingLib mcp.McpDevicesLib mcp.McpDiagnosticsLib mcp.McpDiscoveryLib mcp.McpFilesLib mcp.McpHpmLib mcp.McpItemBackupsLib mcp.McpNativeRulesLib mcp.McpRoomsLib mcp.McpSelfAdminLib mcp.McpSystemLib mcp.McpVariablesLib mcp.McpVirtualDevicesLib mcp.McpVisualRulesLib
e2e (run)	Backup + arm dead-man watchdog	2026-09-13T05:40:44.9397419Z All 19 #include'd libraries recorded (delivered by the bundle at restore).
e2e (run)	Backup + arm dead-man watchdog	2026-09-13T05:40:44.9474742Z Assembled restore manifest: {"app":{"classId":"178","url":"https://raw.githubusercontent.com/kingpanther13/Hubitat-local-MCP-server/1de06f1c0bc356b8e8251b436f15e247ddb81e2c/hubitat-mcp-server.groovy","mainChars":"708266"},"apps":[{"classId":"178","url":"https://raw.githubusercontent.com/kingpanther13/Hubitat-local-MCP-server/1de06f1c0bc356b8e8251b436f15e247ddb81e2c/hubitat-mcp-server.groovy","mainChars":"708266"},{"classId":"179","url":"https://raw.githubusercontent.com/kingpanther13/Hubitat-local-MCP-server/1de06f1c0bc356b8e8251b436f15e247ddb81e2c/hubitat-mcp-rule.groovy","mainChars":"179138"}],"libraries":[{"id":"368","namespace":"mcp","name":"McpAppClonerLib"},{"id":"164","namespace":"mcp","name":"McpBundlesLib"},{"id":"365","namespace":"mcp","name":"McpCodeManagementLib"},{"id":"364","namespace":"mcp","name":"McpCustomRulesLib"},{"id":"647","namespace":"mcp","name":"McpDashboardsLib"},{"id":"358","namespace":"mcp","name":"McpDebugLoggingLib"},{"id":"361","namespace":"mcp","name":"McpDevicesLib"},{"id":"359","namespace":"mcp","name":"McpDiagnosticsLib"},{"id":"369","namespace":"mcp","name":"McpDiscoveryLib"},{"id":"356","namespace":"mcp","name":"McpFilesLib"},{"id":"366","namespace":"mcp","name":"McpHpmLib"},{"id":"357","namespace":"mcp","name":"McpItemBackupsLib"},{"id":"401","namespace":"mcp","name":"McpNativeRulesLib"},{"id":"163","namespace":"mcp","name":"McpRoomsLib"},{"id":"367","namespace":"mcp","name":"McpSelfAdminLib"},{"id":"360","namespace":"mcp","name":"McpSystemLib"},{"id":"363","namespace":"mcp","name":"McpVariablesLib"},{"id":"362","namespace":"mcp","name":"McpVirtualDevicesLib"},{"id":"239","namespace":"mcp","name":"McpVisualRulesLib"}],"bundles":[{"namespace":"mcp","name":"mcp_libraries","url":"https://raw.githubusercontent.com/kingpanther13/Hubitat-local-MCP-server/bundle-artifacts/shas/1de06f1c0bc356b8e8251b436f15e247ddb81e2c/mcp-libraries.zip"}]}
e2e (run)	Backup + arm dead-man watchdog	2026-09-13T05:40:44.9515409Z Writing armed flag to 'e2e-deadman-v2.json' (deadline=1789278944000, ~15min heartbeat timeout)...
e2e (run)	Backup + arm dead-man watchdog	2026-09-13T05:40:45.4120978Z Reading the flag back to confirm it armed...
e2e (run)	Backup + arm dead-man watchdog	2026-09-13T05:40:45.5917474Z WATCHDOG_ARMED classId=178 deadline=1789278944000 runId=34740627451 restoreUrl=https://raw.githubusercontent.com/kingpanther13/Hubitat-local-MCP-server/1de06f1c0bc356b8e8251b436f15e247ddb81e2c/hubitat-mcp-server.groovy libCount=19
e2e (run)	Watchdog - install PR	﻿2026-09-13T05:40:45.5960765Z ##[group]Run bash .github/scripts/mcp_watchdog_deploy.sh
e2e (run)	Watchdog - install PR	2026-09-13T05:40:45.5961431Z ^[[36;1mbash .github/scripts/mcp_watchdog_deploy.sh^[[0m
e2e (run)	Watchdog - install PR	2026-09-13T05:40:45.5998432Z shell: /usr/bin/bash -e {0}
e2e (run)	Watchdog - install PR	2026-09-13T05:40:45.5998715Z env:
e2e (run)	Watchdog - install PR	2026-09-13T05:40:45.5999373Z   MCP_URL: ***
e2e (run)	Watchdog - install PR	2026-09-13T05:40:45.5999971Z   WATCHDOG_URL: ***
e2e (run)	Watchdog - install PR	2026-09-13T05:40:45.6000271Z   pythonLocation: /opt/hostedtoolcache/Python/3.14.7/x64
e2e (run)	Watchdog - install PR	2026-09-13T05:40:45.6000705Z   PKG_CONFIG_PATH: /opt/hostedtoolcache/Python/3.14.7/x64/lib/pkgconfig
e2e (run)	Watchdog - install PR	2026-09-13T05:40:45.6001136Z   Python_ROOT_DIR: /opt/hostedtoolcache/Python/3.14.7/x64
e2e (run)	Watchdog - install PR	2026-09-13T05:40:45.6001518Z   Python2_ROOT_DIR: /opt/hostedtoolcache/Python/3.14.7/x64
e2e (run)	Watchdog - install PR	2026-09-13T05:40:45.6001895Z   Python3_ROOT_DIR: /opt/hostedtoolcache/Python/3.14.7/x64
e2e (run)	Watchdog - install PR	2026-09-13T05:40:45.6002287Z   LD_LIBRARY_PATH: /opt/hostedtoolcache/Python/3.14.7/x64/lib
e2e (run)	Watchdog - install PR	2026-09-13T05:40:45.6002776Z   HUBITAT_HUB_URL: https://cloud.hubitat.com/api/8f03d35e-e8fd-443f-8548-d5fdc889583e
e2e (run)	Watchdog - install PR	2026-09-13T05:40:45.6003236Z   HUBITAT_APP_ID: 38
e2e (run)	Watchdog - install PR	2026-09-13T05:40:45.6003592Z   HUBITAT_ACCESS_TOKEN: ***
e2e (run)	Watchdog - install PR	2026-09-13T05:40:45.6004571Z   PR_SOURCE_URL: https://raw.githubusercontent.com/kingpanther13/Hubitat-local-MCP-server/1e97719aa540a6dffdf3140c4500ea9cf4609b93/hubitat-mcp-server.groovy
e2e (run)	Watchdog - install PR	2026-09-13T05:40:45.6005455Z   PR_RAW_BASE: https://raw.githubusercontent.com/kingpanther13/Hubitat-local-MCP-server
e2e (run)	Watchdog - install PR	2026-09-13T05:40:45.6005981Z   PR_HEAD_SHA_RESOLVED: 1e97719aa540a6dffdf3140c4500ea9cf4609b93
e2e (run)	Watchdog - install PR	2026-09-13T05:40:45.6006776Z   MAIN_SOURCE_URL: https://raw.githubusercontent.com/kingpanther13/Hubitat-local-MCP-server/1de06f1c0bc356b8e8251b436f15e247ddb81e2c/hubitat-mcp-server.groovy
e2e (run)	Watchdog - install PR	2026-09-13T05:40:45.6007521Z   MAIN_SHA: 1de06f1c0bc356b8e8251b436f15e247ddb81e2c
e2e (run)	Watchdog - install PR	2026-09-13T05:40:45.6007835Z   MAIN_CHARS: 708266
e2e (run)	Watchdog - install PR	2026-09-13T05:40:45.6008058Z ##[endgroup]
e2e (run)	Watchdog - install PR	2026-09-13T05:40:47.6237894Z Dead-man heartbeat launched and beating (pid 3230, log /home/runner/work/_temp/deadman-heartbeat.log).
e2e (run)	Watchdog - install PR	2026-09-13T05:40:47.6278228Z App #includes 19 library(ies): mcp.McpAppClonerLib mcp.McpBundlesLib mcp.McpCodeManagementLib mcp.McpCustomRulesLib mcp.McpDashboardsLib mcp.McpDebugLoggingLib mcp.McpDevicesLib mcp.McpDiagnosticsLib mcp.McpDiscoveryLib mcp.McpFilesLib mcp.McpHpmLib mcp.McpItemBackupsLib mcp.McpNativeRulesLib mcp.McpRoomsLib mcp.McpSelfAdminLib mcp.McpSystemLib mcp.McpVariablesLib mcp.McpVirtualDevicesLib mcp.McpVisualRulesLib -- delivered via the package bundle (section 2), the HPM way (no redundant per-library install).
e2e (run)	Watchdog - install PR	2026-09-13T05:40:47.6297486Z Building the PR's bundle zip from the checkout's libraries/ ...
e2e (run)	Watchdog - install PR	2026-09-13T05:40:48.0640209Z Built bundles/mcp-libraries.zip (641,610 bytes)
e2e (run)	Watchdog - install PR	2026-09-13T05:40:48.0641093Z   mcp.McpDashboardsLib.groovy      65,185 bytes
e2e (run)	Watchdog - install PR	2026-09-13T05:40:48.0641852Z   mcp.McpRoomsLib.groovy           16,876 bytes
e2e (run)	Watchdog - install PR	2026-09-13T05:40:48.0642557Z   mcp.McpBundlesLib.groovy         26,449 bytes
e2e (run)	Watchdog - install PR	2026-09-13T05:40:48.0643278Z   mcp.McpVisualRulesLib.groovy     140,883 bytes
e2e (run)	Watchdog - install PR	2026-09-13T05:40:48.0644326Z   mcp.McpFilesLib.groovy           22,592 bytes
e2e (run)	Watchdog - install PR	2026-09-13T05:40:48.0645103Z   mcp.McpItemBackupsLib.groovy     58,057 bytes
e2e (run)	Watchdog - install PR	2026-09-13T05:40:48.0645657Z   mcp.McpDebugLoggingLib.groovy    25,758 bytes
e2e (run)	Watchdog - install PR	2026-09-13T05:40:48.0646214Z   mcp.McpDiagnosticsLib.groovy     149,924 bytes
e2e (run)	Watchdog - install PR	2026-09-13T05:40:48.0646755Z   mcp.McpSystemLib.groovy          62,237 bytes
e2e (run)	Watchdog - install PR	2026-09-13T05:40:48.0647283Z   mcp.McpDevicesLib.groovy         340,222 bytes
e2e (run)	Watchdog - install PR	2026-09-13T05:40:48.0647835Z   mcp.McpVirtualDevicesLib.groovy  23,311 bytes
e2e (run)	Watchdog - install PR	2026-09-13T05:40:48.0648354Z   mcp.McpVariablesLib.groovy       51,615 bytes
e2e (run)	Watchdog - install PR	2026-09-13T05:40:48.0648786Z   mcp.McpCustomRulesLib.groovy     42,020 bytes
e2e (run)	Watchdog - install PR	2026-09-13T05:40:48.0649244Z   mcp.McpCodeManagementLib.groovy  172,771 bytes
e2e (run)	Watchdog - install PR	2026-09-13T05:40:48.0649688Z   mcp.McpHpmLib.groovy             37,368 bytes
e2e (run)	Watchdog - install PR	2026-09-13T05:40:48.0650125Z   mcp.McpSelfAdminLib.groovy       60,801 bytes
e2e (run)	Watchdog - install PR	2026-09-13T05:40:48.0650554Z   mcp.McpAppClonerLib.groovy       69,002 bytes
e2e (run)	Watchdog - install PR	2026-09-13T05:40:48.0650978Z   mcp.McpDiscoveryLib.groovy       23,062 bytes
e2e (run)	Watchdog - install PR	2026-09-13T05:40:48.0651893Z   mcp.McpNativeRulesLib.groovy     1,035,513 bytes
e2e (run)	Watchdog - install PR	2026-09-13T05:40:48.0652482Z   install.txt                         686 bytes
e2e (run)	Watchdog - install PR	2026-09-13T05:40:48.0652891Z   update.txt                          686 bytes
e2e (run)	Watchdog - install PR	2026-09-13T05:40:48.1520582Z Bundle 'mcp-libraries.zip' is byte-identical to canonical main's -- probing the hub's #include'd libraries before skipping the install ...
e2e (run)	Watchdog - install PR	2026-09-13T05:40:52.3765929Z   mcp.McpAppClonerLib: id 368, 68926 chars -- matches the PR file.
e2e (run)	Watchdog - install PR	2026-09-13T05:40:52.7440264Z   mcp.McpBundlesLib: id 164, 26449 chars -- matches the PR file.
e2e (run)	Watchdog - install PR	2026-09-13T05:40:53.0974792Z   mcp.McpCodeManagementLib: id 365, 172717 chars -- matches the PR file.
e2e (run)	Watchdog - install PR	2026-09-13T05:40:53.4262380Z   mcp.McpCustomRulesLib: id 364, 42018 chars -- matches the PR file.
e2e (run)	Watchdog - install PR	2026-09-13T05:40:53.7742154Z   mcp.McpDashboardsLib: id 647, 65156 chars -- matches the PR file.
e2e (run)	Watchdog - install PR	2026-09-13T05:40:54.1151625Z   mcp.McpDebugLoggingLib: id 358, 25740 chars -- matches the PR file.
e2e (run)	Watchdog - install PR	2026-09-13T05:40:54.5128509Z   mcp.McpDevicesLib: id 361, 340188 chars -- matches the PR file.
e2e (run)	Watchdog - install PR	2026-09-13T05:40:54.9136940Z   mcp.McpDiagnosticsLib: id 359, 149904 chars -- matches the PR file.
e2e (run)	Watchdog - install PR	2026-09-13T05:40:55.2744886Z   mcp.McpDiscoveryLib: id 369, 23062 chars -- matches the PR file.
e2e (run)	Watchdog - install PR	2026-09-13T05:40:55.6877791Z   mcp.McpFilesLib: id 356, 22572 chars -- matches the PR file.
e2e (run)	Watchdog - install PR	2026-09-13T05:40:56.1115451Z   mcp.McpHpmLib: id 366, 37368 chars -- matches the PR file.
e2e (run)	Watchdog - install PR	2026-09-13T05:40:56.4548371Z   mcp.McpItemBackupsLib: id 357, 58023 chars -- matches the PR file.
e2e (run)	Watchdog - install PR	2026-09-13T05:40:57.0609927Z   mcp.McpNativeRulesLib: id 401, 1034980 chars -- matches the PR file.
e2e (run)	Watchdog - install PR	2026-09-13T05:40:57.4591341Z   mcp.McpRoomsLib: id 163, 16870 chars -- matches the PR file.
e2e (run)	Watchdog - install PR	2026-09-13T05:40:57.8538436Z   mcp.McpSelfAdminLib: id 367, 60767 chars -- matches the PR file.
e2e (run)	Watchdog - install PR	2026-09-13T05:40:58.2451318Z   mcp.McpSystemLib: id 360, 62195 chars -- matches the PR file.
e2e (run)	Watchdog - install PR	2026-09-13T05:40:58.5875357Z   mcp.McpVariablesLib: id 363, 51585 chars -- matches the PR file.
e2e (run)	Watchdog - install PR	2026-09-13T05:40:58.9118746Z   mcp.McpVirtualDevicesLib: id 362, 23311 chars -- matches the PR file.
e2e (run)	Watchdog - install PR	2026-09-13T05:40:59.2680409Z   mcp.McpVisualRulesLib: id 239, 140817 chars -- matches the PR file.
e2e (run)	Watchdog - install PR	2026-09-13T05:40:59.2681288Z Bundle 'mcp-libraries.zip': hub libraries verify current -- skipping the install (no recompile wave).
e2e (run)	Watchdog - install PR	2026-09-13T05:40:59.4735945Z Bundle state marker: 34740627451:unchanged
e2e (run)	Watchdog - install PR	2026-09-13T05:40:59.4736665Z All #include'd libraries already verified current by the skip-path probe (no bundle installed this run).
e2e (run)	Watchdog - install PR	2026-09-13T05:40:59.4770927Z Clearing the canonical-main SHA marker (about to deploy PR code -- hub no longer guaranteed canonical main)...
e2e (run)	Watchdog - install PR	2026-09-13T05:40:59.9014374Z Deploying app mcp:MCP Rule (class 179) from https://raw.githubusercontent.com/kingpanther13/Hubitat-local-MCP-server/1e97719aa540a6dffdf3140c4500ea9cf4609b93/hubitat-mcp-rule.groovy via the watchdog ...
e2e (run)	Watchdog - install PR	2026-09-13T05:41:00.0977626Z [install MCP Rule] Deploying app class 179 via importUrl (https://raw.githubusercontent.com/kingpanther13/Hubitat-local-MCP-server/1e97719aa540a6dffdf3140c4500ea9cf4609b93/hubitat-mcp-rule.groovy) through the watchdog (lastSelfDeploy.at baseline 1789277920213)...
e2e (run)	Watchdog - install PR	2026-09-13T05:41:14.7784613Z [install MCP Rule] Deploy confirmed: fresh lastSelfDeploy success for class 179 (at 1789278071082 > baseline 1789277920213).
e2e (run)	Watchdog - install PR	2026-09-13T05:41:15.1086406Z App mcp:MCP Rule live at class 179 (totalLength 179138).
e2e (run)	Watchdog - install PR	2026-09-13T05:41:15.3404482Z Deploying app mcp:MCP Rule Server (class 178) from https://raw.githubusercontent.com/kingpanther13/Hubitat-local-MCP-server/1e97719aa540a6dffdf3140c4500ea9cf4609b93/hubitat-mcp-server.groovy via the watchdog ...
e2e (run)	Watchdog - install PR	2026-09-13T05:41:15.5378187Z [install MCP Rule Server] Deploying app class 178 via importUrl (https://raw.githubusercontent.com/kingpanther13/Hubitat-local-MCP-server/1e97719aa540a6dffdf3140c4500ea9cf4609b93/hubitat-mcp-server.groovy) through the watchdog (lastSelfDeploy.at baseline 1789278071082)...
e2e (run)	Watchdog - install PR	2026-09-13T05:41:30.9168860Z   ...[install MCP Rule Server] not confirmed yet (lsd.appId=179 at=1789278071082/1789278071082); waiting for a fresh lastSelfDeploy...
e2e (run)	Watchdog - install PR	2026-09-13T05:41:36.5277962Z   ...[install MCP Rule Server] not confirmed yet (lsd.appId=179 at=1789278071082/1789278071082); waiting for a fresh lastSelfDeploy...
e2e (run)	Watchdog - install PR	2026-09-13T05:41:41.8521064Z   ...[install MCP Rule Server] not confirmed yet (lsd.appId=179 at=1789278071082/1789278071082); waiting for a fresh lastSelfDeploy...
e2e (run)	Watchdog - install PR	2026-09-13T05:41:47.1544424Z   ...[install MCP Rule Server] not confirmed yet (lsd.appId=179 at=1789278071082/1789278071082); waiting for a fresh lastSelfDeploy...
e2e (run)	Watchdog - install PR	2026-09-13T05:41:52.5348588Z   ...[install MCP Rule Server] not confirmed yet (lsd.appId=179 at=1789278071082/1789278071082); waiting for a fresh lastSelfDeploy...
e2e (run)	Watchdog - install PR	2026-09-13T05:41:57.7728102Z   ...[install MCP Rule Server] not confirmed yet (lsd.appId=179 at=1789278071082/1789278071082); waiting for a fresh lastSelfDeploy...
e2e (run)	Watchdog - install PR	2026-09-13T05:42:03.0303502Z   ...[install MCP Rule Server] not confirmed yet (lsd.appId=179 at=1789278071082/1789278071082); waiting for a fresh lastSelfDeploy...
e2e (run)	Watchdog - install PR	2026-09-13T05:42:08.3518082Z   ...[install MCP Rule Server] not confirmed yet (lsd.appId=179 at=1789278071082/1789278071082); waiting for a fresh lastSelfDeploy...
e2e (run)	Watchdog - install PR	2026-09-13T05:42:13.8091224Z   ...[install MCP Rule Server] not confirmed yet (lsd.appId=179 at=1789278071082/1789278071082); waiting for a fresh lastSelfDeploy...
e2e (run)	Watchdog - install PR	2026-09-13T05:42:20.3168909Z   ...[install MCP Rule Server] not confirmed yet (lsd.appId=179 at=1789278071082/1789278071082); waiting for a fresh lastSelfDeploy...
e2e (run)	Watchdog - install PR	2026-09-13T05:42:25.5486246Z   ...[install MCP Rule Server] not confirmed yet (lsd.appId=179 at=1789278071082/1789278071082); waiting for a fresh lastSelfDeploy...
e2e (run)	Watchdog - install PR	2026-09-13T05:42:30.9045473Z   ...[install MCP Rule Server] not confirmed yet (lsd.appId=179 at=1789278071082/1789278071082); waiting for a fresh lastSelfDeploy...
e2e (run)	Watchdog - install PR	2026-09-13T05:42:36.1381175Z   ...[install MCP Rule Server] not confirmed yet (lsd.appId=179 at=1789278071082/1789278071082); waiting for a fresh lastSelfDeploy...
e2e (run)	Watchdog - install PR	2026-09-13T05:42:41.4068521Z   ...[install MCP Rule Server] not confirmed yet (lsd.appId=179 at=1789278071082/1789278071082); waiting for a fresh lastSelfDeploy...
e2e (run)	Watchdog - install PR	2026-09-13T05:42:46.7226433Z   ...[install MCP Rule Server] not confirmed yet (lsd.appId=179 at=1789278071082/1789278071082); waiting for a fresh lastSelfDeploy...
e2e (run)	Watchdog - install PR	2026-09-13T05:42:52.0019803Z   ...[install MCP Rule Server] not confirmed yet (lsd.appId=179 at=1789278071082/1789278071082); waiting for a fresh lastSelfDeploy...
e2e (run)	Watchdog - install PR	2026-09-13T05:42:57.2986082Z   ...[install MCP Rule Server] not confirmed yet (lsd.appId=179 at=1789278071082/1789278071082); waiting for a fresh lastSelfDeploy...
e2e (run)	Watchdog - install PR	2026-09-13T05:43:02.5974773Z   ...[install MCP Rule Server] not confirmed yet (lsd.appId=179 at=1789278071082/1789278071082); waiting for a fresh lastSelfDeploy...
e2e (run)	Watchdog - install PR	2026-09-13T05:43:07.9057783Z   ...[install MCP Rule Server] not confirmed yet (lsd.appId=179 at=1789278071082/1789278071082); waiting for a fresh lastSelfDeploy...
e2e (run)	Watchdog - install PR	2026-09-13T05:43:13.1852823Z   ...[install MCP Rule Server] not confirmed yet (lsd.appId=179 at=1789278071082/1789278071082); waiting for a fresh lastSelfDeploy...
e2e (run)	Watchdog - install PR	2026-09-13T05:43:18.4905715Z   ...[install MCP Rule Server] not confirmed yet (lsd.appId=179 at=1789278071082/1789278071082); waiting for a fresh lastSelfDeploy...
e2e (run)	Watchdog - install PR	2026-09-13T05:43:23.7646400Z   ...[install MCP Rule Server] not confirmed yet (lsd.appId=179 at=1789278071082/1789278071082); waiting for a fresh lastSelfDeploy...
e2e (run)	Watchdog - install PR	2026-09-13T05:43:29.0653002Z   ...[install MCP Rule Server] not confirmed yet (lsd.appId=179 at=1789278071082/1789278071082); waiting for a fresh lastSelfDeploy...
e2e (run)	Watchdog - install PR	2026-09-13T05:43:34.3309600Z   ...[install MCP Rule Server] not confirmed yet (lsd.appId=179 at=1789278071082/1789278071082); waiting for a fresh lastSelfDeploy...
e2e (run)	Watchdog - install PR	2026-09-13T05:43:39.5902849Z   ...[install MCP Rule Server] not confirmed yet (lsd.appId=179 at=1789278071082/1789278071082); waiting for a fresh lastSelfDeploy...
e2e (run)	Watchdog - install PR	2026-09-13T05:43:44.8712351Z   ...[install MCP Rule Server] not confirmed yet (lsd.appId=179 at=1789278071082/1789278071082); waiting for a fresh lastSelfDeploy...
e2e (run)	Watchdog - install PR	2026-09-13T05:43:50.2043611Z   ...[install MCP Rule Server] not confirmed yet (lsd.appId=179 at=1789278071082/1789278071082); waiting for a fresh lastSelfDeploy...
e2e (run)	Watchdog - install PR	2026-09-13T05:43:55.5264705Z   ...[install MCP Rule Server] not confirmed yet (lsd.appId=179 at=1789278071082/1789278071082); waiting for a fresh lastSelfDeploy...
e2e (run)	Watchdog - install PR	2026-09-13T05:44:00.8029336Z   ...[install MCP Rule Server] not confirmed yet (lsd.appId=179 at=1789278071082/1789278071082); waiting for a fresh lastSelfDeploy...
e2e (run)	Watchdog - install PR	2026-09-13T05:44:06.2785349Z   ...[install MCP Rule Server] not confirmed yet (lsd.appId=179 at=1789278071082/1789278071082); waiting for a fresh lastSelfDeploy...
e2e (run)	Watchdog - install PR	2026-09-13T05:44:11.6818319Z   ...[install MCP Rule Server] not confirmed yet (lsd.appId=179 at=1789278071082/1789278071082); waiting for a fresh lastSelfDeploy...
e2e (run)	Watchdog - install PR	2026-09-13T05:44:16.8923773Z   ...[install MCP Rule Server] not confirmed yet (lsd.appId=179 at=1789278071082/1789278071082); waiting for a fresh lastSelfDeploy...
e2e (run)	Watchdog - install PR	2026-09-13T05:44:22.1263600Z   ...[install MCP Rule Server] not confirmed yet (lsd.appId=179 at=1789278071082/1789278071082); waiting for a fresh lastSelfDeploy...
e2e (run)	Watchdog - install PR	2026-09-13T05:44:27.4369336Z   ...[install MCP Rule Server] not confirmed yet (lsd.appId=179 at=1789278071082/1789278071082); waiting for a fresh lastSelfDeploy...
e2e (run)	Watchdog - install PR	2026-09-13T05:44:32.7785274Z [install MCP Rule Server] Deploy confirmed: fresh lastSelfDeploy success for class 178 (at 1789278271399 > baseline 1789278071082).
e2e (run)	Watchdog - install PR	2026-09-13T05:44:33.6493444Z App mcp:MCP Rule Server live at class 178 (totalLength 720430).
e2e (run)	Watchdog - install PR	2026-09-13T05:44:33.6495690Z Bouncing server app instance 38 (disable/enable via watchdog) to clear any platform load throttle...
e2e (run)	Watchdog - install PR	2026-09-13T05:44:37.2194773Z Load-throttle bounce complete: app 38 disable->enable verified.
e2e (run)	Watchdog - install PR	2026-09-13T05:44:37.7281800Z Server endpoint answered initialize on readiness attempt 1 -- app 38 is serving.
e2e (run)	Watchdog - install PR	2026-09-13T05:44:38.8328311Z Post-deploy bind-check OK on attempt 1: tools/list served 37 tools -- all 19 #include'd library(ies) inlined.
e2e (run)	Watchdog - install PR	2026-09-13T05:44:38.8329662Z Full-repair deploy succeeded via watchdog: 2 app(s) + their library bundle(s) live on the hub.
e2e (run)	Watchdog - install PR	2026-09-13T05:44:38.8330501Z WATCHDOG_DEPLOY_OK apps=2 libraries=19
e2e (run)	Run E2E tests	﻿2026-09-13T05:44:38.8367543Z ##[group]Run if [ "$E2E_LANE" = "oneoff" ]; then
e2e (run)	Run E2E tests	2026-09-13T05:44:38.8367949Z ^[[36;1mif [ "$E2E_LANE" = "oneoff" ]; then^[[0m
e2e (run)	Run E2E tests	2026-09-13T05:44:38.8368440Z ^[[36;1m  # Maintainer one-off (workflow_dispatch tests=...): run only the named test(s). Gate already^[[0m
e2e (run)	Run E2E tests	2026-09-13T05:44:38.8369106Z ^[[36;1m  # validated E2E_TESTS to [A-Za-z0-9_,]. The runner unions --tests into the selection.^[[0m
e2e (run)	Run E2E tests	2026-09-13T05:44:38.8369597Z ^[[36;1m  echo "Running a ONE-OFF -- tests: $E2E_TESTS"^[[0m
e2e (run)	Run E2E tests	2026-09-13T05:44:38.8369981Z ^[[36;1m  python tests/e2e_test.py --tests "$E2E_TESTS"^[[0m
e2e (run)	Run E2E tests	2026-09-13T05:44:38.8370339Z ^[[36;1melif [ "$E2E_LANE" = "focused" ]; then^[[0m
e2e (run)	Run E2E tests	2026-09-13T05:44:38.8370827Z ^[[36;1m  # The runner treats an EMPTY --groups as "no filter" = the FULL suite, so NEVER pass empty in^[[0m
e2e (run)	Run E2E tests	2026-09-13T05:44:38.8371504Z ^[[36;1m  # focused mode (that would silently run everything). e2e_scope.py always emits >=smoke, so this^[[0m
e2e (run)	Run E2E tests	2026-09-13T05:44:38.8372155Z ^[[36;1m  # only fires if the gate misbehaved -- fall back to the smoke core, not the whole suite.^[[0m
e2e (run)	Run E2E tests	2026-09-13T05:44:38.8372697Z ^[[36;1m  groups="${E2E_GROUPS:-infrastructure,protocol}"^[[0m
e2e (run)	Run E2E tests	2026-09-13T05:44:38.8373100Z ^[[36;1m  echo "Running the FOCUSED lane -- groups: $groups"^[[0m
e2e (run)	Run E2E tests	2026-09-13T05:44:38.8373493Z ^[[36;1m  python tests/e2e_test.py --groups "$groups"^[[0m
e2e (run)	Run E2E tests	2026-09-13T05:44:38.8373799Z ^[[36;1melse^[[0m
e2e (run)	Run E2E tests	2026-09-13T05:44:38.8374442Z ^[[36;1m  echo "Running the FULL lane -- whole suite"^[[0m
e2e (run)	Run E2E tests	2026-09-13T05:44:38.8374772Z ^[[36;1m  python tests/e2e_test.py^[[0m
e2e (run)	Run E2E tests	2026-09-13T05:44:38.8375040Z ^[[36;1mfi^[[0m
e2e (run)	Run E2E tests	2026-09-13T05:44:38.8411287Z shell: /usr/bin/bash -e {0}
e2e (run)	Run E2E tests	2026-09-13T05:44:38.8411549Z env:
e2e (run)	Run E2E tests	2026-09-13T05:44:38.8412186Z   MCP_URL: ***
e2e (run)	Run E2E tests	2026-09-13T05:44:38.8412799Z   WATCHDOG_URL: ***
e2e (run)	Run E2E tests	2026-09-13T05:44:38.8413100Z   pythonLocation: /opt/hostedtoolcache/Python/3.14.7/x64
e2e (run)	Run E2E tests	2026-09-13T05:44:38.8413717Z   PKG_CONFIG_PATH: /opt/hostedtoolcache/Python/3.14.7/x64/lib/pkgconfig
e2e (run)	Run E2E tests	2026-09-13T05:44:38.8414412Z   Python_ROOT_DIR: /opt/hostedtoolcache/Python/3.14.7/x64
e2e (run)	Run E2E tests	2026-09-13T05:44:38.8414797Z   Python2_ROOT_DIR: /opt/hostedtoolcache/Python/3.14.7/x64
e2e (run)	Run E2E tests	2026-09-13T05:44:38.8415175Z   Python3_ROOT_DIR: /opt/hostedtoolcache/Python/3.14.7/x64
e2e (run)	Run E2E tests	2026-09-13T05:44:38.8415579Z   LD_LIBRARY_PATH: /opt/hostedtoolcache/Python/3.14.7/x64/lib
e2e (run)	Run E2E tests	2026-09-13T05:44:38.8416092Z   HUBITAT_HUB_URL: https://cloud.hubitat.com/api/8f03d35e-e8fd-443f-8548-d5fdc889583e
e2e (run)	Run E2E tests	2026-09-13T05:44:38.8416528Z   HUBITAT_APP_ID: 38
e2e (run)	Run E2E tests	2026-09-13T05:44:38.8416827Z   HUBITAT_ACCESS_TOKEN: ***
e2e (run)	Run E2E tests	2026-09-13T05:44:38.8417503Z   PR_SOURCE_URL: https://raw.githubusercontent.com/kingpanther13/Hubitat-local-MCP-server/1e97719aa540a6dffdf3140c4500ea9cf4609b93/hubitat-mcp-server.groovy
e2e (run)	Run E2E tests	2026-09-13T05:44:38.8418598Z   PR_RAW_BASE: https://raw.githubusercontent.com/kingpanther13/Hubitat-local-MCP-server
e2e (run)	Run E2E tests	2026-09-13T05:44:38.8419139Z   PR_HEAD_SHA_RESOLVED: 1e97719aa540a6dffdf3140c4500ea9cf4609b93
e2e (run)	Run E2E tests	2026-09-13T05:44:38.8419924Z   MAIN_SOURCE_URL: https://raw.githubusercontent.com/kingpanther13/Hubitat-local-MCP-server/1de06f1c0bc356b8e8251b436f15e247ddb81e2c/hubitat-mcp-server.groovy
e2e (run)	Run E2E tests	2026-09-13T05:44:38.8420672Z   MAIN_SHA: 1de06f1c0bc356b8e8251b436f15e247ddb81e2c
e2e (run)	Run E2E tests	2026-09-13T05:44:38.8420984Z   MAIN_CHARS: 708266
e2e (run)	Run E2E tests	2026-09-13T05:44:38.8421215Z   E2E_DEFER_NATIVE_DELETES: 1
e2e (run)	Run E2E tests	2026-09-13T05:44:38.8421465Z   E2E_LIMITER_REBOOT_AFTER: 0
e2e (run)	Run E2E tests	2026-09-13T05:44:38.8421706Z   E2E_LANE: full
e2e (run)	Run E2E tests	2026-09-13T05:44:38.8421908Z   E2E_GROUPS: 
e2e (run)	Run E2E tests	2026-09-13T05:44:38.8422107Z   E2E_TESTS: 
e2e (run)	Run E2E tests	2026-09-13T05:44:38.8422301Z ##[endgroup]
e2e (run)	Run E2E tests	2026-09-13T05:44:38.8485483Z Running the FULL lane -- whole suite
e2e (run)	Run E2E tests	2026-09-13T06:19:37.8259129Z ============================================================
e2e (run)	Run E2E tests	2026-09-13T06:19:37.8260459Z Hubitat MCP Server — E2E Test Runner
e2e (run)	Run E2E tests	2026-09-13T06:19:37.8261107Z ============================================================
e2e (run)	Run E2E tests	2026-09-13T06:19:37.8262077Z   Hub:   https://cloud.hubitat.com/api/8f03d35e-e8fd-443f-8548-d5fdc889583e
e2e (run)	Run E2E tests	2026-09-13T06:19:37.8262804Z   App:   38
e2e (run)	Run E2E tests	2026-09-13T06:19:37.8263163Z   Token: 1419...
e2e (run)	Run E2E tests	2026-09-13T06:19:37.8263399Z 
e2e (run)	Run E2E tests	2026-09-13T06:19:37.8263596Z Verifying hub connectivity...
e2e (run)	Run E2E tests	2026-09-13T06:19:37.8264962Z   Hub is reachable. MCP server responded to modern discovery.
e2e (run)	Run E2E tests	2026-09-13T06:19:37.8265285Z 
e2e (run)	Run E2E tests	2026-09-13T06:19:37.8265719Z Hub backup is fresh (0.1h old) -- skipping the per-run backup (the destructive-confirm 24h gate is already satisfied).
e2e (run)	Run E2E tests	2026-09-13T06:19:37.8266272Z 
e2e (run)	Run E2E tests	2026-09-13T06:19:37.8266604Z Best-practice gate: default-ON behaviour verified on the live hub (keyless write blocked)
e2e (run)	Run E2E tests	2026-09-13T06:19:37.8267346Z Best-practice gate: pinned OFF for the suite (best_practice_gating tests re-enable it)
e2e (run)	Run E2E tests	2026-09-13T06:19:37.8267767Z 
e2e (run)	Run E2E tests	2026-09-13T06:19:37.8268058Z Device allowlist: bypass ON for the suite (permanent non-child fixtures are reachable)
e2e (run)	Run E2E tests	2026-09-13T06:19:37.8268480Z 
e2e (run)	Run E2E tests	2026-09-13T06:19:37.8268787Z Write cap: maxConcurrentWrites=0 for the suite (the cap test sets and restores its own)
e2e (run)	Run E2E tests	2026-09-13T06:19:37.8269231Z 
e2e (run)	Run E2E tests	2026-09-13T06:19:37.8269236Z 
e2e (run)	Run E2E tests	2026-09-13T06:19:37.8269347Z [infrastructure]
e2e (run)	Run E2E tests	2026-09-13T06:19:37.8269627Z   [PASS] test_server_discovery
e2e (run)	Run E2E tests	2026-09-13T06:19:37.8269951Z   [PASS] test_tools_list
e2e (run)	Run E2E tests	2026-09-13T06:19:37.8270244Z   [PASS] test_tools_list_titles
e2e (run)	Run E2E tests	2026-09-13T06:19:37.8270574Z   [PASS] test_tools_list_annotation_hints
e2e (run)	Run E2E tests	2026-09-13T06:19:37.8270992Z   [PASS] test_create_backup_schedule_only_catalog_shape
e2e (run)	Run E2E tests	2026-09-13T06:19:37.8271396Z   [PASS] test_gateway_catalog_titles
e2e (run)	Run E2E tests	2026-09-13T06:19:37.8271817Z   [PASS] test_gateway_route_map_covers_every_gateway_sub_tool
e2e (run)	Run E2E tests	2026-09-13T06:19:37.8272287Z   [PASS] test_gateway_route_map_matches_catalog_disclosure
e2e (run)	Run E2E tests	2026-09-13T06:19:37.8272656Z   [PASS] test_flat_leaf_dispatch_still_works
e2e (run)	Run E2E tests	2026-09-13T06:19:37.8272976Z   [PASS] test_metadata_after_mode_switch
e2e (run)	Run E2E tests	2026-09-13T06:19:37.8273323Z   [PASS] test_search_tools_counts_distinct_not_gateway_rows
e2e (run)	Run E2E tests	2026-09-13T06:19:37.8273666Z   [PASS] test_health_endpoint
e2e (run)	Run E2E tests	2026-09-13T06:19:37.8274500Z   [PASS] test_set_rule_guide_param
e2e (run)	Run E2E tests	2026-09-13T06:19:37.8274796Z   [PASS] test_set_rule_self_gateway_meta
e2e (run)	Run E2E tests	2026-09-13T06:19:37.8274993Z 
e2e (run)	Run E2E tests	2026-09-13T06:19:37.8275082Z [devices]
e2e (run)	Run E2E tests	2026-09-13T06:19:37.8275288Z   [PASS] test_list_devices
e2e (run)	Run E2E tests	2026-09-13T06:19:37.8275552Z   [PASS] test_list_devices_scope_all
e2e (run)	Run E2E tests	2026-09-13T06:19:37.8275841Z   [PASS] test_list_devices_context_format
e2e (run)	Run E2E tests	2026-09-13T06:19:37.8276159Z   [PASS] test_list_devices_context_attribute_names
e2e (run)	Run E2E tests	2026-09-13T06:19:37.8276485Z   [PASS] test_list_devices_only_on_filter
e2e (run)	Run E2E tests	2026-09-13T06:19:37.8276779Z   [PASS] test_list_devices_changed_since
e2e (run)	Run E2E tests	2026-09-13T06:19:37.8277182Z     [INFO] no device on this hub has a room assignment; skipping the positive match
e2e (run)	Run E2E tests	2026-09-13T06:19:37.8277606Z   [PASS] test_list_devices_room_filter
e2e (run)	Run E2E tests	2026-09-13T06:19:37.8277921Z   [PASS] test_list_device_events_since_bookmark
e2e (run)	Run E2E tests	2026-09-13T06:19:37.8278142Z 
e2e (run)	Run E2E tests	2026-09-13T06:19:37.8278233Z [diagnostics]
e2e (run)	Run E2E tests	2026-09-13T06:19:37.8278472Z   [PASS] test_radio_details_include_topology
e2e (run)	Run E2E tests	2026-09-13T06:19:37.8278779Z   [PASS] test_radio_details_matter
e2e (run)	Run E2E tests	2026-09-13T06:19:37.8279312Z     health transport: continuation_rounds=1, physical_legs=[(5.008268964000024, 200, True), (1.961887948000026, 200, True)]
e2e (run)	Run E2E tests	2026-09-13T06:19:37.8279872Z   [PASS] test_device_health_traceroute
e2e (run)	Run E2E tests	2026-09-13T06:19:37.8280308Z     health transport: continuation_rounds=0, physical_legs=[(3.1167387950000034, 200, True)]
e2e (run)	Run E2E tests	2026-09-13T06:19:37.8280757Z   [PASS] test_device_health_speedtest
e2e (run)	Run E2E tests	2026-09-13T06:19:37.8281067Z   [PASS] test_manage_radio_gateway_lists_subtools
e2e (run)	Run E2E tests	2026-09-13T06:19:37.8281406Z   [PASS] test_set_zwave_enabled_idempotent
e2e (run)	Run E2E tests	2026-09-13T06:19:37.8281708Z   [PASS] test_set_zigbee_enabled_idempotent
e2e (run)	Run E2E tests	2026-09-13T06:19:37.8282034Z   [PASS] test_call_zwave_repair_start_then_cancel
e2e (run)	Run E2E tests	2026-09-13T06:19:37.8282357Z   [PASS] test_call_zigbee_rebuild_network
e2e (run)	Run E2E tests	2026-09-13T06:19:37.8282660Z   [PASS] test_radio_details_matter_node_status
e2e (run)	Run E2E tests	2026-09-13T06:19:37.8282974Z   [PASS] test_call_zwave_node_replace_stop
e2e (run)	Run E2E tests	2026-09-13T06:19:37.8283278Z   [PASS] test_set_zigbee_settings_roundtrip
e2e (run)	Run E2E tests	2026-09-13T06:19:37.8283570Z   [PASS] test_set_zigbee_ping_device
e2e (run)	Run E2E tests	2026-09-13T06:19:37.8284041Z   [PASS] test_call_destructive_ops_requires_confirm
e2e (run)	Run E2E tests	2026-09-13T06:19:37.8284289Z 
e2e (run)	Run E2E tests	2026-09-13T06:19:37.8284543Z [native_apps]
e2e (run)	Run E2E tests	2026-09-13T06:19:37.8284809Z   [PASS] test_set_native_app_guide_meta_call_via_gateway
e2e (run)	Run E2E tests	2026-09-13T06:19:37.8285141Z   [PASS] test_set_app_disabled_roundtrip
e2e (run)	Run E2E tests	2026-09-13T06:19:37.8285331Z 
e2e (run)	Run E2E tests	2026-09-13T06:19:37.8285411Z [devices]
e2e (run)	Run E2E tests	2026-09-13T06:19:37.8285618Z   [PASS] test_get_device
e2e (run)	Run E2E tests	2026-09-13T06:19:37.8289550Z     CONFIGURATION_PREREQUISITES child-sdk: {"amazonAlexaEnabled": {"applicable": false, "expectation": "unavailable", "reason": "This device or installed integration does not expose this edit control.", "writable": false}, "dashboardIds": {"applicable": true, "expectation": "positive", "reason": null, "writable": true}, "googleHomeEnabled": {"applicable": false, "expectation": "unavailable", "reason": "This device or installed integration does not expose this edit control.", "writable": false}, "homeKitEnabled": {"applicable": true, "expectation": "positive", "reason": null, "writable": true}, "meshEnabled": {"applicable": true, "expectation": "positive", "reason": null, "writable": true}, "meshFullSync": {"applicable": false, "expectation": "unavailable", "reason": "This device or installed integration does not expose this edit control.", "writable": false}, "retryEnabled": {"applicable": false, "expectation": "unavailable", "reason": "This device or installed integration does not expose this edit control.", "writable": false}, "zigbeeId": {"applicable": false, "expectation": "unavailable", "reason": "This device or installed integration does not expose this edit control.", "writable": false}}
e2e (run)	Run E2E tests	2026-09-13T06:19:37.8294290Z     CONFIGURATION_DISPATCH child-sdk: {"controllerType": "", "isComponent": false, "parentAppId": 38, "virtual": false}
e2e (run)	Run E2E tests	2026-09-13T06:19:37.8294931Z   [SLOW] 12.0s  hub_update_device  (devices/test_device_configuration_matrix)
e2e (run)	Run E2E tests	2026-09-13T06:19:37.8295823Z     DEVICE_CONFIGURATION child-sdk: grouped edits and independent restoration verified; unavailable prerequisite rows are negative coverage only.
e2e (run)	Run E2E tests	2026-09-13T06:19:37.8299957Z     CONFIGURATION_PREREQUISITES standalone-sdk: {"amazonAlexaEnabled": {"applicable": false, "expectation": "unavailable", "reason": "This device or installed integration does not expose this edit control.", "writable": false}, "dashboardIds": {"applicable": true, "expectation": "positive", "reason": null, "writable": true}, "googleHomeEnabled": {"applicable": false, "expectation": "unavailable", "reason": "This device or installed integration does not expose this edit control.", "writable": false}, "homeKitEnabled": {"applicable": true, "expectation": "positive", "reason": null, "writable": true}, "meshEnabled": {"applicable": true, "expectation": "positive", "reason": null, "writable": true}, "meshFullSync": {"applicable": false, "expectation": "unavailable", "reason": "This device or installed integration does not expose this edit control.", "writable": false}, "retryEnabled": {"applicable": false, "expectation": "unavailable", "reason": "This device or installed integration does not expose this edit control.", "writable": false}, "zigbeeId": {"applicable": true, "expectation": "positive", "reason": null, "writable": true}}
e2e (run)	Run E2E tests	2026-09-13T06:19:37.8304299Z     CONFIGURATION_DISPATCH standalone-sdk: {"controllerType": "", "isComponent": false, "parentAppId": null, "virtual": false}
e2e (run)	Run E2E tests	2026-09-13T06:19:37.8304965Z   [SLOW] 11.7s  hub_update_device  (devices/test_device_configuration_matrix)
e2e (run)	Run E2E tests	2026-09-13T06:19:37.8305732Z     DEVICE_CONFIGURATION standalone-sdk: grouped edits and independent restoration verified; unavailable prerequisite rows are negative coverage only.
e2e (run)	Run E2E tests	2026-09-13T06:19:37.8309881Z     CONFIGURATION_PREREQUISITES standalone-bypass: {"amazonAlexaEnabled": {"applicable": false, "expectation": "unavailable", "reason": "This device or installed integration does not expose this edit control.", "writable": false}, "dashboardIds": {"applicable": true, "expectation": "positive", "reason": null, "writable": true}, "googleHomeEnabled": {"applicable": false, "expectation": "unavailable", "reason": "This device or installed integration does not expose this edit control.", "writable": false}, "homeKitEnabled": {"applicable": true, "expectation": "positive", "reason": null, "writable": true}, "meshEnabled": {"applicable": true, "expectation": "positive", "reason": null, "writable": true}, "meshFullSync": {"applicable": false, "expectation": "unavailable", "reason": "This device or installed integration does not expose this edit control.", "writable": false}, "retryEnabled": {"applicable": false, "expectation": "unavailable", "reason": "This device or installed integration does not expose this edit control.", "writable": false}, "zigbeeId": {"applicable": true, "expectation": "positive", "reason": null, "writable": true}}
e2e (run)	Run E2E tests	2026-09-13T06:19:37.8314540Z     CONFIGURATION_DISPATCH standalone-bypass: {"controllerType": "", "isComponent": false, "parentAppId": null, "virtual": false}
e2e (run)	Run E2E tests	2026-09-13T06:19:37.8315230Z   [SLOW] 11.9s  hub_update_device  (devices/test_device_configuration_matrix)
e2e (run)	Run E2E tests	2026-09-13T06:19:37.8316004Z     DEVICE_CONFIGURATION standalone-bypass: grouped edits and independent restoration verified; unavailable prerequisite rows are negative coverage only.
e2e (run)	Run E2E tests	2026-09-13T06:19:37.8316727Z   [PASS] test_device_configuration_matrix
e2e (run)	Run E2E tests	2026-09-13T06:19:37.8317139Z     CONFIGURATION_LAN_DISPATCH child-sdk: explicit send and callback verified
e2e (run)	Run E2E tests	2026-09-13T06:19:37.8317676Z     CONFIGURATION_LAN_DISPATCH standalone-sdk: explicit send and callback verified
e2e (run)	Run E2E tests	2026-09-13T06:19:37.8318236Z     CONFIGURATION_LAN_DISPATCH standalone-bypass: explicit send and callback verified
e2e (run)	Run E2E tests	2026-09-13T06:19:37.8318717Z   [PASS] test_configuration_fixture_lan_dispatch
e2e (run)	Run E2E tests	2026-09-13T06:19:37.8319025Z   [PASS] test_get_attribute
e2e (run)	Run E2E tests	2026-09-13T06:19:37.8319289Z   [PASS] test_send_command_error
e2e (run)	Run E2E tests	2026-09-13T06:19:37.8319562Z   [PASS] test_update_device_show_on_home
e2e (run)	Run E2E tests	2026-09-13T06:19:37.8320158Z     ROOM_ASSIGN ok -- /device/updateRoom moved 2349 into 'BAT_E2E_KEEP_Room' and out again
e2e (run)	Run E2E tests	2026-09-13T06:19:37.8320655Z   [PASS] test_update_device_room_assign_and_unassign
e2e (run)	Run E2E tests	2026-09-13T06:19:37.8321002Z   [PASS] test_update_device_default_current_state
e2e (run)	Run E2E tests	2026-09-13T06:19:37.8321329Z   [PASS] test_update_device_tags
e2e (run)	Run E2E tests	2026-09-13T06:19:37.8321613Z   [PASS] test_create_device_from_driver_type
e2e (run)	Run E2E tests	2026-09-13T06:19:37.8321924Z   [PASS] test_get_compatible_devices_lookup
e2e (run)	Run E2E tests	2026-09-13T06:19:37.8322125Z 
e2e (run)	Run E2E tests	2026-09-13T06:19:37.8322228Z [virtual_device_lifecycle]
e2e (run)	Run E2E tests	2026-09-13T06:19:37.8322529Z   [PASS] test_virtual_switch_fixture_identity_is_run_unique
e2e (run)	Run E2E tests	2026-09-13T06:19:37.8322878Z   [PASS] test_create_virtual_switch
e2e (run)	Run E2E tests	2026-09-13T06:19:37.8323156Z   [PASS] test_command_virtual_switch
e2e (run)	Run E2E tests	2026-09-13T06:19:37.8323436Z   [PASS] test_command_waitfor_converges
e2e (run)	Run E2E tests	2026-09-13T06:19:37.8323730Z   [PASS] test_batch_commands_multi_device
e2e (run)	Run E2E tests	2026-09-13T06:19:37.8324236Z   [PASS] test_batch_commands_partial_failure_and_no_partial_send
e2e (run)	Run E2E tests	2026-09-13T06:19:37.8324605Z   [PASS] test_poll_comparator_and_stable
e2e (run)	Run E2E tests	2026-09-13T06:19:37.8324896Z   [PASS] test_list_virtual_devices
e2e (run)	Run E2E tests	2026-09-13T06:19:37.8325230Z   [PASS] test_list_virtual_devices_honors_limit_offset_and_cursor
e2e (run)	Run E2E tests	2026-09-13T06:19:37.8325594Z   [PASS] test_delete_virtual_switch
e2e (run)	Run E2E tests	2026-09-13T06:19:37.8325765Z 
e2e (run)	Run E2E tests	2026-09-13T06:19:37.8325853Z [dashboards]
e2e (run)	Run E2E tests	2026-09-13T06:19:37.8326092Z   [PASS] test_dashboard_create_read_clone_delete
e2e (run)	Run E2E tests	2026-09-13T06:19:37.8326412Z   [PASS] test_dashboard_legacy_lifecycle
e2e (run)	Run E2E tests	2026-09-13T06:19:37.8326602Z 
e2e (run)	Run E2E tests	2026-09-13T06:19:37.8326683Z [rule_crud]
e2e (run)	Run E2E tests	2026-09-13T06:19:37.8326893Z   [PASS] test_create_rule
e2e (run)	Run E2E tests	2026-09-13T06:19:37.8327127Z   [PASS] test_get_rule
e2e (run)	Run E2E tests	2026-09-13T06:19:37.8327358Z   [PASS] test_update_rule
e2e (run)	Run E2E tests	2026-09-13T06:19:37.8327600Z   [PASS] test_delete_rule
e2e (run)	Run E2E tests	2026-09-13T06:19:37.8327739Z 
e2e (run)	Run E2E tests	2026-09-13T06:19:37.8327828Z [native_apps]
e2e (run)	Run E2E tests	2026-09-13T06:19:37.8328072Z   [PASS] test_set_rule_self_gateway_envelope_edit
e2e (run)	Run E2E tests	2026-09-13T06:19:37.8328420Z   [PASS] test_set_rule_self_gateway_envelope_create
e2e (run)	Run E2E tests	2026-09-13T06:19:37.8328845Z   [SLOW]  8.4s  hub_set_rule:create  (native_apps/test_set_rule_native_lifecycle)
e2e (run)	Run E2E tests	2026-09-13T06:19:37.8329256Z   [PASS] test_set_rule_native_lifecycle
e2e (run)	Run E2E tests	2026-09-13T06:19:37.8329668Z   [SLOW]  8.7s  hub_set_rule:edit  (native_apps/test_set_rule_failloud_wrong_trigger_shape)
e2e (run)	Run E2E tests	2026-09-13T06:19:37.8330275Z   [PASS] test_set_rule_failloud_wrong_trigger_shape
e2e (run)	Run E2E tests	2026-09-13T06:19:37.8330713Z   [SLOW] 10.0s  hub_set_rule:create  (native_apps/test_set_rule_modifyaction_retarget)
e2e (run)	Run E2E tests	2026-09-13T06:19:37.8331233Z   [SLOW] 15.1s  hub_set_rule:edit  (native_apps/test_set_rule_modifyaction_retarget)
e2e (run)	Run E2E tests	2026-09-13T06:19:37.8331655Z   [PASS] test_set_rule_modifyaction_retarget
e2e (run)	Run E2E tests	2026-09-13T06:19:37.8332042Z   [SLOW] 13.4s  hub_clone_native_app  (native_apps/test_clone_stage_disabled)
e2e (run)	Run E2E tests	2026-09-13T06:19:37.8332519Z   [SLOW] 11.8s  hub_import_native_app  (native_apps/test_clone_stage_disabled)
e2e (run)	Run E2E tests	2026-09-13T06:19:37.8332913Z   [PASS] test_clone_stage_disabled
e2e (run)	Run E2E tests	2026-09-13T06:19:37.8333245Z   [PASS] test_set_rule_action_expression_reject_is_pre_write
e2e (run)	Run E2E tests	2026-09-13T06:19:37.8333627Z   [PASS] test_call_rule_multi_id_aggregates_per_rule
e2e (run)	Run E2E tests	2026-09-13T06:19:37.8334247Z   [SLOW] 14.7s  hub_set_rule:create  (native_apps/test_set_rule_waitevents_on_offset_action_slot)
e2e (run)	Run E2E tests	2026-09-13T06:19:37.8334793Z   [PASS] test_set_rule_waitevents_on_offset_action_slot
e2e (run)	Run E2E tests	2026-09-13T06:19:37.8335131Z   [PASS] test_set_native_app_lifecycle
e2e (run)	Run E2E tests	2026-09-13T06:19:37.8335435Z   [PASS] test_set_native_app_basic_rule_lifecycle
e2e (run)	Run E2E tests	2026-09-13T06:19:37.8335866Z   [SLOW]  7.5s  hub_set_rule:edit  (native_apps/test_button_rule_create_via_controller)
e2e (run)	Run E2E tests	2026-09-13T06:19:37.8336298Z   [PASS] test_button_rule_create_via_controller
e2e (run)	Run E2E tests	2026-09-13T06:19:37.8336615Z   [PASS] test_set_rule_walkstep_introspect
e2e (run)	Run E2E tests	2026-09-13T06:19:37.8336918Z   [PASS] test_set_rule_walkstep_drive
e2e (run)	Run E2E tests	2026-09-13T06:19:37.8337258Z   [PASS] test_set_rule_walkstep_action_after_required_expression
e2e (run)	Run E2E tests	2026-09-13T06:19:37.8337811Z   [PASS] test_set_native_app_walkstep_button_controller
e2e (run)	Run E2E tests	2026-09-13T06:19:37.8338353Z   [PASS] test_rule_health_prefers_rulebuilderjson
e2e (run)	Run E2E tests	2026-09-13T06:19:37.8338714Z   [PASS] test_rule_health_broken_true_on_dangling_trigger
e2e (run)	Run E2E tests	2026-09-13T06:19:37.8339084Z   [PASS] test_rm_rule_restore_in_place_with_device_picker
e2e (run)	Run E2E tests	2026-09-13T06:19:37.8339566Z   [SLOW] 20.4s  hub_set_rule:create  (native_apps/test_rule_health_ui_shaped_else_endif_rows)
e2e (run)	Run E2E tests	2026-09-13T06:19:37.8340150Z   [SLOW] 11.0s  hub_import_native_app  (native_apps/test_rule_health_ui_shaped_else_endif_rows)
e2e (run)	Run E2E tests	2026-09-13T06:19:37.8340626Z   [PASS] test_rule_health_ui_shaped_else_endif_rows
e2e (run)	Run E2E tests	2026-09-13T06:19:37.8341045Z   [SLOW]  9.1s  hub_set_rule:create  (native_apps/test_set_rule_trigger_mutations)
e2e (run)	Run E2E tests	2026-09-13T06:19:37.8341456Z   [PASS] test_set_rule_trigger_mutations
e2e (run)	Run E2E tests	2026-09-13T06:19:37.8341921Z     [RETRY] test_set_rule_enum_custom_attribute failed on a relay 504 -- re-running the test once
e2e (run)	Run E2E tests	2026-09-13T06:19:37.8342727Z     [BACKOFF] test_set_rule_enum_custom_attribute: relay 504 -- settling before the single re-run (polling hub_get_info until it round-trips fast)
e2e (run)	Run E2E tests	2026-09-13T06:19:37.8343518Z     [BACKOFF] test_set_rule_enum_custom_attribute: settle window elapsed -- re-running anyway
e2e (run)	Run E2E tests	2026-09-13T06:19:37.8344276Z   [SLOW] 10.3s  hub_set_rule:create  (native_apps/test_set_rule_enum_custom_attribute)  [err/504]
e2e (run)	Run E2E tests	2026-09-13T06:19:37.8344920Z     create 'BAT_E2E_EnumTrig_34740627451_1_22' response lost to relay 504 -- verifying by label lookup
e2e (run)	Run E2E tests	2026-09-13T06:19:37.8345530Z   [SLOW] 10.3s  hub_list_rules  (native_apps/test_set_rule_enum_custom_attribute)  [err/504]
e2e (run)	Run E2E tests	2026-09-13T06:19:37.8349172Z     FULL-FAILURE test_set_rule_enum_custom_attribute (last op hub_list_rules 10.3s [err]): 504 Gateway Timeout on tools/call (504-class: response lost)
e2e (run)	Run E2E tests	2026-09-13T06:19:37.8350693Z   [FAIL] test_set_rule_enum_custom_attribute: [hub_list_rules 10.3s [err]] 504 Gateway Timeout on tools/call (504-class: response lost)
e2e (run)	Run E2E tests	2026-09-13T06:19:37.8351938Z   [SLOW] 10.3s  hub_set_rule:create  (native_apps/test_set_rule_trigger_state_change_comparator)  [err/504]
e2e (run)	Run E2E tests	2026-09-13T06:19:37.8352764Z     create 'BAT_E2E_ChangedTrig_34740627451_1_23' response lost to relay 504 -- verifying by label lookup
e2e (run)	Run E2E tests	2026-09-13T06:19:37.8353448Z   [SLOW] 10.3s  hub_list_rules  (native_apps/test_set_rule_trigger_state_change_comparator)  [err/504]
e2e (run)	Run E2E tests	2026-09-13T06:19:37.8354751Z     [RETRY] test_set_rule_trigger_state_change_comparator failed on a relay 504 -- re-running the test once
e2e (run)	Run E2E tests	2026-09-13T06:19:37.8355616Z     [BACKOFF] test_set_rule_trigger_state_change_comparator: relay 504 -- settling before the single re-run (polling hub_get_info until it round-trips fast)
e2e (run)	Run E2E tests	2026-09-13T06:19:37.8356460Z     [BACKOFF] test_set_rule_trigger_state_change_comparator: settle window elapsed -- re-running anyway
e2e (run)	Run E2E tests	2026-09-13T06:19:37.8357140Z   [SLOW] 10.3s  hub_set_rule:create  (native_apps/test_set_rule_trigger_state_change_comparator)  [err/504]
e2e (run)	Run E2E tests	2026-09-13T06:19:37.8357818Z     create 'BAT_E2E_ChangedTrig_34740627451_1_24' response lost to relay 504 -- verifying by label lookup
e2e (run)	Run E2E tests	2026-09-13T06:19:37.8358446Z   [SLOW]  9.0s  hub_list_rules  (native_apps/test_set_rule_trigger_state_change_comparator)
e2e (run)	Run E2E tests	2026-09-13T06:19:37.8359004Z     create committed despite the dropped response -- adopting appId 40076
e2e (run)	Run E2E tests	2026-09-13T06:19:37.8359934Z     FULL-FAILURE test_set_rule_trigger_state_change_comparator (last op hub_list_rules 3.2s): 504 relay response loss erased ChangedTrig response metadata; retry this test with its run-unique fixture label
e2e (run)	Run E2E tests	2026-09-13T06:19:37.8361227Z   [FAIL] test_set_rule_trigger_state_change_comparator: [hub_list_rules 3.2s] 504 relay response loss erased ChangedTrig response metadata; retry this test with its run-unique fixture label
e2e (run)	Run E2E tests	2026-09-13T06:19:37.8362155Z   [SLOW]  8.6s  hub_set_rule:create  (native_apps/test_set_rule_required_expression_and_local_var)
e2e (run)	Run E2E tests	2026-09-13T06:19:37.8362753Z   [SLOW] 24.2s  hub_set_rule:edit  (native_apps/test_set_rule_required_expression_and_local_var)
e2e (run)	Run E2E tests	2026-09-13T06:19:37.8363357Z   [SLOW] 13.0s  hub_set_rule:edit  (native_apps/test_set_rule_required_expression_and_local_var)
e2e (run)	Run E2E tests	2026-09-13T06:19:37.8364239Z   [PASS] test_set_rule_required_expression_and_local_var
e2e (run)	Run E2E tests	2026-09-13T06:19:37.8364696Z   [SLOW] 12.2s  hub_set_rule:create  (native_apps/test_set_rule_wait_events_mode_event)
e2e (run)	Run E2E tests	2026-09-13T06:19:37.8365132Z   [PASS] test_set_rule_wait_events_mode_event
e2e (run)	Run E2E tests	2026-09-13T06:19:37.8365646Z   [SLOW]  7.5s  hub_set_rule:create  (native_apps/test_set_rule_switch_only_on_and_device_list_no_false_partial)
e2e (run)	Run E2E tests	2026-09-13T06:19:37.8366333Z   [SLOW]  7.6s  hub_set_rule:create  (native_apps/test_set_rule_switch_only_on_and_device_list_no_false_partial)
e2e (run)	Run E2E tests	2026-09-13T06:19:37.8366904Z   [PASS] test_set_rule_switch_only_on_and_device_list_no_false_partial
e2e (run)	Run E2E tests	2026-09-13T06:19:37.8367415Z   [SLOW] 10.4s  hub_set_rule:create  (native_apps/test_set_rule_wait_events_and_stays_duration)
e2e (run)	Run E2E tests	2026-09-13T06:19:37.8367894Z   [PASS] test_set_rule_wait_events_and_stays_duration
e2e (run)	Run E2E tests	2026-09-13T06:19:37.8368122Z 
e2e (run)	Run E2E tests	2026-09-13T06:19:37.8368203Z [mrtr]
e2e (run)	Run E2E tests	2026-09-13T06:19:37.8368533Z   [SLOW] 21.8s  hub_set_rule:edit  (mrtr/test_mrtr_rule_edit_uses_standard_continuation)
e2e (run)	Run E2E tests	2026-09-13T06:19:37.8369484Z     observed regular MRTR transport before assertions: physical_legs=5 continuation_rounds=4 leg_evidence=[4.216s/200/decoded, 4.686s/200/decoded, 4.571s/200/decoded, 4.698s/200/decoded, 1.982s/200/decoded]
e2e (run)	Run E2E tests	2026-09-13T06:19:37.8370983Z     regular MRTR proof: legs=5 decoded_responses=5 replayed_legs=0 relay_dropped_legs=0 continuation_rounds=4 logical=21.756s max_answered_leg=4.698s leg_evidence=[4.216s/200/decoded, 4.686s/200/decoded, 4.571s/200/decoded, 4.698s/200/decoded, 1.982s/200/decoded]
e2e (run)	Run E2E tests	2026-09-13T06:19:37.8372018Z   [PASS] test_mrtr_rule_edit_uses_standard_continuation
e2e (run)	Run E2E tests	2026-09-13T06:19:37.8372248Z 
e2e (run)	Run E2E tests	2026-09-13T06:19:37.8372337Z [native_apps]
e2e (run)	Run E2E tests	2026-09-13T06:19:37.8372567Z   [PASS] test_set_rule_contains_comparator
e2e (run)	Run E2E tests	2026-09-13T06:19:37.8373011Z   [SLOW]  8.5s  hub_set_rule:edit  (native_apps/test_set_rule_remove_referenced_local_breaks_rule)
e2e (run)	Run E2E tests	2026-09-13T06:19:37.8373511Z   [PASS] test_set_rule_remove_referenced_local_breaks_rule
e2e (run)	Run E2E tests	2026-09-13T06:19:37.8374155Z   [PASS] test_set_rule_trigger_custom_attribute_enum_changed_routes
e2e (run)	Run E2E tests	2026-09-13T06:19:37.8374621Z   [PASS] test_set_rule_re_custom_attribute_enum_changed_not_representable
e2e (run)	Run E2E tests	2026-09-13T06:19:37.8375030Z   [PASS] test_set_rule_replace_required_expression
e2e (run)	Run E2E tests	2026-09-13T06:19:37.8375656Z   [SLOW]  8.1s  hub_set_rule:create  (native_apps/test_set_rule_setvariable_from_device_and_math)
e2e (run)	Run E2E tests	2026-09-13T06:19:37.8376246Z   [SLOW] 19.7s  hub_set_rule:create  (native_apps/test_set_rule_setvariable_from_device_and_math)
e2e (run)	Run E2E tests	2026-09-13T06:19:37.8376820Z   [SLOW]  7.8s  hub_set_rule:create  (native_apps/test_set_rule_setvariable_from_device_and_math)
e2e (run)	Run E2E tests	2026-09-13T06:19:37.8377395Z   [SLOW]  8.8s  hub_set_rule:edit  (native_apps/test_set_rule_setvariable_from_device_and_math)
e2e (run)	Run E2E tests	2026-09-13T06:19:37.8377864Z   [PASS] test_set_rule_setvariable_from_device_and_math
e2e (run)	Run E2E tests	2026-09-13T06:19:37.8378221Z   [PASS] test_set_rule_walker_enum_required_expression
e2e (run)	Run E2E tests	2026-09-13T06:19:37.8378568Z   [PASS] test_set_rule_walker_compare_to_device
e2e (run)	Run E2E tests	2026-09-13T06:19:37.8379041Z   [SLOW]  8.6s  hub_set_rule:create  (native_apps/test_set_rule_required_expression_multi_condition)
e2e (run)	Run E2E tests	2026-09-13T06:19:37.8379654Z   [SLOW]  8.8s  hub_set_rule:create  (native_apps/test_set_rule_required_expression_multi_condition)
e2e (run)	Run E2E tests	2026-09-13T06:19:37.8380154Z   [PASS] test_set_rule_required_expression_multi_condition
e2e (run)	Run E2E tests	2026-09-13T06:19:37.8380521Z   [PASS] test_set_rule_action_after_required_expression
e2e (run)	Run E2E tests	2026-09-13T06:19:37.8380938Z   [SLOW] 10.6s  hub_set_rule:edit  (native_apps/test_set_rule_action_mutations)
e2e (run)	Run E2E tests	2026-09-13T06:19:37.8381409Z   [SLOW]  8.2s  hub_set_rule:edit  (native_apps/test_set_rule_action_mutations)
e2e (run)	Run E2E tests	2026-09-13T06:19:37.8381799Z   [PASS] test_set_rule_action_mutations
e2e (run)	Run E2E tests	2026-09-13T06:19:37.8382164Z   [SLOW] 11.6s  hub_set_rule:create  (native_apps/test_set_rule_move_action)
e2e (run)	Run E2E tests	2026-09-13T06:19:37.8382540Z   [PASS] test_set_rule_move_action
e2e (run)	Run E2E tests	2026-09-13T06:19:37.8382877Z   [SLOW]  9.0s  hub_set_rule:edit  (native_apps/test_set_rule_patches)
e2e (run)	Run E2E tests	2026-09-13T06:19:37.8383234Z   [PASS] test_set_rule_patches
e2e (run)	Run E2E tests	2026-09-13T06:19:37.8383659Z   [PASS] test_set_rule_raw_settings_and_validation
e2e (run)	Run E2E tests	2026-09-13T06:19:37.8384308Z   [SLOW] 15.4s  hub_set_rule:create  (native_apps/test_set_rule_enum_doactpage)
e2e (run)	Run E2E tests	2026-09-13T06:19:37.8384714Z   [PASS] test_set_rule_enum_doactpage
e2e (run)	Run E2E tests	2026-09-13T06:19:37.8385046Z   [PASS] test_set_rule_create_with_required_expression
e2e (run)	Run E2E tests	2026-09-13T06:19:37.8385369Z   [PASS] test_set_rule_discover_meta
e2e (run)	Run E2E tests	2026-09-13T06:19:37.8385676Z   [PASS] test_delete_native_app_from_native_gateway
e2e (run)	Run E2E tests	2026-09-13T06:19:37.8385995Z   [PASS] test_set_native_app_button_edit
e2e (run)	Run E2E tests	2026-09-13T06:19:37.8386184Z 
e2e (run)	Run E2E tests	2026-09-13T06:19:37.8386268Z [visual_rules]
e2e (run)	Run E2E tests	2026-09-13T06:19:37.8386500Z   [PASS] test_visual_rule_classic_lifecycle
e2e (run)	Run E2E tests	2026-09-13T06:19:37.8386794Z   [PASS] test_visual_rule_backup_restore
e2e (run)	Run E2E tests	2026-09-13T06:19:37.8387082Z   [PASS] test_visual_rule_error_contracts
e2e (run)	Run E2E tests	2026-09-13T06:19:37.8387367Z   [PASS] test_visual_rule_type_gate
e2e (run)	Run E2E tests	2026-09-13T06:19:37.8387656Z   [PASS] test_visual_rule_editor_form_lifecycle
e2e (run)	Run E2E tests	2026-09-13T06:19:37.8387872Z 
e2e (run)	Run E2E tests	2026-09-13T06:19:37.8387955Z [deadman]
e2e (run)	Run E2E tests	2026-09-13T06:19:37.8388204Z     DEADMAN_INSTALL_COMMIT committed=True installed=True
e2e (run)	Run E2E tests	2026-09-13T06:19:37.8388542Z   [PASS] test_install_as_user_app_commits
e2e (run)	Run E2E tests	2026-09-13T06:19:37.8388725Z 
e2e (run)	Run E2E tests	2026-09-13T06:19:37.8388823Z [app_code_update]
e2e (run)	Run E2E tests	2026-09-13T06:19:37.8389433Z     APP_CODE_UPDATE ok -- v1->v2; compile error + lock conflict both refused with no write; restore brought V1 back (undo key prerestore_app_1539); OAuth leg checked
e2e (run)	Run E2E tests	2026-09-13T06:19:37.8390103Z   [PASS] test_update_app_code_lifecycle
e2e (run)	Run E2E tests	2026-09-13T06:19:37.8390694Z     TRIGGER_UPDATED ok -- updated() ran on instance 40112 (lifecycleStamp=updated), still installed, bool + device selection both preserved
e2e (run)	Run E2E tests	2026-09-13T06:19:37.8391312Z   [PASS] test_update_app_code_trigger_updated
e2e (run)	Run E2E tests	2026-09-13T06:19:37.8391511Z 
e2e (run)	Run E2E tests	2026-09-13T06:19:37.8391604Z [driver_code_update]
e2e (run)	Run E2E tests	2026-09-13T06:19:37.8391972Z   [SLOW]  7.7s  hub_create_driver  (driver_code_update/test_update_driver_code_lifecycle)
e2e (run)	Run E2E tests	2026-09-13T06:19:37.8392517Z   [SLOW]  7.7s  hub_update_driver  (driver_code_update/test_update_driver_code_lifecycle)
e2e (run)	Run E2E tests	2026-09-13T06:19:37.8393055Z     DRIVER_CODE_UPDATE ok -- v1->v2; compile error refused with the hub's verbatim text
e2e (run)	Run E2E tests	2026-09-13T06:19:37.8393521Z   [PASS] test_update_driver_code_lifecycle
e2e (run)	Run E2E tests	2026-09-13T06:19:37.8394071Z 
e2e (run)	Run E2E tests	2026-09-13T06:19:37.8394222Z [installed_app_reads]
e2e (run)	Run E2E tests	2026-09-13T06:19:37.8394490Z   [PASS] test_get_app_config_summary_mode
e2e (run)	Run E2E tests	2026-09-13T06:19:37.8394788Z   [PASS] test_list_app_events_structural
e2e (run)	Run E2E tests	2026-09-13T06:19:37.8394979Z 
e2e (run)	Run E2E tests	2026-09-13T06:19:37.8395061Z [device_swap]
e2e (run)	Run E2E tests	2026-09-13T06:19:37.8395407Z     DEVICE_SWAP ok -- child-device fixture 7422 refused as ineligible, no instance leak
e2e (run)	Run E2E tests	2026-09-13T06:19:37.8395874Z   [PASS] test_call_device_swap_child_device_ineligibility
e2e (run)	Run E2E tests	2026-09-13T06:19:37.8396106Z 
e2e (run)	Run E2E tests	2026-09-13T06:19:37.8396195Z [device_replace]
e2e (run)	Run E2E tests	2026-09-13T06:19:37.8396556Z     DEVICE_REPLACE ok -- list_options read 16 compatible candidate(s) for 7424, no mutation
e2e (run)	Run E2E tests	2026-09-13T06:19:37.8397018Z   [PASS] test_call_device_replace_list_options_read
e2e (run)	Run E2E tests	2026-09-13T06:19:37.8397244Z 
e2e (run)	Run E2E tests	2026-09-13T06:19:37.8397333Z [hub_variables]
e2e (run)	Run E2E tests	2026-09-13T06:19:37.8397592Z   [PASS] test_hub_variable_create_get_delete_round_trip
e2e (run)	Run E2E tests	2026-09-13T06:19:37.8397951Z   [PASS] test_hub_variable_bulk_create_round_trip
e2e (run)	Run E2E tests	2026-09-13T06:19:37.8398169Z 
e2e (run)	Run E2E tests	2026-09-13T06:19:37.8398257Z [trigger_types]
e2e (run)	Run E2E tests	2026-09-13T06:19:37.8398471Z   [PASS] test_trigger_types
e2e (run)	Run E2E tests	2026-09-13T06:19:37.8398629Z 
e2e (run)	Run E2E tests	2026-09-13T06:19:37.8398719Z [condition_types]
e2e (run)	Run E2E tests	2026-09-13T06:19:37.8398940Z   [PASS] test_condition_types
e2e (run)	Run E2E tests	2026-09-13T06:19:37.8399104Z 
e2e (run)	Run E2E tests	2026-09-13T06:19:37.8399192Z [action_types]
e2e (run)	Run E2E tests	2026-09-13T06:19:37.8399401Z   [PASS] test_action_types
e2e (run)	Run E2E tests	2026-09-13T06:19:37.8399552Z 
e2e (run)	Run E2E tests	2026-09-13T06:19:37.8399638Z [complex_patterns]
e2e (run)	Run E2E tests	2026-09-13T06:19:37.8399868Z   [PASS] test_nested_if_then_else
e2e (run)	Run E2E tests	2026-09-13T06:19:37.8400134Z   [PASS] test_and_or_conditions
e2e (run)	Run E2E tests	2026-09-13T06:19:37.8400298Z 
e2e (run)	Run E2E tests	2026-09-13T06:19:37.8400379Z [system_tools]
e2e (run)	Run E2E tests	2026-09-13T06:19:37.8400587Z   [PASS] test_get_modes
e2e (run)	Run E2E tests	2026-09-13T06:19:37.8401219Z     [E2E-GAP] hub-DB restore/delete/upload/schedule are intentionally NOT e2e-tested (destructive to the hub); ToolBackupSpec covers them against a mocked hub.
e2e (run)	Run E2E tests	2026-09-13T06:19:37.8402039Z   [PASS] test_hub_backup_reads
e2e (run)	Run E2E tests	2026-09-13T06:19:37.8402310Z   [PASS] test_backup_gate_list_fallback
e2e (run)	Run E2E tests	2026-09-13T06:19:37.8402637Z     [MODE PORTION 1] create + icon round-trip read-back
e2e (run)	Run E2E tests	2026-09-13T06:19:37.8403001Z     [MODE PORTION 2] rename (by name) + icon read-back
e2e (run)	Run E2E tests	2026-09-13T06:19:37.8403396Z     [MODE PORTION 3] numeric-id resolution + case-insensitive activate
e2e (run)	Run E2E tests	2026-09-13T06:19:37.8403801Z     [MODE PORTION 4] currentMode read-back + restore
e2e (run)	Run E2E tests	2026-09-13T06:19:37.8404427Z     [MODE PORTION 5] set_mode_manager select + conditions (one call)
e2e (run)	Run E2E tests	2026-09-13T06:19:37.8404827Z     [MODE PORTION 6] validation + confirm-gate rejections
e2e (run)	Run E2E tests	2026-09-13T06:19:37.8405196Z     [MODE PORTION 7] delete with confirm + gone read-back
e2e (run)	Run E2E tests	2026-09-13T06:19:37.8405887Z     MODE_LIFECYCLE ok -- full surface proven by e2e: icons, id+name(+case) resolution, confirm gate both ways, manager+conditions in one call (manager was: app)
e2e (run)	Run E2E tests	2026-09-13T06:19:37.8407146Z   [WARN] mode cleanup: delete BAT_E2E_Mode3 failed: Tool 'hub_manage_mode' error: {"success":false,"isError":true,"tool":"hub_manage_mode","error":"mode not found: 'BAT_E2E_Mode3'. Pass a mode id or name (from hub_list_modes)."}
e2e (run)	Run E2E tests	2026-09-13T06:19:37.8408584Z   [WARN] mode cleanup: delete BAT_E2E_Mode2 failed: Tool 'hub_manage_mode' error: {"success":false,"isError":true,"tool":"hub_manage_mode","error":"mode not found: 'BAT_E2E_Mode2'. Pass a mode id or name (from hub_list_modes)."}
e2e (run)	Run E2E tests	2026-09-13T06:19:37.8410014Z   [WARN] mode cleanup: delete BAT_E2E_Mode failed: Tool 'hub_manage_mode' error: {"success":false,"isError":true,"tool":"hub_manage_mode","error":"mode not found: 'BAT_E2E_Mode'. Pass a mode id or name (from hub_list_modes)."}
e2e (run)	Run E2E tests	2026-09-13T06:19:37.8410862Z   [PASS] test_mode_lifecycle
e2e (run)	Run E2E tests	2026-09-13T06:19:37.8411138Z   [PASS] test_manage_hub_variables_list
e2e (run)	Run E2E tests	2026-09-13T06:19:37.8411421Z   [PASS] test_get_hub_info
e2e (run)	Run E2E tests	2026-09-13T06:19:37.8411673Z   [PASS] test_set_system_settings
e2e (run)	Run E2E tests	2026-09-13T06:19:37.8411954Z   [PASS] test_set_system_settings_dark_mode
e2e (run)	Run E2E tests	2026-09-13T06:19:37.8412244Z   [PASS] test_list_libraries
e2e (run)	Run E2E tests	2026-09-13T06:19:37.8412519Z   [PASS] test_hub_get_info_health_alerts_opt_in
e2e (run)	Run E2E tests	2026-09-13T06:19:37.8412987Z   [PASS] test_hub_get_info_update_reads
e2e (run)	Run E2E tests	2026-09-13T06:19:37.8413289Z   [PASS] test_hub_update_firmware_status_only
e2e (run)	Run E2E tests	2026-09-13T06:19:37.8413621Z   [PASS] test_hub_update_firmware_requires_confirm
e2e (run)	Run E2E tests	2026-09-13T06:19:37.8414171Z   [PASS] test_hub_get_metrics_health_alerts
e2e (run)	Run E2E tests	2026-09-13T06:19:37.8414473Z   [PASS] test_get_memory_history
e2e (run)	Run E2E tests	2026-09-13T06:19:37.8414744Z   [PASS] test_force_garbage_collection
e2e (run)	Run E2E tests	2026-09-13T06:19:37.8415030Z   [PASS] test_get_memory_history_with_limit
e2e (run)	Run E2E tests	2026-09-13T06:19:37.8415468Z   [SLOW]  8.0s  hub_get_performance_stats  (system_tools/test_get_performance_stats_device)
e2e (run)	Run E2E tests	2026-09-13T06:19:37.8415920Z   [PASS] test_get_performance_stats_device
e2e (run)	Run E2E tests	2026-09-13T06:19:37.8416217Z   [PASS] test_get_performance_stats_app
e2e (run)	Run E2E tests	2026-09-13T06:19:37.8416517Z   [PASS] test_get_performance_stats_both
e2e (run)	Run E2E tests	2026-09-13T06:19:37.8416794Z   [PASS] test_get_hub_jobs
e2e (run)	Run E2E tests	2026-09-13T06:19:37.8417047Z   [PASS] test_get_hub_jobs_cursor
e2e (run)	Run E2E tests	2026-09-13T06:19:37.8417418Z   [SLOW]  7.7s  hub_get_jobs  (system_tools/test_get_hub_jobs_cold_fetch_continues)
e2e (run)	Run E2E tests	2026-09-13T06:19:37.8417847Z   [PASS] test_get_hub_jobs_cold_fetch_continues
e2e (run)	Run E2E tests	2026-09-13T06:19:37.8418151Z   [PASS] test_manage_rooms_list
e2e (run)	Run E2E tests	2026-09-13T06:19:37.8418508Z     ROOMS_LIB_FLOW create+get+rename+delete OK (BAT_E2E_RoomLib2, dev 75)
e2e (run)	Run E2E tests	2026-09-13T06:19:37.8418928Z   [PASS] test_manage_rooms_create_get_rename_delete
e2e (run)	Run E2E tests	2026-09-13T06:19:37.8419328Z     ROOMS_LIB_ERRORS not-found + confirm-gate + duplicate + collision OK
e2e (run)	Run E2E tests	2026-09-13T06:19:37.8419713Z   [PASS] test_manage_rooms_error_contracts
e2e (run)	Run E2E tests	2026-09-13T06:19:37.8421242Z     BUNDLES_LIST ok -- 'mcp_libraries' contains ['McpRoomsLib', 'McpBundlesLib', 'McpVisualRulesLib', 'McpFilesLib', 'McpItemBackupsLib', 'McpDebugLoggingLib', 'McpDiagnosticsLib', 'McpSystemLib', 'McpDevicesLib', 'McpVirtualDevicesLib', 'McpVariablesLib', 'McpCustomRulesLib', 'McpCodeManagementLib', 'McpHpmLib', 'McpSelfAdminLib', 'McpAppClonerLib', 'McpDiscoveryLib', 'McpNativeRulesLib', 'McpDashboardsLib']
e2e (run)	Run E2E tests	2026-09-13T06:19:37.8422975Z   [PASS] test_list_bundles
e2e (run)	Run E2E tests	2026-09-13T06:19:37.8423352Z     BUNDLE_EXPORT ok -- BAT_E2E_bundle_export_51.zip (644918 B); observed in listing
e2e (run)	Run E2E tests	2026-09-13T06:19:37.8423759Z   [PASS] test_export_bundle
e2e (run)	Run E2E tests	2026-09-13T06:19:37.8424342Z     BUNDLE_DELETE ok -- throwaway installed, listed, deleted, verified gone
e2e (run)	Run E2E tests	2026-09-13T06:19:37.8424727Z   [PASS] test_delete_bundle
e2e (run)	Run E2E tests	2026-09-13T06:19:37.8425088Z     WRITE_CAP ok -- refused after 1 probe(s) while hub_create_variable held the slot
e2e (run)	Run E2E tests	2026-09-13T06:19:37.8425554Z   [PASS] test_write_cap_refuses_a_second_concurrent_write
e2e (run)	Run E2E tests	2026-09-13T06:19:37.8425788Z 
e2e (run)	Run E2E tests	2026-09-13T06:19:37.8425879Z [developer_mode]
e2e (run)	Run E2E tests	2026-09-13T06:19:37.8426138Z   [PASS] test_t220_update_mcp_settings_boolean_flip
e2e (run)	Run E2E tests	2026-09-13T06:19:37.8426493Z   [PASS] test_t221_update_mcp_settings_allowlist_rejection
e2e (run)	Run E2E tests	2026-09-13T06:19:37.8426869Z   [PASS] test_t222_atomic_batch_one_bad_key_blocks_all
e2e (run)	Run E2E tests	2026-09-13T06:19:37.8427225Z   [PASS] test_t223_update_mcp_settings_reconnect_hint
e2e (run)	Run E2E tests	2026-09-13T06:19:37.8427583Z   [PASS] test_update_mcp_settings_enable_read_allowlisted
e2e (run)	Run E2E tests	2026-09-13T06:19:37.8427932Z   [PASS] test_t224_delete_variable_round_trip
e2e (run)	Run E2E tests	2026-09-13T06:19:37.8428276Z   [PASS] test_t225_delete_variable_not_in_either_namespace
e2e (run)	Run E2E tests	2026-09-13T06:19:37.8428617Z   [PASS] test_t226_delete_variable_no_confirm
e2e (run)	Run E2E tests	2026-09-13T06:19:37.8428938Z   [PASS] test_per_key_mcplogs_validation_atomic
e2e (run)	Run E2E tests	2026-09-13T06:19:37.8429253Z   [PASS] test_type_coercion_string_to_bool
e2e (run)	Run E2E tests	2026-09-13T06:19:37.8429577Z   [PASS] test_type_coercion_rejects_invalid_bool_string
e2e (run)	Run E2E tests	2026-09-13T06:19:37.8429905Z   [PASS] test_update_package_dry_run
e2e (run)	Run E2E tests	2026-09-13T06:19:37.8430209Z   [PASS] test_mcp_settings_device_scope_round_trip
e2e (run)	Run E2E tests	2026-09-13T06:19:37.8430573Z   [PASS] test_mcp_settings_device_scope_unknown_id_rejected
e2e (run)	Run E2E tests	2026-09-13T06:19:37.8430950Z   [PASS] test_mcp_settings_device_scope_empty_refused
e2e (run)	Run E2E tests	2026-09-13T06:19:37.8431752Z     [BYPASS LEG SKIPPED] leg (c): device 6860 is in no room, so the UNLISTED-device path for /device/updateRoom was not exercised this run (the endpoint itself is covered unconditionally elsewhere)
e2e (run)	Run E2E tests	2026-09-13T06:19:37.8432763Z   [PASS] test_bypass_device_allowlist_reaches_unlisted_device
e2e (run)	Run E2E tests	2026-09-13T06:19:37.8433017Z 
e2e (run)	Run E2E tests	2026-09-13T06:19:37.8433106Z [best_practice_gating]
e2e (run)	Run E2E tests	2026-09-13T06:19:37.8433360Z   [PASS] test_bps_gate_blocks_then_unlocks
e2e (run)	Run E2E tests	2026-09-13T06:19:37.8433730Z   [PASS] test_bps_refusal_is_error_logged_at_error_and_debug_thresholds
e2e (run)	Run E2E tests	2026-09-13T06:19:37.8434525Z   [PASS] test_bps_gate_disabled_allows_keyless_write
e2e (run)	Run E2E tests	2026-09-13T06:19:37.8434877Z   [PASS] test_bps_gate_guide_reachable_when_gate_on
e2e (run)	Run E2E tests	2026-09-13T06:19:37.8435211Z   [PASS] test_bps_gate_self_disable_escape_hatch
e2e (run)	Run E2E tests	2026-09-13T06:19:37.8435606Z   [PASS] test_reactive_bps_device_command_links_to_device_authorization
e2e (run)	Run E2E tests	2026-09-13T06:19:37.8436064Z   [PASS] test_reactive_bps_virtual_device_links_to_virtual_devices
e2e (run)	Run E2E tests	2026-09-13T06:19:37.8436538Z   [PASS] test_reactive_bps_gateway_visual_rule_links_to_visual_rule_reference
e2e (run)	Run E2E tests	2026-09-13T06:19:37.8437038Z   [PASS] test_reactive_bps_gateway_app_disabled_links_to_builtin_app_tools
e2e (run)	Run E2E tests	2026-09-13T06:19:37.8437523Z   [PASS] test_reactive_bps_gateway_returned_map_carries_bp_warning_field
e2e (run)	Run E2E tests	2026-09-13T06:19:37.8437987Z   [PASS] test_reactive_bps_gateway_destructive_links_to_hub_admin_write
e2e (run)	Run E2E tests	2026-09-13T06:19:37.8438422Z   [PASS] test_reactive_bps_update_device_links_to_update_device
e2e (run)	Run E2E tests	2026-09-13T06:19:37.8438807Z   [PASS] test_bps_gate_wrong_and_numeric_key_blocked
e2e (run)	Run E2E tests	2026-09-13T06:19:37.8439143Z   [PASS] test_bps_gate_message_not_double_coached
e2e (run)	Run E2E tests	2026-09-13T06:19:37.8439468Z   [PASS] test_bps_gate_exempt_read_tool_keyless
e2e (run)	Run E2E tests	2026-09-13T06:19:37.8439840Z   [PASS] test_bps_reference_section_returns_best_practice_bullets
e2e (run)	Run E2E tests	2026-09-13T06:19:37.8440238Z   [PASS] test_bps_every_reactive_section_returns_content
e2e (run)	Run E2E tests	2026-09-13T06:19:37.8440637Z   [PASS] test_guide_full_call_pages_instead_of_hitting_the_size_guard
e2e (run)	Run E2E tests	2026-09-13T06:19:37.8441245Z   [PASS] test_guide_sub_section_is_a_cheap_slice_of_its_parent
e2e (run)	Run E2E tests	2026-09-13T06:19:37.8441493Z 
e2e (run)	Run E2E tests	2026-09-13T06:19:37.8441587Z [poll_until_attribute]
e2e (run)	Run E2E tests	2026-09-13T06:19:37.8441831Z   [PASS] test_poll_immediate_match
e2e (run)	Run E2E tests	2026-09-13T06:19:37.8442098Z   [PASS] test_poll_timeout
e2e (run)	Run E2E tests	2026-09-13T06:19:37.8442342Z   [PASS] test_poll_multi_device
e2e (run)	Run E2E tests	2026-09-13T06:19:37.8442507Z 
e2e (run)	Run E2E tests	2026-09-13T06:19:37.8442606Z [error_verification]
e2e (run)	Run E2E tests	2026-09-13T06:19:37.8442877Z     Accounted for 54 intentional validation error log(s)
e2e (run)	Run E2E tests	2026-09-13T06:19:37.8443253Z     [WARN] 46 unexpected hub error(s) logged during the run:
e2e (run)	Run E2E tests	2026-09-13T06:19:37.8443651Z            - Tool hub_get_device_attribute returned a failure result
e2e (run)	Run E2E tests	2026-09-13T06:19:37.8444355Z            - Tool hub_update_device returned a failure result
e2e (run)	Run E2E tests	2026-09-13T06:19:37.8444847Z            - bypass: /device/fullJson/999999999 fetch failed (ExecutorHttpResponseException)
e2e (run)	Run E2E tests	2026-09-13T06:19:37.8445342Z            - Tool hub_set_app_disabled returned a failure result
e2e (run)	Run E2E tests	2026-09-13T06:19:37.8445738Z            - Tool hub_delete_visual_rule returned a failure result
e2e (run)	Run E2E tests	2026-09-13T06:19:37.8446071Z   [PASS] test_no_hub_errors
e2e (run)	Run E2E tests	2026-09-13T06:19:37.8446227Z 
e2e (run)	Run E2E tests	2026-09-13T06:19:37.8446309Z [protocol]
e2e (run)	Run E2E tests	2026-09-13T06:19:37.8446561Z   [PASS] test_server_discover
e2e (run)	Run E2E tests	2026-09-13T06:19:37.8446834Z   [PASS] test_modern_results_carry_result_type
e2e (run)	Run E2E tests	2026-09-13T06:19:37.8447171Z   [PASS] test_modern_header_method_mismatch_rejected
e2e (run)	Run E2E tests	2026-09-13T06:19:37.8447534Z   [PASS] test_modern_tools_call_requires_matching_mcp_name
e2e (run)	Run E2E tests	2026-09-13T06:19:37.8447895Z   [PASS] test_modern_base64_sentinel_mcp_name_decodes
e2e (run)	Run E2E tests	2026-09-13T06:19:37.8448253Z   [PASS] test_modern_batch_rejected_with_invalid_request
e2e (run)	Run E2E tests	2026-09-13T06:19:37.8448612Z   [PASS] test_modern_unsupported_version_header_rejected
e2e (run)	Run E2E tests	2026-09-13T06:19:37.8448960Z   [PASS] test_modern_unknown_method_returns_404
e2e (run)	Run E2E tests	2026-09-13T06:19:37.8449280Z   [PASS] test_discovery_returns_instructions
e2e (run)	Run E2E tests	2026-09-13T06:19:37.8449585Z   [PASS] test_notification_returns_202
e2e (run)	Run E2E tests	2026-09-13T06:19:37.8449886Z   [PASS] test_resources_capability_and_list
e2e (run)	Run E2E tests	2026-09-13T06:19:37.8450210Z   [PASS] test_resources_read_guide_matches_tool_guide
e2e (run)	Run E2E tests	2026-09-13T06:19:37.8450532Z   [PASS] test_resources_read_live_context
e2e (run)	Run E2E tests	2026-09-13T06:19:37.8450989Z   [PASS] test_resources_read_unknown_uri_error
e2e (run)	Run E2E tests	2026-09-13T06:19:37.8451282Z   [PASS] test_bearer_header_auth
e2e (run)	Run E2E tests	2026-09-13T06:19:37.8451448Z 
e2e (run)	Run E2E tests	2026-09-13T06:19:37.8451538Z [legacy_protocol]
e2e (run)	Run E2E tests	2026-09-13T06:19:37.8451775Z   [PASS] test_legacy_initialize_and_tools_list
e2e (run)	Run E2E tests	2026-09-13T06:19:37.8452090Z   [PASS] test_legacy_read_carries_no_result_type
e2e (run)	Run E2E tests	2026-09-13T06:19:37.8452412Z   [PASS] test_legacy_write_round_trip
e2e (run)	Run E2E tests	2026-09-13T06:19:37.8452591Z 
e2e (run)	Run E2E tests	2026-09-13T06:19:37.8452676Z --- Cleanup ---
e2e (run)	Run E2E tests	2026-09-13T06:19:37.8452962Z   Deleting tracked device DNI=mcp-virtual-1A09951AE75-C408
e2e (run)	Run E2E tests	2026-09-13T06:19:37.8454790Z   [WARN] Failed to delete device DNI=mcp-virtual-1A09951AE75-C408: Tool 'hub_manage_virtual_device' error: {"success":false,"isError":true,"tool":"hub_manage_virtual_device","error":"No MCP-managed virtual device found with network ID 'mcp-virtual-1A09951AE75-C408'. Use hub_list_devices(filter='virtual') to see available devices. See hub_get_tool_guide(section=\"virtual_devices\") for hub_manage_virtual_device's reference and best practices."}
e2e (run)	Run E2E tests	2026-09-13T06:19:37.8456486Z   Deleting tracked device DNI=mcp-virtual-1A099586D3A-44C4
e2e (run)	Run E2E tests	2026-09-13T06:19:37.8458135Z   [WARN] Failed to delete device DNI=mcp-virtual-1A099586D3A-44C4: Tool 'hub_manage_virtual_device' error: {"success":false,"isError":true,"tool":"hub_manage_virtual_device","error":"No MCP-managed virtual device found with network ID 'mcp-virtual-1A099586D3A-44C4'. Use hub_list_devices(filter='virtual') to see available devices. See hub_get_tool_guide(section=\"virtual_devices\") for hub_manage_virtual_device's reference and best practices."}
e2e (run)	Run E2E tests	2026-09-13T06:19:37.8459761Z   Deleting tracked variable BAT_E2E_contains_msg
e2e (run)	Run E2E tests	2026-09-13T06:19:37.8460096Z   Deleting tracked variable BAT_E2E_NO_CONFIRM_T226
e2e (run)	Run E2E tests	2026-09-13T06:19:37.8460642Z   Layer 4: deferring 55 native-rule delete(s) to the disarm sweep
e2e (run)	Run E2E tests	2026-09-13T06:19:37.8475441Z   Sweep: deleting stranded deadman code class 1537
e2e (run)	Run E2E tests	2026-09-13T06:19:37.8476051Z   Sweep: deleting throwaway library 'E2eThrowawayLib' (id=1006)
e2e (run)	Run E2E tests	2026-09-13T06:19:37.8476455Z   Deleting tracked dashboard 40038
e2e (run)	Run E2E tests	2026-09-13T06:19:37.8476836Z   Sweep: deleting file 'BAT_E2E_361_gate_probe_backup_20260913-001326.txt'
e2e (run)	Run E2E tests	2026-09-13T06:19:37.8477393Z   Sweep: deleting file 'e2e-configuration-baseline-child-sdk_backup_20260912-231625.json'
e2e (run)	Run E2E tests	2026-09-13T06:19:37.8478005Z   Sweep: deleting file 'e2e-configuration-baseline-child-sdk_backup_20260912-234826.json'
e2e (run)	Run E2E tests	2026-09-13T06:19:37.8478635Z   Sweep: deleting file 'e2e-configuration-baseline-standalone-bypass_backup_20260912-231802.json'
e2e (run)	Run E2E tests	2026-09-13T06:19:37.8479310Z   Sweep: deleting file 'e2e-configuration-baseline-standalone-bypass_backup_20260912-235006.json'
e2e (run)	Run E2E tests	2026-09-13T06:19:37.8479955Z   Sweep: deleting file 'e2e-configuration-baseline-standalone-sdk_backup_20260912-231710.json'
e2e (run)	Run E2E tests	2026-09-13T06:19:37.8480637Z   Sweep: deleting file 'e2e-configuration-baseline-standalone-sdk_backup_20260912-234912.json'
e2e (run)	Run E2E tests	2026-09-13T06:19:37.8481208Z   Sweep: deleting file 'e2e-deferred-native-rules_backup_20260913-001905.json'
e2e (run)	Run E2E tests	2026-09-13T06:19:37.8481711Z   Sweep: deleting file 'mcp-rm-backup-40034-20260912-233907-583.json'
e2e (run)	Run E2E tests	2026-09-13T06:19:37.8482161Z   Sweep: deleting file 'mcp-rm-backup-40090-20260913-000651-039.json'
e2e (run)	Run E2E tests	2026-09-13T06:19:37.8482592Z   Sweep: deleting file 'mcp-rm-backup-40093-20260913-000728-445.json'
e2e (run)	Run E2E tests	2026-09-13T06:19:37.8483024Z   Sweep: deleting file 'mcp-rm-backup-40096-20260913-000758-738.json'
e2e (run)	Run E2E tests	2026-09-13T06:19:37.8483448Z   Sweep: deleting file 'mcp-rm-backup-40097-20260913-000812-674.json'
e2e (run)	Run E2E tests	2026-09-13T06:19:37.8484028Z   Sweep: deleting file 'mcp-rm-backup-40098-20260913-000852-798.json'
e2e (run)	Run E2E tests	2026-09-13T06:19:37.8484467Z   Sweep: deleting file 'mcp-rm-backup-40099-20260913-000904-038.json'
e2e (run)	Run E2E tests	2026-09-13T06:19:37.8484890Z   Sweep: deleting file 'mcp-rm-backup-40100-20260913-000916-280.json'
e2e (run)	Run E2E tests	2026-09-13T06:19:37.8485326Z   Sweep: deleting file 'mcp-rm-backup-40103-20260913-000948-100.json'
e2e (run)	Run E2E tests	2026-09-13T06:19:37.8485750Z   Sweep: deleting file 'mcp-rm-backup-40104-20260913-000955-342.json'
e2e (run)	Run E2E tests	2026-09-13T06:19:37.8486172Z   Sweep: deleting file 'mcp-rm-backup-40106-20260913-001021-783.json'
e2e (run)	Run E2E tests	2026-09-13T06:19:37.8486828Z   Sweep: deleting file 'mcp-rm-backup-40111-20260913-001110-415.json'
e2e (run)	Run E2E tests	2026-09-13T06:19:37.8487259Z   Sweep: deleting file 'mcp-rm-backup-40112-20260913-001129-647.json'
e2e (run)	Run E2E tests	2026-09-13T06:19:37.8487711Z   Sweep: deleting file 'mcp-rm-backup-40112-20260913-001135-874.json'
e2e (run)	Run E2E tests	2026-09-13T06:19:37.8488082Z --- Cleanup complete ---
e2e (run)	Run E2E tests	2026-09-13T06:19:37.8488245Z 
e2e (run)	Run E2E tests	2026-09-13T06:19:37.8488251Z 
e2e (run)	Run E2E tests	2026-09-13T06:19:37.8488370Z ============================================================
e2e (run)	Run E2E tests	2026-09-13T06:19:37.8488664Z E2E Test Results
e2e (run)	Run E2E tests	2026-09-13T06:19:37.8488895Z ============================================================
e2e (run)	Run E2E tests	2026-09-13T06:19:37.8489279Z   infrastructure                            14 passed  (14 tests,   20.4s)
e2e (run)	Run E2E tests	2026-09-13T06:19:37.8489699Z   devices                                   19 passed  (19 tests,  303.3s)
e2e (run)	Run E2E tests	2026-09-13T06:19:37.8490097Z   diagnostics                               14 passed  (14 tests,   28.0s)
e2e (run)	Run E2E tests	2026-09-13T06:19:37.8490508Z   native_apps                      46 passed/2 FAILED  (48 tests,  987.1s)
e2e (run)	Run E2E tests	2026-09-13T06:19:37.8490940Z   virtual_device_lifecycle                  10 passed  (10 tests,  107.7s)
e2e (run)	Run E2E tests	2026-09-13T06:19:37.8491373Z   dashboards                                 2 passed  (2 tests,   16.7s)
e2e (run)	Run E2E tests	2026-09-13T06:19:37.8491768Z   rule_crud                                  4 passed  (4 tests,    4.4s)
e2e (run)	Run E2E tests	2026-09-13T06:19:37.8492143Z   mrtr                                       1 passed  (1 tests,   29.3s)
e2e (run)	Run E2E tests	2026-09-13T06:19:37.8492523Z   visual_rules                               5 passed  (5 tests,   68.3s)
e2e (run)	Run E2E tests	2026-09-13T06:19:37.8492907Z   deadman                                    1 passed  (1 tests,    7.7s)
e2e (run)	Run E2E tests	2026-09-13T06:19:37.8493346Z   app_code_update                            2 passed  (2 tests,   25.0s)
e2e (run)	Run E2E tests	2026-09-13T06:19:37.8494033Z   driver_code_update                         1 passed  (1 tests,   23.6s)
e2e (run)	Run E2E tests	2026-09-13T06:19:37.8494470Z   installed_app_reads                        2 passed  (2 tests,    5.8s)
e2e (run)	Run E2E tests	2026-09-13T06:19:37.8494883Z   device_swap                                1 passed  (1 tests,   21.5s)
e2e (run)	Run E2E tests	2026-09-13T06:19:37.8495277Z   device_replace                             1 passed  (1 tests,    8.0s)
e2e (run)	Run E2E tests	2026-09-13T06:19:37.8495684Z   hub_variables                              2 passed  (2 tests,   20.6s)
e2e (run)	Run E2E tests	2026-09-13T06:19:37.8496084Z   trigger_types                              1 passed  (1 tests,    3.1s)
e2e (run)	Run E2E tests	2026-09-13T06:19:37.8496491Z   condition_types                            1 passed  (1 tests,    3.8s)
e2e (run)	Run E2E tests	2026-09-13T06:19:37.8496891Z   action_types                               1 passed  (1 tests,    3.9s)
e2e (run)	Run E2E tests	2026-09-13T06:19:37.8497296Z   complex_patterns                           2 passed  (2 tests,    5.0s)
e2e (run)	Run E2E tests	2026-09-13T06:19:37.8497705Z   system_tools                              30 passed  (30 tests,  153.8s)
e2e (run)	Run E2E tests	2026-09-13T06:19:37.8498112Z   developer_mode                            16 passed  (16 tests,   71.1s)
e2e (run)	Run E2E tests	2026-09-13T06:19:37.8498534Z   best_practice_gating                      19 passed  (19 tests,   71.0s)
e2e (run)	Run E2E tests	2026-09-13T06:19:37.8498972Z   poll_until_attribute                       3 passed  (3 tests,   10.8s)
e2e (run)	Run E2E tests	2026-09-13T06:19:37.8499455Z   error_verification                         1 passed  (1 tests,    3.7s)
e2e (run)	Run E2E tests	2026-09-13T06:19:37.8499859Z   protocol                                  15 passed  (15 tests,   13.4s)
e2e (run)	Run E2E tests	2026-09-13T06:19:37.8500273Z   legacy_protocol                            3 passed  (3 tests,    9.9s)
e2e (run)	Run E2E tests	2026-09-13T06:19:37.8500670Z ------------------------------------------------------------
e2e (run)	Run E2E tests	2026-09-13T06:19:37.8501033Z   Total: 217/219 passed, 2 failed, 0 skipped  (2027.2s)
e2e (run)	Run E2E tests	2026-09-13T06:19:37.8501263Z 
e2e (run)	Run E2E tests	2026-09-13T06:19:37.8501492Z   Slowest tests (top 30 of 219; 189 not shown -- these 1208s of 2027s total test time):
e2e (run)	Run E2E tests	2026-09-13T06:19:37.8501957Z      201.3s  devices/test_device_configuration_matrix
e2e (run)	Run E2E tests	2026-09-13T06:19:37.8502357Z       87.7s  native_apps/test_set_rule_trigger_state_change_comparator
e2e (run)	Run E2E tests	2026-09-13T06:19:37.8502768Z       82.8s  native_apps/test_set_rule_enum_custom_attribute
e2e (run)	Run E2E tests	2026-09-13T06:19:37.8503305Z       67.1s  native_apps/test_set_rule_setvariable_from_device_and_math
e2e (run)	Run E2E tests	2026-09-13T06:19:37.8503825Z       52.7s  virtual_device_lifecycle/test_list_virtual_devices_honors_limit_offset_and_cursor
e2e (run)	Run E2E tests	2026-09-13T06:19:37.8504690Z       48.1s  native_apps/test_set_rule_required_expression_and_local_var
e2e (run)	Run E2E tests	2026-09-13T06:19:37.8505130Z       41.6s  native_apps/test_rule_health_ui_shaped_else_endif_rows
e2e (run)	Run E2E tests	2026-09-13T06:19:37.8505529Z       39.1s  system_tools/test_get_hub_jobs_cold_fetch_continues
e2e (run)	Run E2E tests	2026-09-13T06:19:37.8505893Z       36.3s  native_apps/test_clone_stage_disabled
e2e (run)	Run E2E tests	2026-09-13T06:19:37.8506301Z       35.5s  developer_mode/test_bypass_device_allowlist_reaches_unlisted_device
e2e (run)	Run E2E tests	2026-09-13T06:19:37.8506725Z       34.6s  native_apps/test_set_rule_action_mutations
e2e (run)	Run E2E tests	2026-09-13T06:19:37.8507075Z       33.7s  native_apps/test_set_rule_native_lifecycle
e2e (run)	Run E2E tests	2026-09-13T06:19:37.8507422Z       33.2s  native_apps/test_set_rule_modifyaction_retarget
e2e (run)	Run E2E tests	2026-09-13T06:19:37.8507811Z       29.7s  native_apps/test_set_rule_failloud_wrong_trigger_shape
e2e (run)	Run E2E tests	2026-09-13T06:19:37.8508213Z       29.3s  mrtr/test_mrtr_rule_edit_uses_standard_continuation
e2e (run)	Run E2E tests	2026-09-13T06:19:37.8508593Z       27.9s  visual_rules/test_visual_rule_editor_form_lifecycle
e2e (run)	Run E2E tests	2026-09-13T06:19:37.8508983Z       27.4s  native_apps/test_set_rule_self_gateway_envelope_edit
e2e (run)	Run E2E tests	2026-09-13T06:19:37.8509421Z       26.2s  native_apps/test_set_rule_walkstep_action_after_required_expression
e2e (run)	Run E2E tests	2026-09-13T06:19:37.8509828Z       25.9s  system_tools/test_mode_lifecycle
e2e (run)	Run E2E tests	2026-09-13T06:19:37.8510158Z       25.6s  native_apps/test_set_rule_trigger_mutations
e2e (run)	Run E2E tests	2026-09-13T06:19:37.8510524Z       25.3s  virtual_device_lifecycle/test_command_virtual_switch
e2e (run)	Run E2E tests	2026-09-13T06:19:37.8510919Z       24.9s  native_apps/test_button_rule_create_via_controller
e2e (run)	Run E2E tests	2026-09-13T06:19:37.8511542Z       23.6s  native_apps/test_set_rule_switch_only_on_and_device_list_no_false_partial
e2e (run)	Run E2E tests	2026-09-13T06:19:37.8512001Z       23.6s  driver_code_update/test_update_driver_code_lifecycle
e2e (run)	Run E2E tests	2026-09-13T06:19:37.8512374Z       23.1s  visual_rules/test_visual_rule_classic_lifecycle
e2e (run)	Run E2E tests	2026-09-13T06:19:37.8512788Z       21.5s  device_swap/test_call_device_swap_child_device_ineligibility
e2e (run)	Run E2E tests	2026-09-13T06:19:37.8513240Z       20.7s  native_apps/test_set_rule_required_expression_multi_condition
e2e (run)	Run E2E tests	2026-09-13T06:19:37.8513691Z       20.4s  system_tools/test_write_cap_refuses_a_second_concurrent_write
e2e (run)	Run E2E tests	2026-09-13T06:19:37.8514383Z       19.8s  native_apps/test_set_rule_move_action
e2e (run)	Run E2E tests	2026-09-13T06:19:37.8514774Z       19.6s  native_apps/test_set_rule_remove_referenced_local_breaks_rule
e2e (run)	Run E2E tests	2026-09-13T06:19:37.8515051Z 
e2e (run)	Run E2E tests	2026-09-13T06:19:37.8515436Z   Per-op wall-clock (total / count / avg / max / p95, slowest total first; top 25 of 96 op kinds, 1635s of 1914s in TRACKED hub ops):
e2e (run)	Run E2E tests	2026-09-13T06:19:37.8516055Z      376.3s   60x   6.3s avg  20.4s max  14.7s p95  hub_set_rule:create
e2e (run)	Run E2E tests	2026-09-13T06:19:37.8516469Z      292.8s   49x   6.0s avg  24.2s max  15.1s p95  hub_set_rule:edit
e2e (run)	Run E2E tests	2026-09-13T06:19:37.8516853Z      158.2s   67x   2.4s avg   7.1s max   4.9s p95  hub_list_devices
e2e (run)	Run E2E tests	2026-09-13T06:19:37.8517243Z      129.1s   43x   3.0s avg  12.0s max  11.7s p95  hub_update_device
e2e (run)	Run E2E tests	2026-09-13T06:19:37.8517632Z       91.1s   82x   1.1s avg   1.7s max   1.5s p95  hub_get_device
e2e (run)	Run E2E tests	2026-09-13T06:19:37.8518026Z       59.8s   27x   2.2s avg   4.8s max   3.3s p95  hub_manage_virtual_device
e2e (run)	Run E2E tests	2026-09-13T06:19:37.8518459Z       57.7s   61x   0.9s avg   2.1s max   1.4s p95  hub_call_device_command
e2e (run)	Run E2E tests	2026-09-13T06:19:37.8518861Z       54.8s   22x   2.5s avg   3.6s max   3.6s p95  hub_delete_variable
e2e (run)	Run E2E tests	2026-09-13T06:19:37.8519250Z       48.7s   16x   3.0s avg   4.0s max   3.8s p95  hub_set_native_app
e2e (run)	Run E2E tests	2026-09-13T06:19:37.8519625Z       45.8s   20x   2.3s avg  10.3s max  10.3s p95  hub_list_rules
e2e (run)	Run E2E tests	2026-09-13T06:19:37.8520005Z       42.5s   79x   0.5s avg   0.9s max   0.6s p95  hub_update_mcp_settings
e2e (run)	Run E2E tests	2026-09-13T06:19:37.8520411Z       40.4s   49x   0.8s avg   1.0s max   1.0s p95  hub_get_rule_health
e2e (run)	Run E2E tests	2026-09-13T06:19:37.8520792Z       25.8s   37x   0.7s avg   0.8s max   0.8s p95  hub_get_app_config
e2e (run)	Run E2E tests	2026-09-13T06:19:37.8521325Z       23.6s   24x   1.0s avg   2.2s max   1.4s p95  hub_set_visual_rule
e2e (run)	Run E2E tests	2026-09-13T06:19:37.8521703Z       23.3s   33x   0.7s avg   0.9s max   0.9s p95  hub_get_visual_rule
e2e (run)	Run E2E tests	2026-09-13T06:19:37.8522091Z       22.8s    2x  11.4s avg  11.8s max  11.8s p95  hub_import_native_app
e2e (run)	Run E2E tests	2026-09-13T06:19:37.8522487Z       20.8s   13x   1.6s avg   4.4s max   3.7s p95  hub_create_variable
e2e (run)	Run E2E tests	2026-09-13T06:19:37.8522866Z       18.8s   28x   0.7s avg   0.9s max   0.7s p95  hub_delete_file
e2e (run)	Run E2E tests	2026-09-13T06:19:37.8523259Z       18.8s   26x   0.7s avg   2.6s max   1.1s p95  hub_get_device_attribute
e2e (run)	Run E2E tests	2026-09-13T06:19:37.8523658Z       15.8s    8x   2.0s avg   2.4s max   2.4s p95  hub_delete_native_app
e2e (run)	Run E2E tests	2026-09-13T06:19:37.8524183Z       15.5s    8x   1.9s avg   4.7s max   4.7s p95  hub_get_logs
e2e (run)	Run E2E tests	2026-09-13T06:19:37.8524544Z       15.2s    7x   2.2s avg   6.8s max   6.8s p95  hub_get_info
e2e (run)	Run E2E tests	2026-09-13T06:19:37.8524909Z       13.4s    1x  13.4s avg  13.4s max  13.4s p95  hub_clone_native_app
e2e (run)	Run E2E tests	2026-09-13T06:19:37.8525343Z       13.3s   21x   0.6s avg   1.1s max   0.9s p95  hub_get_tool_guide
e2e (run)	Run E2E tests	2026-09-13T06:19:37.8525752Z       10.7s    2x   5.4s avg   7.4s max   7.4s p95  hub_get_device_health
e2e (run)	Run E2E tests	2026-09-13T06:19:37.8525998Z 
e2e (run)	Run E2E tests	2026-09-13T06:19:37.8526191Z   Slowest individual calls (dur / op / test / [err] if the call failed):
e2e (run)	Run E2E tests	2026-09-13T06:19:37.8526731Z      24.2s  hub_set_rule:edit             native_apps/test_set_rule_required_expression_and_local_var
e2e (run)	Run E2E tests	2026-09-13T06:19:37.8527283Z      21.8s  hub_set_rule:edit             mrtr/test_mrtr_rule_edit_uses_standard_continuation
e2e (run)	Run E2E tests	2026-09-13T06:19:37.8527817Z      20.4s  hub_set_rule:create           native_apps/test_rule_health_ui_shaped_else_endif_rows
e2e (run)	Run E2E tests	2026-09-13T06:19:37.8528398Z      19.7s  hub_set_rule:create           native_apps/test_set_rule_setvariable_from_device_and_math
e2e (run)	Run E2E tests	2026-09-13T06:19:37.8529074Z      15.4s  hub_set_rule:create           native_apps/test_set_rule_enum_doactpage
e2e (run)	Run E2E tests	2026-09-13T06:19:37.8529562Z      15.1s  hub_set_rule:edit             native_apps/test_set_rule_modifyaction_retarget
e2e (run)	Run E2E tests	2026-09-13T06:19:37.8530133Z      14.7s  hub_set_rule:create           native_apps/test_set_rule_waitevents_on_offset_action_slot
e2e (run)	Run E2E tests	2026-09-13T06:19:37.8530709Z      13.4s  hub_clone_native_app          native_apps/test_clone_stage_disabled
e2e (run)	Run E2E tests	2026-09-13T06:19:37.8531263Z      13.0s  hub_set_rule:edit             native_apps/test_set_rule_required_expression_and_local_var
e2e (run)	Run E2E tests	2026-09-13T06:19:37.8531835Z      12.2s  hub_set_rule:create           native_apps/test_set_rule_wait_events_mode_event
e2e (run)	Run E2E tests	2026-09-13T06:19:37.8532351Z      12.0s  hub_update_device             devices/test_device_configuration_matrix
e2e (run)	Run E2E tests	2026-09-13T06:19:37.8532827Z      11.9s  hub_update_device             devices/test_device_configuration_matrix
e2e (run)	Run E2E tests	2026-09-13T06:19:37.8533300Z      11.8s  hub_import_native_app         native_apps/test_clone_stage_disabled
e2e (run)	Run E2E tests	2026-09-13T06:19:37.8533763Z      11.7s  hub_update_device             devices/test_device_configuration_matrix
e2e (run)	Run E2E tests	2026-09-13T06:19:37.8534379Z      11.6s  hub_set_rule:create           native_apps/test_set_rule_move_action
e2e (run)	Run E2E tests	2026-09-13T06:19:37.8534666Z 
e2e (run)	Run E2E tests	2026-09-13T06:19:37.8534853Z   [TRANSPORT] silent read-side retries (504/network, verbose-gated): 9
e2e (run)	Run E2E tests	2026-09-13T06:19:37.8535137Z 
e2e (run)	Run E2E tests	2026-09-13T06:19:37.8535402Z   [SLOW-LOGICAL] ops with p95 > 7s (includes continuations; see physical-leg telemetry below):
e2e (run)	Run E2E tests	2026-09-13T06:19:37.8535861Z     p95 15.1s  max 24.2s  hub_set_rule:edit
e2e (run)	Run E2E tests	2026-09-13T06:19:37.8536169Z     p95 14.7s  max 20.4s  hub_set_rule:create
e2e (run)	Run E2E tests	2026-09-13T06:19:37.8536469Z     p95 13.4s  max 13.4s  hub_clone_native_app
e2e (run)	Run E2E tests	2026-09-13T06:19:37.8536775Z     p95 11.8s  max 11.8s  hub_import_native_app
e2e (run)	Run E2E tests	2026-09-13T06:19:37.8537078Z     p95 11.7s  max 12.0s  hub_update_device
e2e (run)	Run E2E tests	2026-09-13T06:19:37.8537358Z     p95 10.3s  max 10.3s  hub_list_rules
e2e (run)	Run E2E tests	2026-09-13T06:19:37.8537670Z     p95  8.0s  max  8.0s  hub_get_performance_stats
e2e (run)	Run E2E tests	2026-09-13T06:19:37.8537981Z     p95  7.7s  max  7.7s  hub_update_driver
e2e (run)	Run E2E tests	2026-09-13T06:19:37.8538258Z     p95  7.7s  max  7.7s  hub_get_jobs
e2e (run)	Run E2E tests	2026-09-13T06:19:37.8538666Z     p95  7.7s  max  7.7s  hub_create_driver
e2e (run)	Run E2E tests	2026-09-13T06:19:37.8538954Z     p95  7.4s  max  7.4s  hub_get_device_health
e2e (run)	Run E2E tests	2026-09-13T06:19:37.8539153Z 
e2e (run)	Run E2E tests	2026-09-13T06:19:37.8539608Z   Continuation overhead by operation (logical calls / seconds / physical legs / continuation rounds / max leg; highest continuation overhead first):
e2e (run)	Run E2E tests	2026-09-13T06:19:37.8540322Z      60x   376.3s  107 legs   47 cont  10.1s max-leg  hub_set_rule:create
e2e (run)	Run E2E tests	2026-09-13T06:19:37.8540734Z      49x   292.8s   84 legs   35 cont   4.9s max-leg  hub_set_rule:edit
e2e (run)	Run E2E tests	2026-09-13T06:19:37.8541134Z      43x   129.1s   50 legs    7 cont   4.3s max-leg  hub_update_device
e2e (run)	Run E2E tests	2026-09-13T06:19:37.8541533Z       2x    22.8s    5 legs    3 cont   5.4s max-leg  hub_import_native_app
e2e (run)	Run E2E tests	2026-09-13T06:19:37.8541949Z       1x    13.4s    4 legs    3 cont   4.7s max-leg  hub_clone_native_app
e2e (run)	Run E2E tests	2026-09-13T06:19:37.8542341Z      67x   158.2s   69 legs    2 cont   5.4s max-leg  hub_list_devices
e2e (run)	Run E2E tests	2026-09-13T06:19:37.8542752Z      27x    59.8s   28 legs    1 cont   3.9s max-leg  hub_manage_virtual_device
e2e (run)	Run E2E tests	2026-09-13T06:19:37.8543170Z       7x    15.2s    8 legs    1 cont   5.1s max-leg  hub_get_info
e2e (run)	Run E2E tests	2026-09-13T06:19:37.8543548Z       2x    10.7s    3 legs    1 cont   5.0s max-leg  hub_get_device_health
e2e (run)	Run E2E tests	2026-09-13T06:19:37.8544197Z       5x    10.4s    6 legs    1 cont   5.2s max-leg  hub_get_performance_stats
e2e (run)	Run E2E tests	2026-09-13T06:19:37.8544717Z       2x     9.8s    3 legs    1 cont   4.1s max-leg  hub_update_driver
e2e (run)	Run E2E tests	2026-09-13T06:19:37.8545094Z       3x     8.9s    4 legs    1 cont   5.3s max-leg  hub_get_jobs
e2e (run)	Run E2E tests	2026-09-13T06:19:37.8545460Z       1x     7.7s    2 legs    1 cont   3.9s max-leg  hub_create_driver
e2e (run)	Run E2E tests	2026-09-13T06:19:37.8545836Z      82x    91.1s   82 legs    0 cont   1.5s max-leg  hub_get_device
e2e (run)	Run E2E tests	2026-09-13T06:19:37.8546236Z      61x    57.7s   61 legs    0 cont   1.9s max-leg  hub_call_device_command
e2e (run)	Run E2E tests	2026-09-13T06:19:37.8546847Z      22x    54.8s   22 legs    0 cont   3.4s max-leg  hub_delete_variable
e2e (run)	Run E2E tests	2026-09-13T06:19:37.8547243Z      16x    48.7s   16 legs    0 cont   3.7s max-leg  hub_set_native_app
e2e (run)	Run E2E tests	2026-09-13T06:19:37.8547642Z      20x    45.8s   20 legs    0 cont  10.1s max-leg  hub_list_rules
e2e (run)	Run E2E tests	2026-09-13T06:19:37.8548081Z      79x    42.5s   79 legs    0 cont   0.7s max-leg  hub_update_mcp_settings
e2e (run)	Run E2E tests	2026-09-13T06:19:37.8548491Z      49x    40.4s   49 legs    0 cont   0.8s max-leg  hub_get_rule_health
e2e (run)	Run E2E tests	2026-09-13T06:19:37.8548888Z      37x    25.8s   37 legs    0 cont   0.6s max-leg  hub_get_app_config
e2e (run)	Run E2E tests	2026-09-13T06:19:37.8549277Z      24x    23.6s   24 legs    0 cont   2.0s max-leg  hub_set_visual_rule
e2e (run)	Run E2E tests	2026-09-13T06:19:37.8549667Z      33x    23.3s   33 legs    0 cont   0.7s max-leg  hub_get_visual_rule
e2e (run)	Run E2E tests	2026-09-13T06:19:37.8550048Z      28x    18.8s   28 legs    0 cont   0.7s max-leg  hub_delete_file
e2e (run)	Run E2E tests	2026-09-13T06:19:37.8550468Z      26x    18.8s   26 legs    0 cont   2.4s max-leg  hub_get_device_attribute
e2e (run)	Run E2E tests	2026-09-13T06:19:37.8550733Z 
e2e (run)	Run E2E tests	2026-09-13T06:19:37.8550822Z Failures:
e2e (run)	Run E2E tests	2026-09-13T06:19:37.8551311Z   - test_set_rule_enum_custom_attribute: [hub_list_rules 10.3s [err]] 504 Gateway Timeout on tools/call (504-class: response lost)
e2e (run)	Run E2E tests	2026-09-13T06:19:37.8552334Z   - test_set_rule_trigger_state_change_comparator: [hub_list_rules 3.2s] 504 relay response loss erased ChangedTrig response metadata; retry this test with its run-unique fixture label
e2e (run)	Run E2E tests	2026-09-13T06:19:37.8553102Z ============================================================
e2e (run)	Run E2E tests	2026-09-13T06:19:37.8567058Z ##[error]Process completed with exit code 1.
e2e (run)	Post e2e gate status	﻿2026-09-13T06:19:37.8628757Z ##[group]Run SHA="1e97719aa540a6dffdf3140c4500ea9cf4609b93"
e2e (run)	Post e2e gate status	2026-09-13T06:19:37.8629321Z ^[[36;1mSHA="1e97719aa540a6dffdf3140c4500ea9cf4609b93"^[[0m
e2e (run)	Post e2e gate status	2026-09-13T06:19:37.8629778Z ^[[36;1m[ -z "$SHA" ] && SHA="1de06f1c0bc356b8e8251b436f15e247ddb81e2c"^[[0m
e2e (run)	Post e2e gate status	2026-09-13T06:19:37.8630169Z ^[[36;1mAVAIL="true"^[[0m
e2e (run)	Post e2e gate status	2026-09-13T06:19:37.8630444Z ^[[36;1mLANE="full"^[[0m
e2e (run)	Post e2e gate status	2026-09-13T06:19:37.8630697Z ^[[36;1mPR="422"^[[0m
e2e (run)	Post e2e gate status	2026-09-13T06:19:37.8630958Z ^[[36;1mSKIPPED=false; LABELS_OK=true^[[0m
e2e (run)	Post e2e gate status	2026-09-13T06:19:37.8631277Z ^[[36;1mif [ "$LANE" = "skipped" ]; then^[[0m
e2e (run)	Post e2e gate status	2026-09-13T06:19:37.8631583Z ^[[36;1m  SKIPPED=true^[[0m
e2e (run)	Post e2e gate status	2026-09-13T06:19:37.8631955Z ^[[36;1melif [ -n "$PR" ]; then   # dispatch has no PR -> the label can't apply^[[0m
e2e (run)	Post e2e gate status	2026-09-13T06:19:37.8632371Z ^[[36;1m  LABELS_OK=false^[[0m
e2e (run)	Post e2e gate status	2026-09-13T06:19:37.8632651Z ^[[36;1m  for attempt in 1 2 3; do^[[0m
e2e (run)	Post e2e gate status	2026-09-13T06:19:37.8633296Z ^[[36;1m    if live_labels="$(gh api "repos/kingpanther13/Hubitat-local-MCP-server/pulls/$PR" --jq '.labels[].name' 2>/dev/null | tr '\n' ' ')"; then^[[0m
e2e (run)	Post e2e gate status	2026-09-13T06:19:37.8634267Z ^[[36;1m      LABELS_OK=true; break^[[0m
e2e (run)	Post e2e gate status	2026-09-13T06:19:37.8634566Z ^[[36;1m    fi^[[0m
e2e (run)	Post e2e gate status	2026-09-13T06:19:37.8634953Z ^[[36;1m    echo "::warning::PR label read attempt ${attempt}/3 failed; retrying in 5s..."^[[0m
e2e (run)	Post e2e gate status	2026-09-13T06:19:37.8635392Z ^[[36;1m    sleep 5^[[0m
e2e (run)	Post e2e gate status	2026-09-13T06:19:37.8635653Z ^[[36;1m  done^[[0m
e2e (run)	Post e2e gate status	2026-09-13T06:19:37.8636013Z ^[[36;1m  case " $live_labels " in *" e2e:skip "*) SKIPPED=true ;; esac^[[0m
e2e (run)	Post e2e gate status	2026-09-13T06:19:37.8636391Z ^[[36;1mfi^[[0m
e2e (run)	Post e2e gate status	2026-09-13T06:19:37.8636636Z ^[[36;1mif [ "$SKIPPED" = "true" ]; then^[[0m
e2e (run)	Post e2e gate status	2026-09-13T06:19:37.8637068Z ^[[36;1m  STATE=pending; DESC="e2e disabled by the e2e:skip label; remove it to run"^[[0m
e2e (run)	Post e2e gate status	2026-09-13T06:19:37.8637536Z ^[[36;1melif [ "$LABELS_OK" != "true" ]; then^[[0m
e2e (run)	Post e2e gate status	2026-09-13T06:19:37.8638193Z ^[[36;1m  echo "::warning::Could not read PR labels (3 attempts) — cannot rule out e2e:skip; posting the gate PENDING instead of the run result."^[[0m
e2e (run)	Post e2e gate status	2026-09-13T06:19:37.8639052Z ^[[36;1m  STATE=pending; DESC="e2e result withheld: PR label read failed (could not rule out e2e:skip); re-run"^[[0m
e2e (run)	Post e2e gate status	2026-09-13T06:19:37.8639602Z ^[[36;1melif [ "$AVAIL" != "true" ]; then^[[0m
e2e (run)	Post e2e gate status	2026-09-13T06:19:37.8640121Z ^[[36;1m  STATE=success; DESC="e2e skipped (no hub-relevant change / no test-hub secret); not required to run"^[[0m
e2e (run)	Post e2e gate status	2026-09-13T06:19:37.8640661Z ^[[36;1melif [ "$LANE" = "full" ]; then^[[0m
e2e (run)	Post e2e gate status	2026-09-13T06:19:37.8641319Z ^[[36;1m  # pkg_validate and sdk_conformance are both SKIPPED (not failed) under a skip_install^[[0m
e2e (run)	Post e2e gate status	2026-09-13T06:19:37.8641998Z ^[[36;1m  # one-off dispatch, and sdk_conformance is also skipped whenever an earlier step^[[0m
e2e (run)	Post e2e gate status	2026-09-13T06:19:37.8642615Z ^[[36;1m  # failed; only an actual failure should fail the gate, so a skip counts as a pass.^[[0m
e2e (run)	Post e2e gate status	2026-09-13T06:19:37.8643218Z ^[[36;1m  # sdk_conformance MUST be read here -- the gate is a posted commit status computed^[[0m
e2e (run)	Post e2e gate status	2026-09-13T06:19:37.8643818Z ^[[36;1m  # from named step outcomes, so a step left out of this condition can fail the JOB^[[0m
e2e (run)	Post e2e gate status	2026-09-13T06:19:37.8644574Z ^[[36;1m  # while the required gate still posts success.^[[0m
e2e (run)	Post e2e gate status	2026-09-13T06:19:37.8644949Z ^[[36;1m  if [ "failure" = "success" ] \^[[0m
e2e (run)	Post e2e gate status	2026-09-13T06:19:37.8645280Z ^[[36;1m     && [ "skipped" != "failure" ] \^[[0m
e2e (run)	Post e2e gate status	2026-09-13T06:19:37.8645618Z ^[[36;1m     && [ "skipped" != "failure" ]; then^[[0m
e2e (run)	Post e2e gate status	2026-09-13T06:19:37.8645984Z ^[[36;1m    STATE=success; DESC="full e2e passed"^[[0m
e2e (run)	Post e2e gate status	2026-09-13T06:19:37.8646310Z ^[[36;1m  else^[[0m
e2e (run)	Post e2e gate status	2026-09-13T06:19:37.8646584Z ^[[36;1m    STATE=failure; DESC="full e2e failed"^[[0m
e2e (run)	Post e2e gate status	2026-09-13T06:19:37.8646893Z ^[[36;1m  fi^[[0m
e2e (run)	Post e2e gate status	2026-09-13T06:19:37.8647121Z ^[[36;1melse^[[0m
e2e (run)	Post e2e gate status	2026-09-13T06:19:37.8647539Z ^[[36;1m  STATE=pending; DESC="e2e pending; no label -- add release:* or e2e:full to run the full suite"^[[0m
e2e (run)	Post e2e gate status	2026-09-13T06:19:37.8648024Z ^[[36;1mfi^[[0m
e2e (run)	Post e2e gate status	2026-09-13T06:19:37.8648374Z ^[[36;1mecho "Posting gate status 'Full e2e (runs with label)': $STATE -- $DESC"^[[0m
e2e (run)	Post e2e gate status	2026-09-13T06:19:37.8648977Z ^[[36;1m# Retry the status POST (like lease_acquire.sh's mcp_call): a transient GitHub API blip on^[[0m
e2e (run)	Post e2e gate status	2026-09-13T06:19:37.8649640Z ^[[36;1m# this single call must not fail an otherwise-green run and force a ~20-min re-run just to^[[0m
e2e (run)	Post e2e gate status	2026-09-13T06:19:37.8650487Z ^[[36;1m# re-post the required gate. A persistent failure (5 misses) still fails the job honestly.^[[0m
e2e (run)	Post e2e gate status	2026-09-13T06:19:37.8650978Z ^[[36;1mfor attempt in 1 2 3 4 5; do^[[0m
e2e (run)	Post e2e gate status	2026-09-13T06:19:37.8651445Z ^[[36;1m  if gh api -X POST "repos/kingpanther13/Hubitat-local-MCP-server/statuses/$SHA" \^[[0m
e2e (run)	Post e2e gate status	2026-09-13T06:19:37.8652108Z ^[[36;1m       -f state="$STATE" -f context="Full e2e (runs with label)" -f description="$DESC" >/dev/null; then^[[0m
e2e (run)	Post e2e gate status	2026-09-13T06:19:37.8652611Z ^[[36;1m    break^[[0m
e2e (run)	Post e2e gate status	2026-09-13T06:19:37.8652842Z ^[[36;1m  fi^[[0m
e2e (run)	Post e2e gate status	2026-09-13T06:19:37.8653085Z ^[[36;1m  if [ "$attempt" = 5 ]; then^[[0m
e2e (run)	Post e2e gate status	2026-09-13T06:19:37.8653479Z ^[[36;1m    echo "::error::Gate status POST failed after 5 attempts."; exit 1^[[0m
e2e (run)	Post e2e gate status	2026-09-13T06:19:37.8654067Z ^[[36;1m  fi^[[0m
e2e (run)	Post e2e gate status	2026-09-13T06:19:37.8654521Z ^[[36;1m  echo "::warning::Gate status POST attempt ${attempt}/5 failed; retrying in 5s..."^[[0m
e2e (run)	Post e2e gate status	2026-09-13T06:19:37.8654978Z ^[[36;1m  sleep 5^[[0m
e2e (run)	Post e2e gate status	2026-09-13T06:19:37.8655223Z ^[[36;1mdone^[[0m
e2e (run)	Post e2e gate status	2026-09-13T06:19:37.8691374Z shell: /usr/bin/bash -e {0}
e2e (run)	Post e2e gate status	2026-09-13T06:19:37.8691673Z env:
e2e (run)	Post e2e gate status	2026-09-13T06:19:37.8692357Z   MCP_URL: ***
e2e (run)	Post e2e gate status	2026-09-13T06:19:37.8692992Z   WATCHDOG_URL: ***
e2e (run)	Post e2e gate status	2026-09-13T06:19:37.8693310Z   pythonLocation: /opt/hostedtoolcache/Python/3.14.7/x64
e2e (run)	Post e2e gate status	2026-09-13T06:19:37.8693792Z   PKG_CONFIG_PATH: /opt/hostedtoolcache/Python/3.14.7/x64/lib/pkgconfig
e2e (run)	Post e2e gate status	2026-09-13T06:19:37.8694445Z   Python_ROOT_DIR: /opt/hostedtoolcache/Python/3.14.7/x64
e2e (run)	Post e2e gate status	2026-09-13T06:19:37.8694867Z   Python2_ROOT_DIR: /opt/hostedtoolcache/Python/3.14.7/x64
e2e (run)	Post e2e gate status	2026-09-13T06:19:37.8695281Z   Python3_ROOT_DIR: /opt/hostedtoolcache/Python/3.14.7/x64
e2e (run)	Post e2e gate status	2026-09-13T06:19:37.8695698Z   LD_LIBRARY_PATH: /opt/hostedtoolcache/Python/3.14.7/x64/lib
e2e (run)	Post e2e gate status	2026-09-13T06:19:37.8696204Z   HUBITAT_HUB_URL: https://cloud.hubitat.com/api/8f03d35e-e8fd-443f-8548-d5fdc889583e
e2e (run)	Post e2e gate status	2026-09-13T06:19:37.8696666Z   HUBITAT_APP_ID: 38
e2e (run)	Post e2e gate status	2026-09-13T06:19:37.8696991Z   HUBITAT_ACCESS_TOKEN: ***
e2e (run)	Post e2e gate status	2026-09-13T06:19:37.8697702Z   PR_SOURCE_URL: https://raw.githubusercontent.com/kingpanther13/Hubitat-local-MCP-server/1e97719aa540a6dffdf3140c4500ea9cf4609b93/hubitat-mcp-server.groovy
e2e (run)	Post e2e gate status	2026-09-13T06:19:37.8698577Z   PR_RAW_BASE: https://raw.githubusercontent.com/kingpanther13/Hubitat-local-MCP-server
e2e (run)	Post e2e gate status	2026-09-13T06:19:37.8699400Z   PR_HEAD_SHA_RESOLVED: 1e97719aa540a6dffdf3140c4500ea9cf4609b93
e2e (run)	Post e2e gate status	2026-09-13T06:19:37.8700223Z   MAIN_SOURCE_URL: https://raw.githubusercontent.com/kingpanther13/Hubitat-local-MCP-server/1de06f1c0bc356b8e8251b436f15e247ddb81e2c/hubitat-mcp-server.groovy
e2e (run)	Post e2e gate status	2026-09-13T06:19:37.8701019Z   MAIN_SHA: 1de06f1c0bc356b8e8251b436f15e247ddb81e2c
e2e (run)	Post e2e gate status	2026-09-13T06:19:37.8701351Z   MAIN_CHARS: 708266
e2e (run)	Post e2e gate status	2026-09-13T06:19:37.8704060Z   GH_TOKEN: ***
e2e (run)	Post e2e gate status	2026-09-13T06:19:37.8704311Z ##[endgroup]
e2e (run)	Post e2e gate status	2026-09-13T06:19:38.3976966Z Posting gate status 'Full e2e (runs with label)': failure -- full e2e failed
e2e (run)	Disarm dead-man watchdog (restore main)	﻿2026-09-13T06:19:39.0359603Z ##[group]Run bash .github/scripts/mcp_disarm_watchdog.sh
e2e (run)	Disarm dead-man watchdog (restore main)	2026-09-13T06:19:39.0360078Z ^[[36;1mbash .github/scripts/mcp_disarm_watchdog.sh^[[0m
e2e (run)	Disarm dead-man watchdog (restore main)	2026-09-13T06:19:39.0399834Z shell: /usr/bin/bash -e {0}
e2e (run)	Disarm dead-man watchdog (restore main)	2026-09-13T06:19:39.0400105Z env:
e2e (run)	Disarm dead-man watchdog (restore main)	2026-09-13T06:19:39.0400751Z   MCP_URL: ***
e2e (run)	Disarm dead-man watchdog (restore main)	2026-09-13T06:19:39.0401376Z   WATCHDOG_URL: ***
e2e (run)	Disarm dead-man watchdog (restore main)	2026-09-13T06:19:39.0401683Z   pythonLocation: /opt/hostedtoolcache/Python/3.14.7/x64
e2e (run)	Disarm dead-man watchdog (restore main)	2026-09-13T06:19:39.0402136Z   PKG_CONFIG_PATH: /opt/hostedtoolcache/Python/3.14.7/x64/lib/pkgconfig
e2e (run)	Disarm dead-man watchdog (restore main)	2026-09-13T06:19:39.0402564Z   Python_ROOT_DIR: /opt/hostedtoolcache/Python/3.14.7/x64
e2e (run)	Disarm dead-man watchdog (restore main)	2026-09-13T06:19:39.0402941Z   Python2_ROOT_DIR: /opt/hostedtoolcache/Python/3.14.7/x64
e2e (run)	Disarm dead-man watchdog (restore main)	2026-09-13T06:19:39.0403309Z   Python3_ROOT_DIR: /opt/hostedtoolcache/Python/3.14.7/x64
e2e (run)	Disarm dead-man watchdog (restore main)	2026-09-13T06:19:39.0403693Z   LD_LIBRARY_PATH: /opt/hostedtoolcache/Python/3.14.7/x64/lib
e2e (run)	Disarm dead-man watchdog (restore main)	2026-09-13T06:19:39.0404477Z   HUBITAT_HUB_URL: https://cloud.hubitat.com/api/8f03d35e-e8fd-443f-8548-d5fdc889583e
e2e (run)	Disarm dead-man watchdog (restore main)	2026-09-13T06:19:39.0404925Z   HUBITAT_APP_ID: 38
e2e (run)	Disarm dead-man watchdog (restore main)	2026-09-13T06:19:39.0405256Z   HUBITAT_ACCESS_TOKEN: ***
e2e (run)	Disarm dead-man watchdog (restore main)	2026-09-13T06:19:39.0405942Z   PR_SOURCE_URL: https://raw.githubusercontent.com/kingpanther13/Hubitat-local-MCP-server/1e97719aa540a6dffdf3140c4500ea9cf4609b93/hubitat-mcp-server.groovy
e2e (run)	Disarm dead-man watchdog (restore main)	2026-09-13T06:19:39.0406816Z   PR_RAW_BASE: https://raw.githubusercontent.com/kingpanther13/Hubitat-local-MCP-server
e2e (run)	Disarm dead-man watchdog (restore main)	2026-09-13T06:19:39.0407328Z   PR_HEAD_SHA_RESOLVED: 1e97719aa540a6dffdf3140c4500ea9cf4609b93
e2e (run)	Disarm dead-man watchdog (restore main)	2026-09-13T06:19:39.0408110Z   MAIN_SOURCE_URL: https://raw.githubusercontent.com/kingpanther13/Hubitat-local-MCP-server/1de06f1c0bc356b8e8251b436f15e247ddb81e2c/hubitat-mcp-server.groovy
e2e (run)	Disarm dead-man watchdog (restore main)	2026-09-13T06:19:39.0408847Z   MAIN_SHA: 1de06f1c0bc356b8e8251b436f15e247ddb81e2c
e2e (run)	Disarm dead-man watchdog (restore main)	2026-09-13T06:19:39.0409158Z   MAIN_CHARS: 708266
e2e (run)	Disarm dead-man watchdog (restore main)	2026-09-13T06:19:39.0409372Z ##[endgroup]
e2e (run)	Disarm dead-man watchdog (restore main)	2026-09-13T06:19:39.0501047Z Stopped dead-man heartbeat (pid 3230).
e2e (run)	Disarm dead-man watchdog (restore main)	2026-09-13T06:19:39.0513039Z === dead-man heartbeat log (tail) ===
e2e (run)	Disarm dead-man watchdog (restore main)	2026-09-13T06:19:39.0529305Z [heartbeat] started (interval 300s, extend 1800000ms)
e2e (run)	Disarm dead-man watchdog (restore main)	2026-09-13T06:19:39.0530010Z [heartbeat] 05:40:46 deadline extended to 1789279845000
e2e (run)	Disarm dead-man watchdog (restore main)	2026-09-13T06:19:39.0530470Z [heartbeat] 05:45:46 deadline extended to 1789280146000
e2e (run)	Disarm dead-man watchdog (restore main)	2026-09-13T06:19:39.0530852Z [heartbeat] 05:50:47 deadline extended to 1789280446000
e2e (run)	Disarm dead-man watchdog (restore main)	2026-09-13T06:19:39.0531212Z [heartbeat] 05:55:47 deadline extended to 1789280747000
e2e (run)	Disarm dead-man watchdog (restore main)	2026-09-13T06:19:39.0531655Z [heartbeat] 06:01:58 flag read dropped after retries -- will retry next beat
e2e (run)	Disarm dead-man watchdog (restore main)	2026-09-13T06:19:39.0532260Z [heartbeat] 06:06:59 deadline extended to 1789281419000
e2e (run)	Disarm dead-man watchdog (restore main)	2026-09-13T06:19:39.0532862Z [heartbeat] 06:12:00 deadline extended to 1789281720000
e2e (run)	Disarm dead-man watchdog (restore main)	2026-09-13T06:19:39.0533347Z [heartbeat] 06:17:01 deadline extended to 1789282020000
e2e (run)	Disarm dead-man watchdog (restore main)	2026-09-13T06:19:39.0533806Z Reading the current flag 'e2e-deadman-v2.json' to reuse its restore manifest...
e2e (run)	Disarm dead-man watchdog (restore main)	2026-09-13T06:19:39.3800928Z Pre-disarm flag state: {"armed":true,"fireAttempts":null,"deadline":1789282020000,"restoreTrigger":null,"restoredAt":null}
e2e (run)	Disarm dead-man watchdog (restore main)	2026-09-13T06:19:39.6792034Z Disarm re-target: main has not moved since arm (1de06f1c0bc356b8e8251b436f15e247ddb81e2c) -- the arm-time manifest IS current main.
e2e (run)	Disarm dead-man watchdog (restore main)	2026-09-13T06:19:39.6839319Z Disarming the watchdog: writing {armed:false, intent:"disarm"} to 'e2e-deadman-v2.json'...
e2e (run)	Disarm dead-man watchdog (restore main)	2026-09-13T06:19:39.9435816Z Reading the flag back to confirm it disarmed...
e2e (run)	Disarm dead-man watchdog (restore main)	2026-09-13T06:19:50.4574949Z ##[warning]Local purge (hub_purge_e2e_artifacts) returned no parseable result (tool missing on the watchdog / endpoint down?) -- relying on the post-restore --cleanup-only prefix sweep to reap BAT_E2E_ fixtures.
e2e (run)	Disarm dead-man watchdog (restore main)	2026-09-13T06:19:50.4578450Z WATCHDOG_DISARMED runId=34740627451 retargeted=false (restore fired asynchronously; not polling -- the watchdog stamps the canonical-main marker on success, and the next run's full-repair install overwrites the apps regardless).
e2e (run)	Cleanup BAT_E2E_ artifacts	﻿2026-09-13T06:19:50.4611949Z ##[group]Run python tests/e2e_test.py --cleanup-only
e2e (run)	Cleanup BAT_E2E_ artifacts	2026-09-13T06:19:50.4612389Z ^[[36;1mpython tests/e2e_test.py --cleanup-only^[[0m
e2e (run)	Cleanup BAT_E2E_ artifacts	2026-09-13T06:19:50.4649067Z shell: /usr/bin/bash -e {0}
e2e (run)	Cleanup BAT_E2E_ artifacts	2026-09-13T06:19:50.4649345Z env:
e2e (run)	Cleanup BAT_E2E_ artifacts	2026-09-13T06:19:50.4649987Z   MCP_URL: ***
e2e (run)	Cleanup BAT_E2E_ artifacts	2026-09-13T06:19:50.4650607Z   WATCHDOG_URL: ***
e2e (run)	Cleanup BAT_E2E_ artifacts	2026-09-13T06:19:50.4650896Z   pythonLocation: /opt/hostedtoolcache/Python/3.14.7/x64
e2e (run)	Cleanup BAT_E2E_ artifacts	2026-09-13T06:19:50.4651325Z   PKG_CONFIG_PATH: /opt/hostedtoolcache/Python/3.14.7/x64/lib/pkgconfig
e2e (run)	Cleanup BAT_E2E_ artifacts	2026-09-13T06:19:50.4651755Z   Python_ROOT_DIR: /opt/hostedtoolcache/Python/3.14.7/x64
e2e (run)	Cleanup BAT_E2E_ artifacts	2026-09-13T06:19:50.4652147Z   Python2_ROOT_DIR: /opt/hostedtoolcache/Python/3.14.7/x64
e2e (run)	Cleanup BAT_E2E_ artifacts	2026-09-13T06:19:50.4652531Z   Python3_ROOT_DIR: /opt/hostedtoolcache/Python/3.14.7/x64
e2e (run)	Cleanup BAT_E2E_ artifacts	2026-09-13T06:19:50.4652913Z   LD_LIBRARY_PATH: /opt/hostedtoolcache/Python/3.14.7/x64/lib
e2e (run)	Cleanup BAT_E2E_ artifacts	2026-09-13T06:19:50.4653393Z   HUBITAT_HUB_URL: https://cloud.hubitat.com/api/8f03d35e-e8fd-443f-8548-d5fdc889583e
e2e (run)	Cleanup BAT_E2E_ artifacts	2026-09-13T06:19:50.4653826Z   HUBITAT_APP_ID: 38
e2e (run)	Cleanup BAT_E2E_ artifacts	2026-09-13T06:19:50.4654529Z   HUBITAT_ACCESS_TOKEN: ***
e2e (run)	Cleanup BAT_E2E_ artifacts	2026-09-13T06:19:50.4655217Z   PR_SOURCE_URL: https://raw.githubusercontent.com/kingpanther13/Hubitat-local-MCP-server/1e97719aa540a6dffdf3140c4500ea9cf4609b93/hubitat-mcp-server.groovy
e2e (run)	Cleanup BAT_E2E_ artifacts	2026-09-13T06:19:50.4656109Z   PR_RAW_BASE: https://raw.githubusercontent.com/kingpanther13/Hubitat-local-MCP-server
e2e (run)	Cleanup BAT_E2E_ artifacts	2026-09-13T06:19:50.4656639Z   PR_HEAD_SHA_RESOLVED: 1e97719aa540a6dffdf3140c4500ea9cf4609b93
e2e (run)	Cleanup BAT_E2E_ artifacts	2026-09-13T06:19:50.4657423Z   MAIN_SOURCE_URL: https://raw.githubusercontent.com/kingpanther13/Hubitat-local-MCP-server/1de06f1c0bc356b8e8251b436f15e247ddb81e2c/hubitat-mcp-server.groovy
e2e (run)	Cleanup BAT_E2E_ artifacts	2026-09-13T06:19:50.4658171Z   MAIN_SHA: 1de06f1c0bc356b8e8251b436f15e247ddb81e2c
e2e (run)	Cleanup BAT_E2E_ artifacts	2026-09-13T06:19:50.4658484Z   MAIN_CHARS: 708266
e2e (run)	Cleanup BAT_E2E_ artifacts	2026-09-13T06:19:50.4658699Z ##[endgroup]
e2e (run)	Cleanup BAT_E2E_ artifacts	2026-09-13T06:30:06.8195901Z ============================================================
e2e (run)	Cleanup BAT_E2E_ artifacts	2026-09-13T06:30:06.8196806Z Hubitat MCP Server — E2E Test Runner
e2e (run)	Cleanup BAT_E2E_ artifacts	2026-09-13T06:30:06.8197269Z ============================================================
e2e (run)	Cleanup BAT_E2E_ artifacts	2026-09-13T06:30:06.8197960Z   Hub:   https://cloud.hubitat.com/api/8f03d35e-e8fd-443f-8548-d5fdc889583e
e2e (run)	Cleanup BAT_E2E_ artifacts	2026-09-13T06:30:06.8198555Z   App:   38
e2e (run)	Cleanup BAT_E2E_ artifacts	2026-09-13T06:30:06.8198861Z   Token: 1419...
e2e (run)	Cleanup BAT_E2E_ artifacts	2026-09-13T06:30:06.8199053Z 
e2e (run)	Cleanup BAT_E2E_ artifacts	2026-09-13T06:30:06.8199412Z Waiting for the watchdog's restore-to-main to complete (canonical-main marker)...
e2e (run)	Cleanup BAT_E2E_ artifacts	2026-09-13T06:30:06.8200482Z   [WARN] restore-complete marker never matched after ~8 min (failed restore, or a slow recompile); sweeping anyway.
e2e (run)	Cleanup BAT_E2E_ artifacts	2026-09-13T06:30:06.8201183Z 
e2e (run)	Cleanup BAT_E2E_ artifacts	2026-09-13T06:30:06.8201330Z --- Cleanup ---
e2e (run)	Cleanup BAT_E2E_ artifacts	2026-09-13T06:30:06.8201697Z --- Cleanup complete ---
e2e (run)	Cleanup BAT_E2E_ artifacts	2026-09-13T06:30:06.8201939Z 
e2e (run)	Cleanup BAT_E2E_ artifacts	2026-09-13T06:30:06.8202255Z Cleanup-only mode complete; verified no BAT_E2E_ native rules remain.
e2e (run)	Restore test environment (settings back to pre-run state)	﻿2026-09-13T06:30:06.8502239Z ##[group]Run bash .github/scripts/mcp_restore_env.sh
e2e (run)	Restore test environment (settings back to pre-run state)	2026-09-13T06:30:06.8502685Z ^[[36;1mbash .github/scripts/mcp_restore_env.sh^[[0m
e2e (run)	Restore test environment (settings back to pre-run state)	2026-09-13T06:30:06.8538996Z shell: /usr/bin/bash -e {0}
e2e (run)	Restore test environment (settings back to pre-run state)	2026-09-13T06:30:06.8539263Z env:
e2e (run)	Restore test environment (settings back to pre-run state)	2026-09-13T06:30:06.8539901Z   MCP_URL: ***
e2e (run)	Restore test environment (settings back to pre-run state)	2026-09-13T06:30:06.8540529Z   WATCHDOG_URL: ***
e2e (run)	Restore test environment (settings back to pre-run state)	2026-09-13T06:30:06.8540835Z   pythonLocation: /opt/hostedtoolcache/Python/3.14.7/x64
e2e (run)	Restore test environment (settings back to pre-run state)	2026-09-13T06:30:06.8541275Z   PKG_CONFIG_PATH: /opt/hostedtoolcache/Python/3.14.7/x64/lib/pkgconfig
e2e (run)	Restore test environment (settings back to pre-run state)	2026-09-13T06:30:06.8541720Z   Python_ROOT_DIR: /opt/hostedtoolcache/Python/3.14.7/x64
e2e (run)	Restore test environment (settings back to pre-run state)	2026-09-13T06:30:06.8542105Z   Python2_ROOT_DIR: /opt/hostedtoolcache/Python/3.14.7/x64
e2e (run)	Restore test environment (settings back to pre-run state)	2026-09-13T06:30:06.8542484Z   Python3_ROOT_DIR: /opt/hostedtoolcache/Python/3.14.7/x64
e2e (run)	Restore test environment (settings back to pre-run state)	2026-09-13T06:30:06.8542876Z   LD_LIBRARY_PATH: /opt/hostedtoolcache/Python/3.14.7/x64/lib
e2e (run)	Restore test environment (settings back to pre-run state)	2026-09-13T06:30:06.8543561Z   HUBITAT_HUB_URL: https://cloud.hubitat.com/api/8f03d35e-e8fd-443f-8548-d5fdc889583e
e2e (run)	Restore test environment (settings back to pre-run state)	2026-09-13T06:30:06.8544310Z   HUBITAT_APP_ID: 38
e2e (run)	Restore test environment (settings back to pre-run state)	2026-09-13T06:30:06.8544657Z   HUBITAT_ACCESS_TOKEN: ***
e2e (run)	Restore test environment (settings back to pre-run state)	2026-09-13T06:30:06.8545353Z   PR_SOURCE_URL: https://raw.githubusercontent.com/kingpanther13/Hubitat-local-MCP-server/1e97719aa540a6dffdf3140c4500ea9cf4609b93/hubitat-mcp-server.groovy
e2e (run)	Restore test environment (settings back to pre-run state)	2026-09-13T06:30:06.8546237Z   PR_RAW_BASE: https://raw.githubusercontent.com/kingpanther13/Hubitat-local-MCP-server
e2e (run)	Restore test environment (settings back to pre-run state)	2026-09-13T06:30:06.8546748Z   PR_HEAD_SHA_RESOLVED: 1e97719aa540a6dffdf3140c4500ea9cf4609b93
e2e (run)	Restore test environment (settings back to pre-run state)	2026-09-13T06:30:06.8547541Z   MAIN_SOURCE_URL: https://raw.githubusercontent.com/kingpanther13/Hubitat-local-MCP-server/1de06f1c0bc356b8e8251b436f15e247ddb81e2c/hubitat-mcp-server.groovy
e2e (run)	Restore test environment (settings back to pre-run state)	2026-09-13T06:30:06.8548280Z   MAIN_SHA: 1de06f1c0bc356b8e8251b436f15e247ddb81e2c
e2e (run)	Restore test environment (settings back to pre-run state)	2026-09-13T06:30:06.8548589Z   MAIN_CHARS: 708266
e2e (run)	Restore test environment (settings back to pre-run state)	2026-09-13T06:30:06.8548804Z ##[endgroup]
e2e (run)	Restore test environment (settings back to pre-run state)	2026-09-13T06:30:06.8633897Z Restoring pre-run state: {"enableCustomRuleEngine":true}
e2e (run)	Restore test environment (settings back to pre-run state)	2026-09-13T06:30:07.2851539Z Test environment restored from pre-run state.
e2e (run)	Post-run hub status probe	﻿2026-09-13T06:30:07.2891315Z ##[group]Run bash .github/scripts/mcp_probe_hub.sh
e2e (run)	Post-run hub status probe	2026-09-13T06:30:07.2891751Z ^[[36;1mbash .github/scripts/mcp_probe_hub.sh^[[0m
e2e (run)	Post-run hub status probe	2026-09-13T06:30:07.2929137Z shell: /usr/bin/bash -e {0}
e2e (run)	Post-run hub status probe	2026-09-13T06:30:07.2929421Z env:
e2e (run)	Post-run hub status probe	2026-09-13T06:30:07.2930232Z   MCP_URL: ***
e2e (run)	Post-run hub status probe	2026-09-13T06:30:07.2930852Z   WATCHDOG_URL: ***
e2e (run)	Post-run hub status probe	2026-09-13T06:30:07.2931148Z   pythonLocation: /opt/hostedtoolcache/Python/3.14.7/x64
e2e (run)	Post-run hub status probe	2026-09-13T06:30:07.2931589Z   PKG_CONFIG_PATH: /opt/hostedtoolcache/Python/3.14.7/x64/lib/pkgconfig
e2e (run)	Post-run hub status probe	2026-09-13T06:30:07.2932029Z   Python_ROOT_DIR: /opt/hostedtoolcache/Python/3.14.7/x64
e2e (run)	Post-run hub status probe	2026-09-13T06:30:07.2932414Z   Python2_ROOT_DIR: /opt/hostedtoolcache/Python/3.14.7/x64
e2e (run)	Post-run hub status probe	2026-09-13T06:30:07.2932804Z   Python3_ROOT_DIR: /opt/hostedtoolcache/Python/3.14.7/x64
e2e (run)	Post-run hub status probe	2026-09-13T06:30:07.2933191Z   LD_LIBRARY_PATH: /opt/hostedtoolcache/Python/3.14.7/x64/lib
e2e (run)	Post-run hub status probe	2026-09-13T06:30:07.2933693Z   HUBITAT_HUB_URL: https://cloud.hubitat.com/api/8f03d35e-e8fd-443f-8548-d5fdc889583e
e2e (run)	Post-run hub status probe	2026-09-13T06:30:07.2934566Z   HUBITAT_APP_ID: 38
e2e (run)	Post-run hub status probe	2026-09-13T06:30:07.2934919Z   HUBITAT_ACCESS_TOKEN: ***
e2e (run)	Post-run hub status probe	2026-09-13T06:30:07.2935611Z   PR_SOURCE_URL: https://raw.githubusercontent.com/kingpanther13/Hubitat-local-MCP-server/1e97719aa540a6dffdf3140c4500ea9cf4609b93/hubitat-mcp-server.groovy
e2e (run)	Post-run hub status probe	2026-09-13T06:30:07.2936491Z   PR_RAW_BASE: https://raw.githubusercontent.com/kingpanther13/Hubitat-local-MCP-server
e2e (run)	Post-run hub status probe	2026-09-13T06:30:07.2937007Z   PR_HEAD_SHA_RESOLVED: 1e97719aa540a6dffdf3140c4500ea9cf4609b93
e2e (run)	Post-run hub status probe	2026-09-13T06:30:07.2937789Z   MAIN_SOURCE_URL: https://raw.githubusercontent.com/kingpanther13/Hubitat-local-MCP-server/1de06f1c0bc356b8e8251b436f15e247ddb81e2c/hubitat-mcp-server.groovy
e2e (run)	Post-run hub status probe	2026-09-13T06:30:07.2938530Z   MAIN_SHA: 1de06f1c0bc356b8e8251b436f15e247ddb81e2c
e2e (run)	Post-run hub status probe	2026-09-13T06:30:07.2938841Z   MAIN_CHARS: 708266
e2e (run)	Post-run hub status probe	2026-09-13T06:30:07.2939060Z ##[endgroup]
e2e (run)	Post-run hub status probe	2026-09-13T06:30:07.3016520Z ######## HUB PROBE: read-only inventory ########
e2e (run)	Post-run hub status probe	2026-09-13T06:30:07.3047613Z === hub_get_info (MAIN server -- also proves the app under test answers) ===
e2e (run)	Post-run hub status probe	2026-09-13T06:30:11.1637849Z {"temperatureScale":"F","model":"000D","firmwareVersion":"2.5.1.174","zigbeeChannel":"unavailable","zwaveVersion":"unavailable","zigbeeId":"385B44FFFE93ADBE","type":"PHYSICAL","uptimeSeconds":1760,"uptimeFormatted":"0d 0h 29m","freeMemoryKB":"278564","internalTempCelsius":"48.0","databaseSizeKB":"10","mcpServerVersion":"4.3.0","mcpDeviceCount":16,"mcpRuleCount":0,"mcpLogEntries":100,"mcpCapturedStates":0,"lastBackupEpoch":1789280006190,"hubSecurityConfigured":false,"readEnabled":true,"writeEnabled":true,"customRuleEngineEnabled":true,"developerModeEnabled":true,"lastSelfDeploy":{"packageRef":"a4b968f5ff5bb01425e9b4c47e0145b36c179e15","sourceMode":"importUrl","at":1788992799716,"success":true,"requestId":"pkg-6562a427-e6f2-4cc2-b857-3a6112b17510","importUrl":"https://raw.githubusercontent.com/kingpanther13/Hubitat-local-MCP-server/a4b968f5ff5bb01425e9b4c47e0145b36c179e15/hubitat-mcp-server.groovy","error":null,"sourceLength":679611,"ageMs":288212291},"headerValidation":{"requestHeadersReadable":true,"originValidation":"log-only (default)","modernEraDetection":"active"},"name":"hubitat-test","localIP":"10.2.60.10","timeZone":"America/Denver","latitude":33.440000,"longitude":-112.012200,"zipCode":"85034","hubData":{"hardwareID":"000D","zigbeeEui":"385B44FFFE93ADBE","zigbeeChannel":"0x0B (11)","zigbeePanID":"FCE2","localSrvPortTCP":"39501","localIP":"10.2.60.10"},"platformUpdate":{"available":true,"currentVersion":"2.5.1.174","availableVersion":"2.5.1.183"},"safeMode":false}
e2e (run)	Post-run hub status probe	2026-09-13T06:30:11.1654343Z 
e2e (run)	Post-run hub status probe	2026-09-13T06:30:11.1658934Z === hub_get_jobs via watchdog (uptime / scheduled / RUNNING jobs) ===
e2e (run)	Post-run hub status probe	2026-09-13T06:30:15.1758644Z {"uptime":"29m 10s","scheduledJobs":{"count":15,"jobs":[{"id":"dev66Recur.healthCheck","name":"syslog","recurring":true,"method":"healthCheck","nextRun":"2026-09-13 00:30:35 MDT"},{"id":"app5506Recur.checkDeadman","name":"E2E Dead-Man Watchdog","recurring":true,"method":"checkDeadman","nextRun":"2026-09-13 00:30:43 MDT"},{"id":"app5993Recur.checkDeadman","name":"E2E Dead-Man Watchdog v2","recurring":true,"method":"checkDeadman","nextRun":"2026-09-13 00:31:10 MDT"},{"id":"system.periodicCleanupJob","name":"periodicCleanupJob","recurring":false,"method":null,"nextRun":"2026-09-13 00:35:00 MDT"},{"id":"app68Recur.checkMemory","name":"Hub Health Monitor & Auto Reboot","recurring":true,"method":"checkMemory","nextRun":"2026-09-13 00:38:56 MDT"},{"id":"app38Recur.checkForUpdate","name":"MCP Rule Server","recurring":true,"method":"checkForUpdate","nextRun":"2026-09-13 03:00:00 MDT"},{"id":"system.nightlyCleanupJob","name":"nightlyCleanupJob","recurring":false,"method":null,"nextRun":"2026-09-13 03:01:00 MDT"},{"id":"system.sunriseEvent","name":"sunriseEvent","recurring":false,"method":null,"nextRun":"2026-09-13 07:10:00 MDT"},{"id":"system.cloudJob","name":"cloudJob","recurring":false,"method":null,"nextRun":"2026-09-13 08:12:25 MDT"},{"id":"system.sunJob","name":"sunJob","recurring":false,"method":null,"nextRun":"2026-09-13 12:00:00 MDT"},{"id":"system.sunsetEvent","name":"sunsetEvent","recurring":false,"method":null,"nextRun":"2026-09-13 19:37:00 MDT"},{"id":"app68Once.performPeriodicReboot","name":"Hub Health Monitor & Auto Reboot","recurring":false,"method":"performPeriodicReboot","nextRun":"2026-09-14 00:00:00 MDT"},{"id":"app37Recur.checkForUpdates","name":"Hubitat Package Manager","recurring":true,"method":"checkForUpdates","nextRun":"2026-09-14 00:00:13 MDT"},{"id":"system.timeAdjustmentJob","name":"timeAdjustmentJob","recurring":false,"method":null,"nextRun":"2026-09-14 00:17:00 MDT"},{"id":"system.appCleanupJob","name":"appCleanupJob","recurring":false,"method":null,"nextRun":"2026-09-14 00:18:00 MDT"}]},"runningJobs":{"count":0,"jobs":[]},"hubActions":{"count":0,"actions":[]}}
e2e (run)	Post-run hub status probe	2026-09-13T06:30:15.1766191Z 
e2e (run)	Post-run hub status probe	2026-09-13T06:30:15.1780016Z === hub_get_metrics via watchdog (free memory + the hub's own health alerts) ===
e2e (run)	Post-run hub status probe	2026-09-13T06:30:15.5213825Z {"current":{"freeMemoryKB":"277656","internalTempC":"49.0","databaseSizeKB":"10","uptimeSeconds":1765},"healthAlerts":{"safeMode":false,"active":[],"details":{"alertItems":[{"detailed":false,"key":"platformUpdateAvailable","message":"<span id='platformUpdateMessage'>Platform update 2.5.1.183 <a href='/hub/platformUpdate'>available</a> (<a href='#' id='linkDismissFirmwareUpdate' data-version='2.5.1.183'>dismiss</a>)</span>"},{"detailed":false,"key":"NOT_REGISTERED","message":"Hub is not registered, please <a href='/hub/register'>register</a>"}],"alertMessages":{"NOT_REGISTERED":"Hub is not registered, please <a href='/hub/register'>register</a>","platformUpdateAvailable":"<span id='platformUpdateMessage'>Platform update 2.5.1.183 <a href='/hub/platformUpdate'>available</a> (<a href='#' id='linkDismissFirmwareUpdate' data-version='2.5.1.183'>dismiss</a>)</span>"},"cloudBackupFailed":false,"cloudDisconnected":false,"databaseSize":10,"hasPendingSmartStart":false,"headerMessages":["<span id='platformUpdateMessage'>Platform update 2.5.1.183 <a href='/hub/platformUpdate'>available</a> (<a href='#' id='linkDismissFirmwareUpdate' data-version='2.5.1.183'>dismiss</a>)</span>","Hub is not registered, please <a href='/hub/register'>register</a>"],"hubHighLoad":false,"hubHugeDatabase":false,"hubLargeDatabase":false,"hubLargeishDatabase":false,"hubLoadElevated":false,"hubLoadSevere":false,"hubLowMemory":false,"hubZwaveCrashed":false,"lastCloudBackupMessage":"","localBackupFailed":false,"matterRebootRequired":false,"schedulerFailed":false,"spammyDevices":false,"threadOffline":false,"weakZigbee":false,"zigbeeOffline":false,"zwaveMigrateFailed":false,"zwaveOffline":false}}}
e2e (run)	Post-run hub status probe	2026-09-13T06:30:15.5220264Z 
e2e (run)	Post-run hub status probe	2026-09-13T06:30:15.5236288Z === hub_get_memory_history via watchdog (last 60 entries) ===
e2e (run)	Post-run hub status probe	2026-09-13T06:30:15.7871816Z {"entries":[{"timestamp":"09-13 00:02:12","freeMemoryKB":662404,"cpuLoad5min":"1.14","totalJavaKB":331392,"freeJavaKB":240931,"directJavaKB":157},{"timestamp":"09-13 00:07:12","freeMemoryKB":459688,"cpuLoad5min":"2.02","totalJavaKB":331392,"freeJavaKB":119236,"directJavaKB":796},{"timestamp":"09-13 00:12:12","freeMemoryKB":367656,"cpuLoad5min":"1.35","totalJavaKB":331392,"freeJavaKB":45437,"directJavaKB":1117},{"timestamp":"09-13 00:17:16","freeMemoryKB":351808,"cpuLoad5min":"0.83","totalJavaKB":331392,"freeJavaKB":190360,"directJavaKB":1360},{"timestamp":"09-13 00:22:16","freeMemoryKB":330332,"cpuLoad5min":"1.26","totalJavaKB":331392,"freeJavaKB":141522,"directJavaKB":1405},{"timestamp":"09-13 00:27:16","freeMemoryKB":304788,"cpuLoad5min":"1.67","totalJavaKB":331392,"freeJavaKB":22256,"directJavaKB":1457}],"summary":{"totalEntries":6,"currentMemoryKB":304788,"minMemoryKB":304788,"maxMemoryKB":662404}}
e2e (run)	Post-run hub status probe	2026-09-13T06:30:15.7875371Z 
e2e (run)	Post-run hub status probe	2026-09-13T06:30:15.7897643Z === hub system logs via watchdog: ERRORS (newest 60) ===
e2e (run)	Post-run hub status probe	2026-09-13T06:30:17.4104473Z {"logs":[{"name":"2026-09-13 00:24:47.441","level":"ERROR","message":"app|5993|E2E Dead-Man Watchdog v2|hubPostForm /app/ajax/update: Read timed out","time":"","type":""},{"name":"2026-09-13 00:18:56.584","level":"ERROR","message":"app|38|MCP Rule Server|[MCP1] {\"appId\":\"38\",\"generation\":\"e43944a0-3f2c-4d0c-a182-9c2df7551883\",\"id\":\"9450dcf6-785e-4cdb-8173-dab8debac983\",\"entry\":{\"component\":\"server\",\"details\":{\"error\":\"No MCP-managed virtual device found with network ID 'mcp-virtual-1A099586D3A-44C4'. Use hub_list_devices(filter='virtual') to see available devices.\",\"gateway\":null,\"tool\":\"hub_manage_virtual_device\"},\"level\":\"error\",\"message\":\"Validation error in hub_manage_virtual_device: No MCP-managed virtual device found with network ID 'mcp-virtual-1A099586D3A-44C4'. Use hub_list_devices(filter='virtual') to see available devices.\",\"timestamp\":1789280336582}}","time":"","type":""},{"name":"2026-09-13 00:18:54.955","level":"ERROR","message":"app|38|MCP Rule Server|[MCP1] {\"appId\":\"38\",\"generation\":\"e43944a0-3f2c-4d0c-a182-9c2df7551883\",\"id\":\"3e6bf447-62c3-4360-88ca-721c1fbbc8b3\",\"entry\":{\"component\":\"server\",\"details\":{\"error\":\"No MCP-managed virtual device found with network ID 'mcp-virtual-1A09951AE75-C408'. Use hub_list_devices(filter='virtual') to see available devices.\",\"gateway\":null,\"tool\":\"hub_manage_virtual_device\"},\"level\":\"error\",\"message\":\"Validation error in hub_manage_virtual_device: No MCP-managed virtual device found with network ID 'mcp-virtual-1A09951AE75-C408'. Use hub_list_devices(filter='virtual') to see available devices.\",\"timestamp\":1789280334953}}","time":"","type":""},{"name":"2026-09-13 00:18:14.782","level":"ERROR","message":"app|38|MCP Rule Server|[MCP1] {\"appId\":\"38\",\"generation\":\"e43944a0-3f2c-4d0c-a182-9c2df7551883\",\"id\":\"a4c2fcb7-4933-4fd6-be0e-cde3e08c8467\",\"entry\":{\"component\":\"server\",\"details\":{\"failureKind\":\"tool_failed\",\"gateway\":\"hub_read_devices\",\"tool\":\"hub_get_device_attribute\"},\"level\":\"error\",\"message\":\"Tool hub_get_device_attribute returned a failure result\",\"timestamp\":1789280294781}}","time":"","type":""},{"name":"2026-09-13 00:17:47.660","level":"ERROR","message":"app|38|MCP Rule Server|[MCP1] {\"appId\":\"38\",\"generation\":\"e43944a0-3f2c-4d0c-a182-9c2df7551883\",\"id\":\"3d338c5d-b6c7-4a6b-b885-094f3da91304\",\"entry\":{\"component\":\"server\",\"details\":{\"error\":\"Mandatory best-practice acknowledgment is enabled for write tools. Read hub_get_tool_guide(section='best_practice_reference') to obtain the required acknowledgment key, then pass it as the bestPracticeKey argument on this call. The key appears only in that guide section.\",\"gateway\":\"hub_manage_devices\",\"tool\":\"hub_call_device_command\"},\"level\":\"error\",\"message\":\"Validation error in hub_call_device_command: Mandatory best-practice acknowledgment is enabled for write tools. Read hub_get_tool_guide(section='best_practice_reference') to obtain the required acknowledgment key, then pass it as the bestPracticeKey argument on this call. The key appears only in that guide section.\",\"timestamp\":1789280267659}}","time":"","type":""},{"name":"2026-09-13 00:17:46.044","level":"ERROR","message":"app|38|MCP Rule Server|[MCP1] {\"appId\":\"38\",\"generation\":\"e43944a0-3f2c-4d0c-a182-9c2df7551883\",\"id\":\"72100d19-6d4f-4dea-a8f4-e3dbf65d8932\",\"entry\":{\"component\":\"server\",\"details\":{\"error\":\"Mandatory best-practice acknowledgment is enabled for write tools. Read hub_get_tool_guide(section='best_practice_reference') to obtain the required acknowledgment key, then pass it as the bestPracticeKey argument on this call. The key appears only in that guide section.\",\"gateway\":\"hub_manage_variables\",\"tool\":\"hub_create_variable\"},\"level\":\"error\",\"message\":\"Validation error in hub_create_variable: Mandatory best-practice acknowledgment is enabled for write tools. Read hub_get_tool_guide(section='best_practice_reference') to obtain the required acknowledgment key, then pass it as the bestPracticeKey argument on this call. The key appears only in that guide section.\",\"timestamp\":1789280266043}}","time":"","type":""},{"name":"2026-09-13 00:17:45.558","level":"ERROR","message":"app|38|MCP Rule Server|[MCP1] {\"appId\":\"38\",\"generation\":\"e43944a0-3f2c-4d0c-a182-9c2df7551883\",\"id\":\"533e284b-70c0-4261-87af-65e0b6063b6f\",\"entry\":{\"component\":\"server\",\"details\":{\"error\":\"Mandatory best-practice acknowledgment is enabled for write tools. Read hub_get_tool_guide(section='best_practice_reference') to obtain the required acknowledgment key, then pass it as the bestPracticeKey argument on this call. The key appears only in that guide section.\",\"gateway\":\"hub_manage_variables\",\"tool\":\"hub_create_variable\"},\"level\":\"error\",\"message\":\"Validation error in hub_create_variable: Mandatory best-practice acknowledgment is enabled for write tools. Read hub_get_tool_guide(section='best_practice_reference') to obtain the required acknowledgment key, then pass it as the bestPracticeKey argument on this call. The key appears only in that guide section.\",\"timestamp\":1789280265557}}","time":"","type":""},{"name":"2026-09-13 00:17:43.765","level":"ERROR","message":"app|38|MCP Rule Server|[MCP1] {\"appId\":\"38\",\"generation\":\"e43944a0-3f2c-4d0c-a182-9c2df7551883\",\"id\":\"d6e91c73-1635-4ad4-9fd6-78cd780979ce\",\"entry\":{\"component\":\"server\",\"details\":{\"failureKind\":\"tool_failed\",\"gateway\":\"hub_manage_devices\",\"tool\":\"hub_update_device\"},\"level\":\"error\",\"message\":\"Tool hub_update_device returned a failure result\",\"timestamp\":1789280263764}}","time":"","type":""},{"name":"2026-09-13 00:17:43.445","level":"ERROR","message":"app|38|MCP Rule Server|[MCP1] {\"appId\":\"38\",\"generation\":\"e43944a0-3f2c-4d0c-a182-9c2df7551883\",\"id\":\"fcb01a50-a8fc-4c4c-a50a-a32391bba931\",\"entry\":{\"component\":\"device\",\"level\":\"error\",\"message\":\"bypass: /device/fullJson/999999999 fetch failed (ExecutorHttpResponseException)\",\"timestamp\":1789280263444}}","time":"","type":""},{"name":"2026-09-13 00:17:41.796","level":"ERROR","message":"app|38|MCP Rule Server|[MCP1] {\"appId\":\"38\",\"generation\":\"e43944a0-3f2c-4d0c-a182-9c2df7551883\",\"id\":\"e2eaa4cb-b2d3-4d9c-bd1a-784767370c95\",\"entry\":{\"component\":\"server\",\"details\":{\"error\":\"Room 'BAT_E2E_no_such_room' not found. Available rooms: BAT_E2E_KEEP_Room\",\"gateway\":\"hub_manage_rooms\",\"tool\":\"hub_delete_room\"},\"level\":\"error\",\"message\":\"Validation error in hub_delete_room: Room 'BAT_E2E_no_such_room' not found. Available rooms: BAT_E2E_KEEP_Room\",\"timestamp\":1789280261795}}","time":"","type":""},{"name":"2026-09-13 00:17:40.742","level":"ERROR","message":"app|38|MCP Rule Server|[MCP1] {\"appId\":\"38\",\"generation\":\"e43944a0-3f2c-4d0c-a182-9c2df7551883\",\"id\":\"6e9e2b84-d5b1-4faf-b6fd-dc46fc0a0335\",\"entry\":{\"component\":\"server\",\"details\":{\"failureKind\":\"tool_failed\",\"gateway\":\"hub_manage_native_rules_and_apps\",\"tool\":\"hub_set_app_disabled\"},\"level\":\"error\",\"message\":\"Tool hub_set_app_disabled returned a failure result\",\"timestamp\":1789280260741}}","time":"","type":""},{"name":"2026-09-13 00:17:39.705","level":"ERROR","message":"app|38|MCP Rule Server|[MCP1] {\"appId\":\"38\",\"generation\":\"e43944a0-3f2c-4d0c-a182-9c2df7551883\",\"id\":\"b846341c-89b7-44ca-96c4-25ea4ba8e248\",\"entry\":{\"component\":\"server\",\"details\":{\"error\":\"appId must be a positive integer (got: 'not-a-number')\",\"gateway\":\"hub_manage_native_rules_and_apps\",\"tool\":\"hub_set_app_disabled\"},\"level\":\"error\",\"message\":\"Validation error in hub_set_app_disabled: appId must be a positive integer (got: 'not-a-number')\",\"timestamp\":1789280259703}}","time":"","type":""},{"name":"2026-09-13 00:17:38.711","level":"ERROR","message":"app|38|MCP Rule Server|[MCP1] {\"appId\":\"38\",\"generation\":\"e43944a0-3f2c-4d0c-a182-9c2df7551883\",\"id\":\"85410983-87f6-4f02-b0c8-b356710c7604\",\"entry\":{\"component\":\"server\",\"details\":{\"failureKind\":\"tool_failed\",\"gateway\":\"hub_manage_rule_machine\",\"tool\":\"hub_delete_visual_rule\"},\"level\":\"error\",\"message\":\"Tool hub_delete_visual_rule returned a failure result\",\"timestamp\":1789280258710}}","time":"","type":""},{"name":"2026-09-13 00:17:37.397","level":"ERROR","message":"app|38|MCP Rule Server|[MCP1] {\"appId\":\"38\",\"generation\":\"e43944a0-3f2c-4d0c-a182-9c2df7551883\",\"id\":\"e68fc907-768e-4ac3-8780-75a726f711e8\",\"entry\":{\"component\":\"server\",\"details\":{\"error\":\"No MCP-managed virtual device found with network ID 'BAT_E2E_bogus_dni_x'. Use hub_list_devices(filter='virtual') to see available devices.\",\"gateway\":null,\"tool\":\"hub_manage_virtual_device\"},\"level\":\"error\",\"message\":\"Validation error in hub_manage_virtual_device: No MCP-managed virtual device found with network ID 'BAT_E2E_bogus_dni_x'. Use hub_list_devices(filter='virtual') to see available devices.\",\"timestamp\":1789280257396}}","time":"","type":""},{"name":"2026-09-13 00:17:35.408","level":"ERROR","message":"app|38|MCP Rule Server|[MCP1] {\"appId\":\"38\",\"generation\":\"e43944a0-3f2c-4d0c-a182-9c2df7551883\",\"id\":\"55f7a846-d7e5-44a2-af60-08868f4283f5\",\"entry\":{\"component\":\"server\",\"details\":{\"failureKind\":\"tool_failed\",\"gateway\":\"hub_manage_devices\",\"tool\":\"hub_call_device_command\"},\"level\":\"error\",\"message\":\"Tool hub_call_device_command returned a failure result\",\"timestamp\":1789280255407}}","time":"","type":""},{"name":"2026-09-13 00:17:35.404","level":"ERROR","message":"app|38|MCP Rule Server|[MCP1] {\"appId\":\"38\",\"generation\":\"e43944a0-3f2c-4d0c-a182-9c2df7551883\",\"id\":\"bb5694ad-e509-4771-b839-0a05fa8b7456\",\"entry\":{\"component\":\"device\",\"level\":\"error\",\"message\":\"bypass: /device/fullJson/99999 fetch failed (ExecutorHttpResponseException)\",\"timestamp\":1789280255403}}","time":"","type":""},{"name":"2026-09-13 00:17:17.976","level":"ERROR","message":"app|38|MCP Rule Server|[MCP1] {\"appId\":\"38\",\"generation\":\"e43944a0-3f2c-4d0c-a182-9c2df7551883\",\"id\":\"31c13211-b4ab-4132-b230-f6a5ebc64e62\",\"entry\":{\"component\":\"server\",\"details\":{\"error\":\"Mandatory best-practice acknowledgment is enabled for write tools. Read hub_get_tool_guide(section='best_practice_reference') to obtain the required acknowledgment key, then pass it as the bestPracticeKey argument on this call. The key appears only in that guide section.\",\"gateway\":\"hub_manage_variables\",\"tool\":\"hub_create_variable\"},\"level\":\"error\",\"message\":\"Validation error in hub_create_variable: Mandatory best-practice acknowledgment is enabled for write tools. Read hub_get_tool_guide(section='best_practice_reference') to obtain the required acknowledgment key, then pass it as the bestPracticeKey argument on this call. The key appears only in that guide section.\",\"timestamp\":1789280237975}}","time":"","type":""},{"name":"2026-09-13 00:17:09.423","level":"ERROR","message":"app|38|MCP Rule Server|[MCP1] {\"appId\":\"38\",\"generation\":\"e43944a0-3f2c-4d0c-a182-9c2df7551883\",\"id\":\"b126fc21-f0ad-483d-a9cd-e07449549270\",\"entry\":{\"component\":\"server\",\"details\":{\"error\":\"Mandatory best-practice acknowledgment is enabled for write tools. Read hub_get_tool_guide(section='best_practice_reference') to obtain the required acknowledgment key, then pass it as the bestPracticeKey argument on this call. The key appears only in that guide section.\",\"gateway\":\"hub_manage_variables\",\"tool\":\"hub_create_variable\"},\"level\":\"error\",\"message\":\"Validation error in hub_create_variable: Mandatory best-practice acknowledgment is enabled for write tools. Read hub_get_tool_guide(section='best_practice_reference') to obtain the required acknowledgment key, then pass it as the bestPracticeKey argument on this call. The key appears only in that guide section.\",\"timestamp\":1789280229422}}","time":"","type":""},{"name":"2026-09-13 00:16:59.744","level":"ERROR","message":"app|38|MCP Rule Server|[MCP1] {\"appId\":\"38\",\"generation\":\"e43944a0-3f2c-4d0c-a182-9c2df7551883\",\"id\":\"8f6b313d-06e5-4649-9d44-f3c8ebaab58f\",\"entry\":{\"component\":\"server\",\"details\":{\"error\":\"Mandatory best-practice acknowledgment is enabled for write tools. Read hub_get_tool_guide(section='best_practice_reference') to obtain the required acknowledgment key, then pass it as the bestPracticeKey argument on this call. The key appears only in that guide section.\",\"gateway\":\"hub_manage_variables\",\"tool\":\"hub_create_variable\"},\"level\":\"error\",\"message\":\"Validation error in hub_create_variable: Mandatory best-practice acknowledgment is enabled for write tools. Read hub_get_tool_guide(section='best_practice_reference') to obtain the required acknowledgment key, then pass it as the bestPracticeKey argument on this call. The key appears only in that guide section.\",\"timestamp\":1789280219743}}","time":"","type":""},{"name":"2026-09-13 00:16:50.355","level":"ERROR","message":"app|38|MCP Rule Server|[MCP1] {\"appId\":\"38\",\"generation\":\"e43944a0-3f2c-4d0c-a182-9c2df7551883\",\"id\":\"cfd85e3a-4d1e-42e9-8d88-d14394a4c8c5\",\"entry\":{\"component\":\"server\",\"details\":{\"error\":\"Device not found: 6860\",\"gateway\":\"hub_read_devices\",\"tool\":\"hub_get_device\"},\"level\":\"error\",\"message\":\"Validation error in hub_get_device: Device not found: 6860\",\"timestamp\":1789280210354}}","time":"","type":""},{"name":"2026-09-13 00:16:48.812","level":"ERROR","message":"app|38|MCP Rule Server|[MCP1] {\"appId\":\"38\",\"generation\":\"e43944a0-3f2c-4d0c-a182-9c2df7551883\",\"id\":\"ce1717ea-fe97-4eb5-afc1-8fccd672747b\",\"entry\":{\"component\":\"server\",\"details\":{\"error\":\"Unknown preference 'BAT_E2E_UnknownPreference'; read hub_get_device(mode='configuration') for declared names\",\"gateway\":\"hub_manage_devices\",\"tool\":\"hub_update_device\"},\"level\":\"error\",\"message\":\"Validation error in hub_update_device: Unknown preference 'BAT_E2E_UnknownPreference'; read hub_get_device(mode='configuration') for declared names\",\"timestamp\":1789280208811}}","time":"","type":""},{"name":"2026-09-13 00:16:30.770","level":"ERROR","message":"app|38|MCP Rule Server|[MCP1] {\"appId\":\"38\",\"generation\":\"e43944a0-3f2c-4d0c-a182-9c2df7551883\",\"id\":\"9a013af4-50f8-40f4-b443-a1c68d89d993\",\"entry\":{\"component\":\"server\",\"details\":{\"error\":\"Device not found: 6860\",\"gateway\":\"hub_read_apps_code\",\"tool\":\"hub_list_device_dependents\"},\"level\":\"error\",\"message\":\"Validation error in hub_list_device_dependents: Device not found: 6860\",\"timestamp\":1789280190769}}","time":"","type":""},{"name":"2026-09-13 00:16:30.215","level":"ERROR","message":"app|38|MCP Rule Server|[MCP1] {\"appId\":\"38\",\"generation\":\"e43944a0-3f2c-4d0c-a182-9c2df7551883\",\"id\":\"25c0bced-08b4-447f-8bbc-964eb1d86b83\",\"entry\":{\"component\":\"server\",\"details\":{\"error\":\"Device not found: 6860\",\"gateway\":\"hub_manage_devices\",\"tool\":\"hub_call_device_command\"},\"level\":\"error\",\"message\":\"Validation error in hub_call_device_command: Device not found: 6860\",\"timestamp\":1789280190214}}","time":"","type":""},{"name":"2026-09-13 00:16:29.542","level":"ERROR","message":"app|38|MCP Rule Server|[MCP1] {\"appId\":\"38\",\"generation\":\"e43944a0-3f2c-4d0c-a182-9c2df7551883\",\"id\":\"2d92b1ff-7567-4ad7-881b-03027040aa01\",\"entry\":{\"component\":\"server\",\"details\":{\"error\":\"Device not found: 6860\",\"gateway\":\"hub_manage_devices\",\"tool\":\"hub_update_device\"},\"level\":\"error\",\"message\":\"Validation error in hub_update_device: Device not found: 6860\",\"timestamp\":1789280189541}}","time":"","type":""},{"name":"2026-09-13 00:16:27.908","level":"ERROR","message":"app|38|MCP Rule Server|[MCP1] {\"appId\":\"38\",\"generation\":\"e43944a0-3f2c-4d0c-a182-9c2df7551883\",\"id\":\"f36157b3-ed98-4100-ba94-0746fa55cd0d\",\"entry\":{\"component\":\"server\",\"details\":{\"error\":\"Device not found: 6860\",\"gateway\":\"hub_read_devices\",\"tool\":\"hub_list_device_events\"},\"level\":\"error\",\"message\":\"Validation error in hub_list_device_events: Device not found: 6860\",\"timestamp\":1789280187907}}","time":"","type":""},{"name":"2026-09-13 00:16:27.380","level":"ERROR","message":"app|38|MCP Rule Server|[MCP1] {\"appId\":\"38\",\"generation\":\"e43944a0-3f2c-4d0c-a182-9c2df7551883\",\"id\":\"49d239f1-a872-46db-a1c4-82817c86df91\",\"entry\":{\"component\":\"server\",\"details\":{\"error\":\"Device not found: 6860\",\"gateway\":\"hub_read_devices\",\"tool\":\"hub_get_device_attribute\"},\"level\":\"error\",\"message\":\"Validation error in hub_get_device_attribute: Device not found: 6860\",\"timestamp\":1789280187379}}","time":"","type":""},{"name":"2026-09-13 00:16:26.753","level":"ERROR","message":"app|38|MCP Rule Server|[MCP1] {\"appId\":\"38\",\"generation\":\"e43944a0-3f2c-4d0c-a182-9c2df7551883\",\"id\":\"4ef61fd1-861f-420c-b894-388606e13fa3\",\"entry\":{\"component\":\"server\",\"details\":{\"error\":\"Device not found: 6860\",\"gateway\":\"hub_read_devices\",\"tool\":\"hub_get_device\"},\"level\":\"error\",\"message\":\"Validation error in hub_get_device: Device not found: 6860\",\"timestamp\":1789280186752}}","time":"","type":""},{"name":"2026-09-13 00:16:25.975","level":"ERROR","message":"app|38|MCP Rule Server|[MCP1] {\"appId\":\"38\",\"generation\":\"e43944a0-3f2c-4d0c-a182-9c2df7551883\",\"id\":\"2d0d5773-2684-4a84-8212-45caadfa3f87\",\"entry\":{\"component\":\"server\",\"details\":{\"error\":\"Device not found: 6860\",\"gateway\":\"hub_manage_devices\",\"tool\":\"hub_call_device_replace\"},\"level\":\"error\",\"message\":\"Validation error in hub_call_device_replace: Device not found: 6860\",\"timestamp\":1789280185974}}","time":"","type":""},{"name":"2026-09-13 00:16:25.467","level":"ERROR","message":"app|38|MCP Rule Server|[MCP1] {\"appId\":\"38\",\"generation\":\"e43944a0-3f2c-4d0c-a182-9c2df7551883\",\"id\":\"6eec4372-83db-4224-b338-804c2f2e7e83\",\"entry\":{\"component\":\"server\",\"details\":{\"error\":\"Device not found: 6860\",\"gateway\":\"hub_manage_devices\",\"tool\":\"hub_call_device_replace\"},\"level\":\"error\",\"message\":\"Validation error in hub_call_device_replace: Device not found: 6860\",\"timestamp\":1789280185465}}","time":"","type":""},{"name":"2026-09-13 00:16:24.908","level":"ERROR","message":"app|38|MCP Rule Server|[MCP1] {\"appId\":\"38\",\"generation\":\"e43944a0-3f2c-4d0c-a182-9c2df7551883\",\"id\":\"a31b9b07-af30-421e-a47c-45377a9e6416\",\"entry\":{\"component\":\"server\",\"details\":{\"error\":\"Device not found: 6860\",\"gateway\":\"hub_manage_devices\",\"tool\":\"hub_call_device_replace\"},\"level\":\"error\",\"message\":\"Validation error in hub_call_device_replace: Device not found: 6860\",\"timestamp\":1789280184907}}","time":"","type":""},{"name":"2026-09-13 00:16:20.551","level":"ERROR","message":"app|38|MCP Rule Server|[MCP1] {\"appId\":\"38\",\"generation\":\"e43944a0-3f2c-4d0c-a182-9c2df7551883\",\"id\":\"dcc723b1-5cab-4760-982f-6d2bcfef4513\",\"entry\":{\"component\":\"server\",\"details\":{\"error\":\"Refusing to empty the MCP device-access scope: the resulting set is empty, which blinds the MCP server to every selected device. Pass selectedDevices.allowEmpty:true to confirm you intend to clear the scope.\",\"gateway\":\"hub_manage_mcp\",\"tool\":\"hub_update_mcp_settings\"},\"level\":\"error\",\"message\":\"Validation error in hub_update_mcp_settings: Refusing to empty the MCP device-access scope: the resulting set is empty, which blinds the MCP server to every selected device. Pass selectedDevices.allowEmpty:true to confirm you intend to clear the scope.\",\"timestamp\":1789280180550}}","time":"","type":""},{"name":"2026-09-13 00:16:15.458","level":"ERROR","message":"app|38|MCP Rule Server|[MCP1] {\"appId\":\"38\",\"generation\":\"e43944a0-3f2c-4d0c-a182-9c2df7551883\",\"id\":\"ee9b8d9c-ec0c-415f-9506-7b23fb113217\",\"entry\":{\"component\":\"server\",\"details\":{\"error\":\"Unknown device id(s): 999999999. Use hub_list_devices(scope='all') to see valid ids. Nothing was changed.\",\"gateway\":\"hub_manage_mcp\",\"tool\":\"hub_update_mcp_settings\"},\"level\":\"error\",\"message\":\"Validation error in hub_update_mcp_settings: Unknown device id(s): 999999999. Use hub_list_devices(scope='all') to see valid ids. Nothing was changed.\",\"timestamp\":1789280175457}}","time":"","type":""},{"name":"2026-09-13 00:15:59.567","level":"ERROR","message":"app|38|MCP Rule Server|[MCP1] {\"appId\":\"38\",\"generation\":\"e43944a0-3f2c-4d0c-a182-9c2df7551883\",\"id\":\"72473466-a649-4751-9573-0758b6ffcf61\",\"entry\":{\"component\":\"server\",\"details\":{\"error\":\"Setting 'debugLogging' expects a boolean (true/false), got: yes (String)\",\"gateway\":\"hub_manage_mcp\",\"tool\":\"hub_update_mcp_settings\"},\"level\":\"error\",\"message\":\"Validation error in hub_update_mcp_settings: Setting 'debugLogging' expects a boolean (true/false), got: yes (String)\",\"timestamp\":1789280159566}}","time":"","type":""},{"name":"2026-09-13 00:15:58.012","level":"ERROR","message":"app|38|MCP Rule Server|[MCP1] {\"appId\":\"38\",\"generation\":\"e43944a0-3f2c-4d0c-a182-9c2df7551883\",\"id\":\"a8db3ed7-fa63-42d7-8404-46e8c05fd8b9\",\"entry\":{\"component\":\"server\",\"details\":{\"error\":\"Setting 'mcpLogLevel' must be one of [debug, info, warn, error], got: blarg\",\"gateway\":\"hub_manage_mcp\",\"tool\":\"hub_update_mcp_settings\"},\"level\":\"error\",\"message\":\"Validation error in hub_update_mcp_settings: Setting 'mcpLogLevel' must be one of [debug, info, warn, error], got: blarg\",\"timestamp\":1789280158011}}","time":"","type":""},{"name":"2026-09-13 00:15:56.357","level":"ERROR","message":"app|38|MCP Rule Server|[MCP1] {\"appId\":\"38\",\"generation\":\"e43944a0-3f2c-4d0c-a182-9c2df7551883\",\"id\":\"79226b50-2370-4229-9dff-57dc96f580fd\",\"entry\":{\"component\":\"server\",\"details\":{\"error\":\"Missing required parameter for hub_delete_variable: confirm. All parameters:\\n  name (string, REQUIRED) \\u2014 Variable name to delete\\n  confirm (boolean, REQUIRED) \\u2014 REQUIRED: must be true to confirm the deletion\\n  force (boolean, optional) \\u2014 OPTIONAL: must be true to proceed when one or more child rule apps reference this variable. Without force, the tool refuses and lists the consumers.\",\"gateway\":\"hub_manage_variables\",\"tool\":\"hub_delete_variable\"},\"level\":\"error\",\"message\":\"Validation error in hub_delete_variable: Missing required parameter for hub_delete_variable: confirm. All parameters:\\n  name (string, REQUIRED) \\u2014 Variable name to delete\\n  confirm (boolean, REQUIRED) \\u2014 REQUIRED: must be true to confirm the deletion\\n  force (boolean, optional) \\u2014 OPTIONAL: must be true to proceed when one or more child rule apps reference this variable. Without force, the tool refuses and lists the consumers.\",\"timestamp\":1789280156355}}","time":"","type":""},{"name":"2026-09-13 00:15:55.144","level":"ERROR","message":"app|38|MCP Rule Server|[MCP1] {\"appId\":\"38\",\"generation\":\"e43944a0-3f2c-4d0c-a182-9c2df7551883\",\"id\":\"0d5bc4e1-bfb6-44bc-968e-0916ca74ffac\",\"entry\":{\"component\":\"server\",\"details\":{\"error\":\"Variable 'BAT_E2E_DEFINITELY_NONEXISTENT_T225' not found in either the hub-variables namespace or the rule_engine namespace.\",\"gateway\":\"hub_manage_variables\",\"tool\":\"hub_delete_variable\"},\"level\":\"error\",\"message\":\"Validation error in hub_delete_variable: Variable 'BAT_E2E_DEFINITELY_NONEXISTENT_T225' not found in either the hub-variables namespace or the rule_engine namespace.\",\"timestamp\":1789280155143}}","time":"","type":""},{"name":"2026-09-13 00:15:54.620","level":"ERROR","message":"app|38|MCP Rule Server|[MCP1] {\"appId\":\"38\",\"generation\":\"e43944a0-3f2c-4d0c-a182-9c2df7551883\",\"id\":\"91651333-9b29-4c8f-bfed-3c600923441c\",\"entry\":{\"component\":\"server\",\"details\":{\"error\":\"Variable not found: BAT_E2E_DELETE_T224\",\"gateway\":\"hub_manage_variables\",\"tool\":\"hub_get_variable\"},\"level\":\"error\",\"message\":\"Validation error in hub_get_variable: Variable not found: BAT_E2E_DELETE_T224\",\"timestamp\":1789280154618}}","time":"","type":""},{"name":"2026-09-13 00:15:50.182","level":"ERROR","message":"app|38|MCP Rule Server|[MCP1] {\"appId\":\"38\",\"generation\":\"e43944a0-3f2c-4d0c-a182-9c2df7551883\",\"id\":\"e096399b-f06e-46cc-9c92-a21e95557e78\",\"entry\":{\"component\":\"server\",\"details\":{\"error\":\"Setting 'enableWrite' is not allowed for self-modification via hub_update_mcp_settings. Allowed: backupEveryRuleWrite, bypassDeviceAllowlist, debugLogging, enableCustomRuleEngine, enableMandatoryBPS, enableRead, loopGuardMax, loopGuardWindowSec, maxCapturedStates, maxConcurrentWrites, mcpLogLevel, selectedDevices, useGateways\",\"gateway\":\"hub_manage_mcp\",\"tool\":\"hub_update_mcp_settings\"},\"level\":\"error\",\"message\":\"Validation error in hub_update_mcp_settings: Setting 'enableWrite' is not allowed for self-modification via hub_update_mcp_settings. Allowed: backupEveryRuleWrite, bypassDeviceAllowlist, debugLogging, enableCustomRuleEngine, enableMandatoryBPS, enableRead, loopGuardMax, loopGuardWindowSec, maxCapturedStates, maxConcurrentWrites, mcpLogLevel, selectedDevices, useGateways\",\"timestamp\":1789280150181}}","time":"","type":""},{"name":"2026-09-13 00:15:49.161","level":"ERROR","message":"app|38|MCP Rule Server|[MCP1] {\"appId\":\"38\",\"generation\":\"e43944a0-3f2c-4d0c-a182-9c2df7551883\",\"id\":\"506003fc-2bff-451a-a48c-1fb255237a96\",\"entry\":{\"component\":\"server\",\"details\":{\"error\":\"Setting 'enableWrite' is not allowed for self-modification via hub_update_mcp_settings. Allowed: backupEveryRuleWrite, bypassDeviceAllowlist, debugLogging, enableCustomRuleEngine, enableMandatoryBPS, enableRead, loopGuardMax, loopGuardWindowSec, maxCapturedStates, maxConcurrentWrites, mcpLogLevel, selectedDevices, useGateways\",\"gateway\":\"hub_manage_mcp\",\"tool\":\"hub_update_mcp_settings\"},\"level\":\"error\",\"message\":\"Validation error in hub_update_mcp_settings: Setting 'enableWrite' is not allowed for self-modification via hub_update_mcp_settings. Allowed: backupEveryRuleWrite, bypassDeviceAllowlist, debugLogging, enableCustomRuleEngine, enableMandatoryBPS, enableRead, loopGuardMax, loopGuardWindowSec, maxCapturedStates, maxConcurrentWrites, mcpLogLevel, selectedDevices, useGateways\",\"timestamp\":1789280149160}}","time":"","type":""},{"name":"2026-09-13 00:15:29.250","level":"ERROR","message":"app|38|MCP Rule Server|[MCP1] {\"appId\":\"38\",\"generation\":\"e43944a0-3f2c-4d0c-a182-9c2df7551883\",\"id\":\"f413f7ea-b05f-467d-90ff-9c8236368e90\",\"entry\":{\"component\":\"server\",\"details\":{\"failureKind\":\"tool_failed\",\"gateway\":\"hub_manage_variables\",\"tool\":\"hub_set_variable\"},\"level\":\"error\",\"message\":\"Tool hub_set_variable returned a failure result\",\"timestamp\":1789280129249}}","time":"","type":""},{"name":"2026-09-13 00:15:14.895","level":"ERROR","message":"app|38|MCP Rule Server|[MCP1] {\"appId\":\"38\",\"generation\":\"e43944a0-3f2c-4d0c-a182-9c2df7551883\",\"id\":\"175d8193-dd92-4c0d-9f32-876482ad9d3a\",\"entry\":{\"component\":\"server\",\"details\":{\"error\":\"Missing required parameter for hub_delete_room: confirm. All parameters:\\n  room (string, REQUIRED) \\u2014 Room name (case-insensitive) or room ID to delete, e.g. \\\"Garage\\\" or \\\"5\\\"\\n  confirm (boolean, REQUIRED) \\u2014 REQUIRED: Must be true. Confirms backup was created and user explicitly approved the deletion.\",\"gateway\":\"hub_manage_rooms\",\"tool\":\"hub_delete_room\"},\"level\":\"error\",\"message\":\"Validation error in hub_delete_room: Missing required parameter for hub_delete_room: confirm. All parameters:\\n  room (string, REQUIRED) \\u2014 Room name (case-insensitive) or room ID to delete, e.g. \\\"Garage\\\" or \\\"5\\\"\\n  confirm (boolean, REQUIRED) \\u2014 REQUIRED: Must be true. Confirms backup was created and user explicitly approved the deletion.\",\"timestamp\":1789280114894}}","time":"","type":""},{"name":"2026-09-13 00:15:14.232","level":"ERROR","message":"app|38|MCP Rule Server|[MCP1] {\"appId\":\"38\",\"generation\":\"e43944a0-3f2c-4d0c-a182-9c2df7551883\",\"id\":\"8f6a147d-b73f-4e51-aebd-175db143bbe4\",\"entry\":{\"component\":\"server\",\"details\":{\"error\":\"A room named 'BAT_E2E_RoomErrA' already exists\",\"gateway\":\"hub_manage_rooms\",\"tool\":\"hub_update_room\"},\"level\":\"error\",\"message\":\"Validation error in hub_update_room: A room named 'BAT_E2E_RoomErrA' already exists\",\"timestamp\":1789280114231}}","time":"","type":""},{"name":"2026-09-13 00:15:13.167","level":"ERROR","message":"app|38|MCP Rule Server|[MCP1] {\"appId\":\"38\",\"generation\":\"e43944a0-3f2c-4d0c-a182-9c2df7551883\",\"id\":\"ff78d506-e47c-49e9-af3d-248a98b3a86e\",\"entry\":{\"component\":\"server\",\"details\":{\"error\":\"A room named 'BAT_E2E_RoomErrA' already exists\",\"gateway\":\"hub_manage_rooms\",\"tool\":\"hub_create_room\"},\"level\":\"error\",\"message\":\"Validation error in hub_create_room: A room named 'BAT_E2E_RoomErrA' already exists\",\"timestamp\":1789280113166}}","time":"","type":""},{"name":"2026-09-13 00:15:11.527","level":"ERROR","message":"app|38|MCP Rule Server|[MCP1] {\"appId\":\"38\",\"generation\":\"e43944a0-3f2c-4d0c-a182-9c2df7551883\",\"id\":\"4e94160a-e54b-4336-8215-c81a3490b5a5\",\"entry\":{\"component\":\"server\",\"details\":{\"error\":\"Missing required parameter for hub_create_room: confirm. All parameters:\\n  name (string, REQUIRED) \\u2014 Name for the new room, e.g. \\\"Garage\\\"\\n  deviceIds (array, optional) \\u2014 Optional device IDs to assign to the room at creation, e.g. [\\\"12\\\",\\\"34\\\"].\\n  confirm (boolean, REQUIRED) \\u2014 REQUIRED: must be true. Confirms a recent backup exists and the user approved creating this room.\",\"gateway\":\"hub_manage_rooms\",\"tool\":\"hub_create_room\"},\"level\":\"error\",\"message\":\"Validation error in hub_create_room: Missing required parameter for hub_create_room: confirm. All parameters:\\n  name (string, REQUIRED) \\u2014 Name for the new room, e.g. \\\"Garage\\\"\\n  deviceIds (array, optional) \\u2014 Optional device IDs to assign to the room at creation, e.g. [\\\"12\\\",\\\"34\\\"].\\n  confirm (boolean, REQUIRED) \\u2014 REQUIRED: must be true. Confirms a recent backup exists and the user approved creating this room.\",\"timestamp\":1789280111526}}","time":"","type":""},{"name":"2026-09-13 00:15:10.872","level":"ERROR","message":"app|38|MCP Rule Server|[MCP1] {\"appId\":\"38\",\"generation\":\"e43944a0-3f2c-4d0c-a182-9c2df7551883\",\"id\":\"3be3d607-e5a1-4c98-9600-237acbf4980f\",\"entry\":{\"component\":\"server\",\"details\":{\"error\":\"Room 'BAT_E2E_RoomGhostNope' not found. Available rooms: BAT_E2E_KEEP_Room\",\"gateway\":\"hub_manage_rooms\",\"tool\":\"hub_get_room\"},\"level\":\"error\",\"message\":\"Validation error in hub_get_room: Room 'BAT_E2E_RoomGhostNope' not found. Available rooms: BAT_E2E_KEEP_Room\",\"timestamp\":1789280110871}}","time":"","type":""},{"name":"2026-09-13 00:14:08.123","level":"ERROR","message":"app|38|MCP Rule Server|[MCP1] {\"appId\":\"38\",\"generation\":\"e43944a0-3f2c-4d0c-a182-9c2df7551883\",\"id\":\"395884c5-b779-4403-beca-dd04a0056ec6\",\"entry\":{\"component\":\"server\",\"details\":{\"error\":\"SAFETY CHECK FAILED: You must set confirm=true to use this tool. Did you create a backup with hub_create_backup first? Review the tool description for the mandatory pre-flight checklist, or call hub_get_tool_guide for the tool's full reference.\",\"gateway\":null,\"tool\":\"hub_update_firmware\"},\"level\":\"error\",\"message\":\"Validation error in hub_update_firmware: SAFETY CHECK FAILED: You must set confirm=true to use this tool. Did you create a backup with hub_create_backup first? Review the tool description for the mandatory pre-flight checklist, or call hub_get_tool_guide for the tool's full reference.\",\"timestamp\":1789280048122}}","time":"","type":""},{"name":"2026-09-13 00:13:59.550","level":"ERROR","message":"app|38|MCP Rule Server|[MCP1] {\"appId\":\"38\",\"generation\":\"e43944a0-3f2c-4d0c-a182-9c2df7551883\",\"id\":\"dabac3fc-4cd3-4183-9aea-12488867e1dc\",\"entry\":{\"component\":\"server\",\"details\":{\"error\":\"SAFETY CHECK FAILED: You must set confirm=true to use this tool. Did you create a backup with hub_create_backup first? Review the tool description for the mandatory pre-flight checklist, or call hub_get_tool_guide for the tool's full reference.\",\"gateway\":null,\"tool\":\"hub_set_system_settings\"},\"level\":\"error\",\"message\":\"Validation error in hub_set_system_settings: SAFETY CHECK FAILED: You must set confirm=true to use this tool. Did you create a backup with hub_create_backup first? Review the tool description for the mandatory pre-flight checklist, or call hub_get_tool_guide for the tool's full reference.\",\"timestamp\":1789280039549}}","time":"","type":""},{"name":"2026-09-13 00:13:58.993","level":"ERROR","message":"app|38|MCP Rule Server|[MCP1] {\"appId\":\"38\",\"generation\":\"e43944a0-3f2c-4d0c-a182-9c2df7551883\",\"id\":\"8aea151b-e2e8-4d47-b7c3-f3535769116b\",\"entry\":{\"component\":\"server\",\"details\":{\"error\":\"latitude must be a number between -90 and 90, got: 999\",\"gateway\":null,\"tool\":\"hub_set_system_settings\"},\"level\":\"error\",\"message\":\"Validation error in hub_set_system_settings: latitude must be a number between -90 and 90, got: 999\",\"timestamp\":1789280038991}}","time":"","type":""},{"name":"2026-09-13 00:13:52.916","level":"ERROR","message":"app|38|MCP Rule Server|[MCP1] {\"appId\":\"38\",\"generation\":\"e43944a0-3f2c-4d0c-a182-9c2df7551883\",\"id\":\"20a2300f-84f1-46b3-8898-7edc84d8750f\",\"entry\":{\"component\":\"server\",\"details\":{\"error\":\"mode not found: 'BAT_E2E_Mode'. Pass a mode id or name (from hub_list_modes).\",\"gateway\":null,\"tool\":\"hub_manage_mode\"},\"level\":\"error\",\"message\":\"Validation error in hub_manage_mode: mode not found: 'BAT_E2E_Mode'. Pass a mode id or name (from hub_list_modes).\",\"timestamp\":1789280032915}}","time":"","type":""},{"name":"2026-09-13 00:13:52.388","level":"ERROR","message":"app|38|MCP Rule Server|[MCP1] {\"appId\":\"38\",\"generation\":\"e43944a0-3f2c-4d0c-a182-9c2df7551883\",\"id\":\"af6ddf2b-128a-47ce-ac7e-65694e40553b\",\"entry\":{\"component\":\"server\",\"details\":{\"error\":\"mode not found: 'BAT_E2E_Mode2'. Pass a mode id or name (from hub_list_modes).\",\"gateway\":null,\"tool\":\"hub_manage_mode\"},\"level\":\"error\",\"message\":\"Validation error in hub_manage_mode: mode not found: 'BAT_E2E_Mode2'. Pass a mode id or name (from hub_list_modes).\",\"timestamp\":1789280032387}}","time":"","type":""},{"name":"2026-09-13 00:13:51.847","level":"ERROR","message":"app|38|MCP Rule Server|[MCP1] {\"appId\":\"38\",\"generation\":\"e43944a0-3f2c-4d0c-a182-9c2df7551883\",\"id\":\"1606d17f-698c-4e54-9d77-fd3a2a3b2e09\",\"entry\":{\"component\":\"server\",\"details\":{\"error\":\"mode not found: 'BAT_E2E_Mode3'. Pass a mode id or name (from hub_list_modes).\",\"gateway\":null,\"tool\":\"hub_manage_mode\"},\"level\":\"error\",\"message\":\"Validation error in hub_manage_mode: mode not found: 'BAT_E2E_Mode3'. Pass a mode id or name (from hub_list_modes).\",\"timestamp\":1789280031846}}","time":"","type":""},{"name":"2026-09-13 00:13:47.923","level":"ERROR","message":"app|38|MCP Rule Server|[MCP1] {\"appId\":\"38\",\"generation\":\"e43944a0-3f2c-4d0c-a182-9c2df7551883\",\"id\":\"fd882845-802e-434c-9fdb-bfe810f11a5a\",\"entry\":{\"component\":\"server\",\"details\":{\"error\":\"Pass 'manager' (builtIn|legacy|app) and/or 'conditions' (Integrated Mode Manager per-mode conditions, from hub_list_modes.modeManager.easyConditions).\",\"gateway\":null,\"tool\":\"hub_set_mode_manager\"},\"level\":\"error\",\"message\":\"Validation error in hub_set_mode_manager: Pass 'manager' (builtIn|legacy|app) and/or 'conditions' (Integrated Mode Manager per-mode conditions, from hub_list_modes.modeManager.easyConditions).\",\"timestamp\":1789280027922}}","time":"","type":""},{"name":"2026-09-13 00:13:47.438","level":"ERROR","message":"app|38|MCP Rule Server|[MCP1] {\"appId\":\"38\",\"generation\":\"e43944a0-3f2c-4d0c-a182-9c2df7551883\",\"id\":\"23ec7bc8-035b-405e-8a1d-478329819492\",\"entry\":{\"component\":\"server\",\"details\":{\"error\":\"manager must be one of builtIn, legacy, app\",\"gateway\":null,\"tool\":\"hub_set_mode_manager\"},\"level\":\"error\",\"message\":\"Validation error in hub_set_mode_manager: manager must be one of builtIn, legacy, app\",\"timestamp\":1789280027437}}","time":"","type":""},{"name":"2026-09-13 00:13:46.909","level":"ERROR","message":"app|38|MCP Rule Server|[MCP1] {\"appId\":\"38\",\"generation\":\"e43944a0-3f2c-4d0c-a182-9c2df7551883\",\"id\":\"9540a849-9f77-41f4-b334-b84ff8a71f0a\",\"entry\":{\"component\":\"server\",\"details\":{\"error\":\"mode not found: 'BAT_E2E_NoSuchMode'. Pass a mode id or current name (from hub_list_modes).\",\"gateway\":null,\"tool\":\"hub_manage_mode\"},\"level\":\"error\",\"message\":\"Validation error in hub_manage_mode: mode not found: 'BAT_E2E_NoSuchMode'. Pass a mode id or current name (from hub_list_modes).\",\"timestamp\":1789280026908}}","time":"","type":""},{"name":"2026-09-13 00:13:46.218","level":"ERROR","message":"app|38|MCP Rule Server|[MCP1] {\"appId\":\"38\",\"generation\":\"e43944a0-3f2c-4d0c-a182-9c2df7551883\",\"id\":\"5cc7fd58-9798-4ace-bf3e-ce73873b6706\",\"entry\":{\"component\":\"server\",\"details\":{\"error\":\"Mode 'BAT_E2E_NoSuchMode' not found. Available: [Day, Evening, Night, Away, BAT_E2E_Mode3]\",\"gateway\":null,\"tool\":\"hub_manage_mode\"},\"level\":\"error\",\"message\":\"Validation error in hub_manage_mode: Mode 'BAT_E2E_NoSuchMode' not found. Available: [Day, Evening, Night, Away, BAT_E2E_Mode3]\",\"timestamp\":1789280026217}}","time":"","type":""},{"name":"2026-09-13 00:13:45.682","level":"ERROR","message":"app|38|MCP Rule Server|[MCP1] {\"appId\":\"38\",\"generation\":\"e43944a0-3f2c-4d0c-a182-9c2df7551883\",\"id\":\"12dd519c-c1d1-4fca-9b09-705505a68a7f\",\"entry\":{\"component\":\"server\",\"details\":{\"error\":\"mode (the mode name to activate) is required\",\"gateway\":null,\"tool\":\"hub_manage_mode\"},\"level\":\"error\",\"message\":\"Validation error in hub_manage_mode: mode (the mode name to activate) is required\",\"timestamp\":1789280025681}}","time":"","type":""},{"name":"2026-09-13 00:13:45.149","level":"ERROR","message":"app|38|MCP Rule Server|[MCP1] {\"appId\":\"38\",\"generation\":\"e43944a0-3f2c-4d0c-a182-9c2df7551883\",\"id\":\"dea66c8d-ece8-4d18-8ed7-7b8a5a90bdef\",\"entry\":{\"component\":\"server\",\"details\":{\"error\":\"Unknown action 'frobnicate'. Valid: create, rename, delete, activate.\",\"gateway\":null,\"tool\":\"hub_manage_mode\"},\"level\":\"error\",\"message\":\"Validation error in hub_manage_mode: Unknown action 'frobnicate'. Valid: create, rename, delete, activate.\",\"timestamp\":1789280025149}}","time":"","type":""},{"name":"2026-09-13 00:13:44.609","level":"ERROR","message":"app|38|MCP Rule Server|[MCP1] {\"appId\":\"38\",\"generation\":\"e43944a0-3f2c-4d0c-a182-9c2df7551883\",\"id\":\"6731ca1e-9c8c-40e1-b697-4b89f13529ee\",\"entry\":{\"component\":\"server\",\"details\":{\"error\":\"action is required: one of create, rename, delete, activate\",\"gateway\":null,\"tool\":\"hub_manage_mode\"},\"level\":\"error\",\"message\":\"Validation error in hub_manage_mode: action is required: one of create, rename, delete, activate\",\"timestamp\":1789280024608}}","time":"","type":""},{"name":"2026-09-13 00:13:43.538","level":"ERROR","message":"app|38|MCP Rule Server|[MCP1] {\"appId\":\"38\",\"generation\":\"e43944a0-3f2c-4d0c-a182-9c2df7551883\",\"id\":\"bdc971d0-1d32-47e9-b9fc-18325078887f\",\"entry\":{\"component\":\"server\",\"details\":{\"error\":\"SAFETY CHECK FAILED: You must set confirm=true to use this tool. Did you create a backup with hub_create_backup first? Review the tool description for the mandatory pre-flight checklist, or call hub_get_tool_guide for the tool's full reference.\",\"gateway\":null,\"tool\":\"hub_manage_mode\"},\"level\":\"error\",\"message\":\"Validation error in hub_manage_mode: SAFETY CHECK FAILED: You must set confirm=true to use this tool. Did you create a backup with hub_create_backup first? Review the tool description for the mandatory pre-flight checklist, or call hub_get_tool_guide for the tool's full reference.\",\"timestamp\":1789280023537}}","time":"","type":""},{"name":"2026-09-13 00:12:42.499","level":"ERROR","message":"app|38|MCP Rule Server|[MCP1] {\"appId\":\"38\",\"generation\":\"e43944a0-3f2c-4d0c-a182-9c2df7551883\",\"id\":\"279a10cc-abcd-4c01-804f-d618fdc2da02\",\"entry\":{\"component\":\"server\",\"details\":{\"error\":\"Variable not found: BAT_E2E_HubVar_RT\",\"gateway\":\"hub_manage_variables\",\"tool\":\"hub_get_variable\"},\"level\":\"error\",\"message\":\"Validation error in hub_get_variable: Variable not found: BAT_E2E_HubVar_RT\",\"timestamp\":1789279962498}}","time":"","type":""}],"count":60,"totalParsed":8892,"appliedFilters":{"level":"error","limit":60}}
e2e (run)	Post-run hub status probe	2026-09-13T06:30:17.4234986Z 
e2e (run)	Post-run hub status probe	2026-09-13T06:30:17.4235247Z === hub system logs via watchdog: WARNINGS (newest 40) ===
e2e (run)	Post-run hub status probe	2026-09-13T06:30:18.8164875Z {"logs":[],"count":0,"totalParsed":8894,"appliedFilters":{"level":"warn","limit":40}}
e2e (run)	Post-run hub status probe	2026-09-13T06:30:18.8165377Z 
e2e (run)	Post-run hub status probe	2026-09-13T06:30:18.8194698Z === hub_list_app_instances via watchdog (ALL running app instances) ===
e2e (run)	Post-run hub status probe	2026-09-13T06:30:19.5889120Z {"apps":[{"id":4,"name":"Basic Rules","type":"Basic Rules","disabled":false,"user":false,"parentId":null,"childCount":1},{"id":21548,"name":"Basic Rule-1.0","type":"Basic Rule-1.0","disabled":false,"user":false,"parentId":4,"childCount":0},{"id":7242,"name":"Button Controllers","type":"Button Controllers","disabled":false,"user":false,"parentId":null,"childCount":237},{"id":17765,"name":"Button Controller-5.1","type":"Button Controller-5.1","disabled":false,"user":false,"parentId":7242,"childCount":0},{"id":17766,"name":"Button Controller-5.1","type":"Button Controller-5.1","disabled":false,"user":false,"parentId":7242,"childCount":0},{"id":28382,"name":"Button Controller-5.1","type":"Button Controller-5.1","disabled":false,"user":false,"parentId":7242,"childCount":0},{"id":29736,"name":"Button Controller-5.1","type":"Button Controller-5.1","disabled":false,"user":false,"parentId":7242,"childCount":0},{"id":22499,"name":"Button Controller-5.1: BAT_E2E_WalkBtnDev","type":"Button Controller-5.1","disabled":false,"user":false,"parentId":7242,"childCount":0},{"id":22575,"name":"Button Controller-5.1: BAT_E2E_WalkBtnDev","type":"Button Controller-5.1","disabled":false,"user":false,"parentId":7242,"childCount":0},{"id":22638,"name":"Button Controller-5.1: BAT_E2E_WalkBtnDev","type":"Button Controller-5.1","disabled":false,"user":false,"parentId":7242,"childCount":0},{"id":22692,"name":"Button Controller-5.1: BAT_E2E_WalkBtnDev","type":"Button Controller-5.1","disabled":false,"user":false,"parentId":7242,"childCount":0},{"id":22754,"name":"Button Controller-5.1: BAT_E2E_WalkBtnDev","type":"Button Controller-5.1","disabled":false,"user":false,"parentId":7242,"childCount":0},{"id":22802,"name":"Button Controller-5.1: BAT_E2E_WalkBtnDev","type":"Button Controller-5.1","disabled":false,"user":false,"parentId":7242,"childCount":0},{"id":22869,"name":"Button Controller-5.1: BAT_E2E_WalkBtnDev","type":"Button Controller-5.1","disabled":false,"user":false,"parentId":7242,"childCount":0},{"id":22939,"name":"Button Controller-5.1: BAT_E2E_WalkBtnDev","type":"Button Controller-5.1","disabled":false,"user":false,"parentId":7242,"childCount":0},{"id":23000,"name":"Button Controller-5.1: BAT_E2E_WalkBtnDev","type":"Button Controller-5.1","disabled":false,"user":false,"parentId":7242,"childCount":0},{"id":23066,"name":"Button Controller-5.1: BAT_E2E_WalkBtnDev","type":"Button Controller-5.1","disabled":false,"user":false,"parentId":7242,"childCount":0},{"id":23118,"name":"Button Controller-5.1: BAT_E2E_WalkBtnDev","type":"Button Controller-5.1","disabled":false,"user":false,"parentId":7242,"childCount":0},{"id":23179,"name":"Button Controller-5.1: BAT_E2E_WalkBtnDev","type":"Button Controller-5.1","disabled":false,"user":false,"parentId":7242,"childCount":0},{"id":23247,"name":"Button Controller-5.1: BAT_E2E_WalkBtnDev","type":"Button Controller-5.1","disabled":false,"user":false,"parentId":7242,"childCount":0},{"id":23331,"name":"Button Controller-5.1: BAT_E2E_WalkBtnDev","type":"Button Controller-5.1","disabled":false,"user":false,"parentId":7242,"childCount":0},{"id":23384,"name":"Button Controller-5.1: BAT_E2E_WalkBtnDev","type":"Button Controller-5.1","disabled":false,"user":false,"parentId":7242,"childCount":0},{"id":23440,"name":"Button Controller-5.1: BAT_E2E_WalkBtnDev","type":"Button Controller-5.1","disabled":false,"user":false,"parentId":7242,"childCount":0},{"id":23511,"name":"Button Controller-5.1: BAT_E2E_WalkBtnDev","type":"Button Controller-5.1","disabled":false,"user":false,"parentId":7242,"childCount":0},{"id":23581,"name":"Button Controller-5.1: BAT_E2E_WalkBtnDev","type":"Button Controller-5.1","disabled":false,"user":false,"parentId":7242,"childCount":0},{"id":23651,"name":"Button Controller-5.1: BAT_E2E_WalkBtnDev","type":"Button Controller-5.1","disabled":false,"user":false,"parentId":7242,"childCount":0},{"id":23674,"name":"Button Controller-5.1: BAT_E2E_WalkBtnDev","type":"Button Controller-5.1","disabled":false,"user":false,"parentId":7242,"childCount":0},{"id":23745,"name":"Button Controller-5.1: BAT_E2E_WalkBtnDev","type":"Button Controller-5.1","disabled":false,"user":false,"parentId":7242,"childCount":0},{"id":23816,"name":"Button Controller-5.1: BAT_E2E_WalkBtnDev","type":"Button Controller-5.1","disabled":false,"user":false,"parentId":7242,"childCount":0},{"id":23889,"name":"Button Controller-5.1: BAT_E2E_WalkBtnDev","type":"Button Controller-5.1","disabled":false,"user":false,"parentId":7242,"childCount":0},{"id":23964,"name":"Button Controller-5.1: BAT_E2E_WalkBtnDev","type":"Button Controller-5.1","disabled":false,"user":false,"parentId":7242,"childCount":0},{"id":24031,"name":"Button Controller-5.1: BAT_E2E_WalkBtnDev","type":"Button Controller-5.1","disabled":false,"user":false,"parentId":7242,"childCount":0},{"id":24101,"name":"Button Controller-5.1: BAT_E2E_WalkBtnDev","type":"Button Controller-5.1","disabled":false,"user":false,"parentId":7242,"childCount":0},{"id":24167,"name":"Button Controller-5.1: BAT_E2E_WalkBtnDev","type":"Button Controller-5.1","disabled":false,"user":false,"parentId":7242,"childCount":0},{"id":24224,"name":"Button Controller-5.1: BAT_E2E_WalkBtnDev","type":"Button Controller-5.1","disabled":false,"user":false,"parentId":7242,"childCount":0},{"id":24285,"name":"Button Controller-5.1: BAT_E2E_WalkBtnDev","type":"Button Controller-5.1","disabled":false,"user":false,"parentId":7242,"childCount":0},{"id":24357,"name":"Button Controller-5.1: BAT_E2E_WalkBtnDev","type":"Button Controller-5.1","disabled":false,"user":false,"parentId":7242,"childCount":0},{"id":24427,"name":"Button Controller-5.1: BAT_E2E_WalkBtnDev","type":"Button Controller-5.1","disabled":false,"user":false,"parentId":7242,"childCount":0},{"id":24502,"name":"Button Controller-5.1: BAT_E2E_WalkBtnDev","type":"Button Controller-5.1","disabled":false,"user":false,"parentId":7242,"childCount":0},{"id":24574,"name":"Button Controller-5.1: BAT_E2E_WalkBtnDev","type":"Button Controller-5.1","disabled":false,"user":false,"parentId":7242,"childCount":0},{"id":24645,"name":"Button Controller-5.1: BAT_E2E_WalkBtnDev","type":"Button Controller-5.1","disabled":false,"user":false,"parentId":7242,"childCount":0},{"id":24706,"name":"Button Controller-5.1: BAT_E2E_WalkBtnDev","type":"Button Controller-5.1","disabled":false,"user":false,"parentId":7242,"childCount":0},{"id":24778,"name":"Button Controller-5.1: BAT_E2E_WalkBtnDev","type":"Button Controller-5.1","disabled":false,"user":false,"parentId":7242,"childCount":0},{"id":24802,"name":"Button Controller-5.1: BAT_E2E_WalkBtnDev","type":"Button Controller-5.1","disabled":false,"user":false,"parentId":7242,"childCount":0},{"id":24874,"name":"Button Controller-5.1: BAT_E2E_WalkBtnDev","type":"Button Controller-5.1","disabled":false,"user":false,"parentId":7242,"childCount":0},{"id":24945,"name":"Button Controller-5.1: BAT_E2E_WalkBtnDev","type":"Button Controller-5.1","disabled":false,"user":false,"parentId":7242,"childCount":0},{"id":25016,"name":"Button Controller-5.1: BAT_E2E_WalkBtnDev","type":"Button Controller-5.1","disabled":false,"user":false,"parentId":7242,"childCount":0},{"id":25087,"name":"Button Controller-5.1: BAT_E2E_WalkBtnDev","type":"Button Controller-5.1","disabled":false,"user":false,"parentId":7242,"childCount":0},{"id":25158,"name":"Button Controller-5.1: BAT_E2E_WalkBtnDev","type":"Button Controller-5.1","disabled":false,"user":false,"parentId":7242,"childCount":0},{"id":25229,"name":"Button Controller-5.1: BAT_E2E_WalkBtnDev","type":"Button Controller-5.1","disabled":false,"user":false,"parentId":7242,"childCount":0},{"id":25301,"name":"Button Controller-5.1: BAT_E2E_WalkBtnDev","type":"Button Controller-5.1","disabled":false,"user":false,"parentId":7242,"childCount":0},{"id":25372,"name":"Button Controller-5.1: BAT_E2E_WalkBtnDev","type":"Button Controller-5.1","disabled":false,"user":false,"parentId":7242,"childCount":0},{"id":25445,"name":"Button Controller-5.1: BAT_E2E_WalkBtnDev","type":"Button Controller-5.1","disabled":false,"user":false,"parentId":7242,"childCount":0},{"id":25500,"name":"Button Controller-5.1: E2E_PERM_Button","type":"Button Controller-5.1","disabled":false,"user":false,"parentId":7242,"childCount":0},{"id":25519,"name":"Button Controller-5.1: E2E_PERM_Button","type":"Button Controller-5.1","disabled":false,"user":false,"parentId":7242,"childCount":0},{"id":25590,"name":"Button Controller-5.1: E2E_PERM_Button","type":"Button Controller-5.1","disabled":false,"user":false,"parentId":7242,"childCount":0},{"id":25662,"name":"Button Controller-5.1: E2E_PERM_Button","type":"Button Controller-5.1","disabled":false,"user":false,"parentId":7242,"childCount":0},{"id":25725,"name":"Button Controller-5.1: E2E_PERM_Button","type":"Button Controller-5.1","disabled":false,"user":false,"parentId":7242,"childCount":0},{"id":25796,"name":"Button Controller-5.1: E2E_PERM_Button","type":"Button Controller-5.1","disabled":false,"user":false,"parentId":7242,"childCount":0},{"id":25868,"name":"Button Controller-5.1: E2E_PERM_Button","type":"Button Controller-5.1","disabled":false,"user":false,"parentId":7242,"childCount":0},{"id":25925,"name":"Button Controller-5.1: E2E_PERM_Button","type":"Button Controller-5.1","disabled":false,"user":false,"parentId":7242,"childCount":0},{"id":25968,"name":"Button Controller-5.1: E2E_PERM_Button","type":"Button Controller-5.1","disabled":false,"user":false,"parentId":7242,"childCount":0},{"id":26034,"name":"Button Controller-5.1: E2E_PERM_Button","type":"Button Controller-5.1","disabled":false,"user":false,"parentId":7242,"childCount":0},{"id":26094,"name":"Button Controller-5.1: E2E_PERM_Button","type":"Button Controller-5.1","disabled":false,"user":false,"parentId":7242,"childCount":0},{"id":26154,"name":"Button Controller-5.1: E2E_PERM_Button","type":"Button Controller-5.1","disabled":false,"user":false,"parentId":7242,"childCount":0},{"id":26204,"name":"Button Controller-5.1: E2E_PERM_Button","type":"Button Controller-5.1","disabled":false,"user":false,"parentId":7242,"childCount":0},{"id":26264,"name":"Button Controller-5.1: E2E_PERM_Button","type":"Button Controller-5.1","disabled":false,"user":false,"parentId":7242,"childCount":0},{"id":26327,"name":"Button Controller-5.1: E2E_PERM_Button","type":"Button Controller-5.1","disabled":false,"user":false,"parentId":7242,"childCount":0},{"id":26407,"name":"Button Controller-5.1: E2E_PERM_Button","type":"Button Controller-5.1","disabled":false,"user":false,"parentId":7242,"childCount":0},{"id":26455,"name":"Button Controller-5.1: E2E_PERM_Button","type":"Button Controller-5.1","disabled":false,"user":false,"parentId":7242,"childCount":0},{"id":26526,"name":"Button Controller-5.1: E2E_PERM_Button","type":"Button Controller-5.1","disabled":false,"user":false,"parentId":7242,"childCount":0},{"id":26613,"name":"Button Controller-5.1: E2E_PERM_Button","type":"Button Controller-5.1","disabled":false,"user":false,"parentId":7242,"childCount":0},{"id":26697,"name":"Button Controller-5.1: E2E_PERM_Button","type":"Button Controller-5.1","disabled":false,"user":false,"parentId":7242,"childCount":0},{"id":26786,"name":"Button Controller-5.1: E2E_PERM_Button","type":"Button Controller-5.1","disabled":false,"user":false,"parentId":7242,"childCount":0},{"id":26874,"name":"Button Controller-5.1: E2E_PERM_Button","type":"Button Controller-5.1","disabled":false,"user":false,"parentId":7242,"childCount":0},{"id":26965,"name":"Button Controller-5.1: E2E_PERM_Button","type":"Button Controller-5.1","disabled":false,"user":false,"parentId":7242,"childCount":0},{"id":27055,"name":"Button Controller-5.1: E2E_PERM_Button","type":"Button Controller-5.1","disabled":false,"user":false,"parentId":7242,"childCount":0},{"id":27148,"name":"Button Controller-5.1: E2E_PERM_Button","type":"Button Controller-5.1","disabled":false,"user":false,"parentId":7242,"childCount":0},{"id":27234,"name":"Button Controller-5.1: E2E_PERM_Button","type":"Button Controller-5.1","disabled":false,"user":false,"parentId":7242,"childCount":0},{"id":27321,"name":"Button Controller-5.1: E2E_PERM_Button","type":"Button Controller-5.1","disabled":false,"user":false,"parentId":7242,"childCount":0},{"id":27403,"name":"Button Controller-5.1: E2E_PERM_Button","type":"Button Controller-5.1","disabled":false,"user":false,"parentId":7242,"childCount":0},{"id":27486,"name":"Button Controller-5.1: E2E_PERM_Button","type":"Button Controller-5.1","disabled":false,"user":false,"parentId":7242,"childCount":0},{"id":27569,"name":"Button Controller-5.1: E2E_PERM_Button","type":"Button Controller-5.1","disabled":false,"user":false,"parentId":7242,"childCount":0},{"id":27651,"name":"Button Controller-5.1: E2E_PERM_Button","type":"Button Controller-5.1","disabled":false,"user":false,"parentId":7242,"childCount":0},{"id":27733,"name":"Button Controller-5.1: E2E_PERM_Button","type":"Button Controller-5.1","disabled":false,"user":false,"parentId":7242,"childCount":0},{"id":27815,"name":"Button Controller-5.1: E2E_PERM_Button","type":"Button Controller-5.1","disabled":false,"user":false,"parentId":7242,"childCount":0},{"id":27895,"name":"Button Controller-5.1: E2E_PERM_Button","type":"Button Controller-5.1","disabled":false,"user":false,"parentId":7242,"childCount":0},{"id":27976,"name":"Button Controller-5.1: E2E_PERM_Button","type":"Button Controller-5.1","disabled":false,"user":false,"parentId":7242,"childCount":0},{"id":28058,"name":"Button Controller-5.1: E2E_PERM_Button","type":"Button Controller-5.1","disabled":false,"user":false,"parentId":7242,"childCount":0},{"id":28141,"name":"Button Controller-5.1: E2E_PERM_Button","type":"Button Controller-5.1","disabled":false,"user":false,"parentId":7242,"childCount":0},{"id":28223,"name":"Button Controller-5.1: E2E_PERM_Button","type":"Button Controller-5.1","disabled":false,"user":false,"parentId":7242,"childCount":0},{"id":28304,"name":"Button Controller-5.1: E2E_PERM_Button","type":"Button Controller-5.1","disabled":false,"user":false,"parentId":7242,"childCount":0},{"id":28381,"name":"Button Controller-5.1: E2E_PERM_Button","type":"Button Controller-5.1","disabled":false,"user":false,"parentId":7242,"childCount":0},{"id":28411,"name":"Button Controller-5.1: E2E_PERM_Button","type":"Button Controller-5.1","disabled":false,"user":false,"parentId":7242,"childCount":0},{"id":28442,"name":"Button Controller-5.1: E2E_PERM_Button","type":"Button Controller-5.1","disabled":false,"user":false,"parentId":7242,"childCount":0},{"id":28515,"name":"Button Controller-5.1: E2E_PERM_Button","type":"Button Controller-5.1","disabled":false,"user":false,"parentId":7242,"childCount":0},{"id":28590,"name":"Button Controller-5.1: E2E_PERM_Button","type":"Button Controller-5.1","disabled":false,"user":false,"parentId":7242,"childCount":0},{"id":28665,"name":"Button Controller-5.1: E2E_PERM_Button","type":"Button Controller-5.1","disabled":false,"user":false,"parentId":7242,"childCount":0},{"id":28740,"name":"Button Controller-5.1: E2E_PERM_Button","type":"Button Controller-5.1","disabled":false,"user":false,"parentId":7242,"childCount":0},{"id":28832,"name":"Button Controller-5.1: E2E_PERM_Button","type":"Button Controller-5.1","disabled":false,"user":false,"parentId":7242,"childCount":0},{"id":28905,"name":"Button Controller-5.1: E2E_PERM_Button","type":"Button Controller-5.1","disabled":false,"user":false,"parentId":7242,"childCount":0},{"id":28978,"name":"Button Controller-5.1: E2E_PERM_Button","type":"Button Controller-5.1","disabled":false,"user":false,"parentId":7242,"childCount":0},{"id":29050,"name":"Button Controller-5.1: E2E_PERM_Button","type":"Button Controller-5.1","disabled":false,"user":false,"parentId":7242,"childCount":0},{"id":29122,"name":"Button Controller-5.1: E2E_PERM_Button","type":"Button Controller-5.1","disabled":false,"user":false,"parentId":7242,"childCount":0},{"id":29195,"name":"Button Controller-5.1: E2E_PERM_Button","type":"Button Controller-5.1","disabled":false,"user":false,"parentId":7242,"childCount":0},{"id":29269,"name":"Button Controller-5.1: E2E_PERM_Button","type":"Button Controller-5.1","disabled":false,"user":false,"parentId":7242,"childCount":0},{"id":29341,"name":"Button Controller-5.1: E2E_PERM_Button","type":"Button Controller-5.1","disabled":false,"user":false,"parentId":7242,"childCount":0},{"id":29438,"name":"Button Controller-5.1: E2E_PERM_Button","type":"Button Controller-5.1","disabled":false,"user":false,"parentId":7242,"childCount":0},{"id":29509,"name":"Button Controller-5.1: E2E_PERM_Button","type":"Button Controller-5.1","disabled":false,"user":false,"parentId":7242,"childCount":0},{"id":29566,"name":"Button Controller-5.1: E2E_PERM_Button","type":"Button Controller-5.1","disabled":false,"user":false,"parentId":7242,"childCount":0},{"id":29622,"name":"Button Controller-5.1: E2E_PERM_Button","type":"Button Controller-5.1","disabled":false,"user":false,"parentId":7242,"childCount":0},{"id":29684,"name":"Button Controller-5.1: E2E_PERM_Button","type":"Button Controller-5.1","disabled":false,"user":false,"parentId":7242,"childCount":0},{"id":29740,"name":"Button Controller-5.1: E2E_PERM_Button","type":"Button Controller-5.1","disabled":false,"user":false,"parentId":7242,"childCount":0},{"id":29798,"name":"Button Controller-5.1: E2E_PERM_Button","type":"Button Controller-5.1","disabled":false,"user":false,"parentId":7242,"childCount":0},{"id":29861,"name":"Button Controller-5.1: E2E_PERM_Button","type":"Button Controller-5.1","disabled":false,"user":false,"parentId":7242,"childCount":0},{"id":29938,"name":"Button Controller-5.1: E2E_PERM_Button","type":"Button Controller-5.1","disabled":false,"user":false,"parentId":7242,"childCount":0},{"id":30009,"name":"Button Controller-5.1: E2E_PERM_Button","type":"Button Controller-5.1","disabled":false,"user":false,"parentId":7242,"childCount":0},{"id":30071,"name":"Button Controller-5.1: E2E_PERM_Button","type":"Button Controller-5.1","disabled":false,"user":false,"parentId":7242,"childCount":0},{"id":30146,"name":"Button Controller-5.1: E2E_PERM_Button","type":"Button Controller-5.1","disabled":false,"user":false,"parentId":7242,"childCount":0},{"id":30221,"name":"Button Controller-5.1: E2E_PERM_Button","type":"Button Controller-5.1","disabled":false,"user":false,"parentId":7242,"childCount":0},{"id":30360,"name":"Button Controller-5.1: E2E_PERM_Button","type":"Button Controller-5.1","disabled":false,"user":false,"parentId":7242,"childCount":0},{"id":30427,"name":"Button Controller-5.1: E2E_PERM_Button","type":"Button Controller-5.1","disabled":false,"user":false,"parentId":7242,"childCount":0},{"id":30503,"name":"Button Controller-5.1: E2E_PERM_Button","type":"Button Controller-5.1","disabled":false,"user":false,"parentId":7242,"childCount":0},{"id":30600,"name":"Button Controller-5.1: E2E_PERM_Button","type":"Button Controller-5.1","disabled":false,"user":false,"parentId":7242,"childCount":0},{"id":30666,"name":"Button Controller-5.1: E2E_PERM_Button","type":"Button Controller-5.1","disabled":false,"user":false,"parentId":7242,"childCount":0},{"id":30762,"name":"Button Controller-5.1: E2E_PERM_Button","type":"Button Controller-5.1","disabled":false,"user":false,"parentId":7242,"childCount":0},{"id":30842,"name":"Button Controller-5.1: E2E_PERM_Button","type":"Button Controller-5.1","disabled":false,"user":false,"parentId":7242,"childCount":0},{"id":30938,"name":"Button Controller-5.1: E2E_PERM_Button","type":"Button Controller-5.1","disabled":false,"user":false,"parentId":7242,"childCount":0},{"id":31018,"name":"Button Controller-5.1: E2E_PERM_Button","type":"Button Controller-5.1","disabled":false,"user":false,"parentId":7242,"childCount":0},{"id":31099,"name":"Button Controller-5.1: E2E_PERM_Button","type":"Button Controller-5.1","disabled":false,"user":false,"parentId":7242,"childCount":0},{"id":31181,"name":"Button Controller-5.1: E2E_PERM_Button","type":"Button Controller-5.1","disabled":false,"user":false,"parentId":7242,"childCount":0},{"id":31261,"name":"Button Controller-5.1: E2E_PERM_Button","type":"Button Controller-5.1","disabled":false,"user":false,"parentId":7242,"childCount":0},{"id":31342,"name":"Button Controller-5.1: E2E_PERM_Button","type":"Button Controller-5.1","disabled":false,"user":false,"parentId":7242,"childCount":0},{"id":31423,"name":"Button Controller-5.1: E2E_PERM_Button","type":"Button Controller-5.1","disabled":false,"user":false,"parentId":7242,"childCount":0},{"id":31504,"name":"Button Controller-5.1: E2E_PERM_Button","type":"Button Controller-5.1","disabled":false,"user":false,"parentId":7242,"childCount":0},{"id":31584,"name":"Button Controller-5.1: E2E_PERM_Button","type":"Button Controller-5.1","disabled":false,"user":false,"parentId":7242,"childCount":0},{"id":31665,"name":"Button Controller-5.1: E2E_PERM_Button","type":"Button Controller-5.1","disabled":false,"user":false,"parentId":7242,"childCount":0},{"id":31746,"name":"Button Controller-5.1: E2E_PERM_Button","type":"Button Controller-5.1","disabled":false,"user":false,"parentId":7242,"childCount":0},{"id":31828,"name":"Button Controller-5.1: E2E_PERM_Button","type":"Button Controller-5.1","disabled":false,"user":false,"parentId":7242,"childCount":0},{"id":31910,"name":"Button Controller-5.1: E2E_PERM_Button","type":"Button Controller-5.1","disabled":false,"user":false,"parentId":7242,"childCount":0},{"id":31992,"name":"Button Controller-5.1: E2E_PERM_Button","type":"Button Controller-5.1","disabled":false,"user":false,"parentId":7242,"childCount":0},{"id":32073,"name":"Button Controller-5.1: E2E_PERM_Button","type":"Button Controller-5.1","disabled":false,"user":false,"parentId":7242,"childCount":0},{"id":32155,"name":"Button Controller-5.1: E2E_PERM_Button","type":"Button Controller-5.1","disabled":false,"user":false,"parentId":7242,"childCount":0},{"id":32248,"name":"Button Controller-5.1: E2E_PERM_Button","type":"Button Controller-5.1","disabled":false,"user":false,"parentId":7242,"childCount":0},{"id":32330,"name":"Button Controller-5.1: E2E_PERM_Button","type":"Button Controller-5.1","disabled":false,"user":false,"parentId":7242,"childCount":0},{"id":32412,"name":"Button Controller-5.1: E2E_PERM_Button","type":"Button Controller-5.1","disabled":false,"user":false,"parentId":7242,"childCount":0},{"id":32490,"name":"Button Controller-5.1: E2E_PERM_Button","type":"Button Controller-5.1","disabled":false,"user":false,"parentId":7242,"childCount":0},{"id":32558,"name":"Button Controller-5.1: E2E_PERM_Button","type":"Button Controller-5.1","disabled":false,"user":false,"parentId":7242,"childCount":0},{"id":32626,"name":"Button Controller-5.1: E2E_PERM_Button","type":"Button Controller-5.1","disabled":false,"user":false,"parentId":7242,"childCount":0},{"id":32694,"name":"Button Controller-5.1: E2E_PERM_Button","type":"Button Controller-5.1","disabled":false,"user":false,"parentId":7242,"childCount":0},{"id":32766,"name":"Button Controller-5.1: E2E_PERM_Button","type":"Button Controller-5.1","disabled":false,"user":false,"parentId":7242,"childCount":0},{"id":32847,"name":"Button Controller-5.1: E2E_PERM_Button","type":"Button Controller-5.1","disabled":false,"user":false,"parentId":7242,"childCount":0},{"id":32928,"name":"Button Controller-5.1: E2E_PERM_Button","type":"Button Controller-5.1","disabled":false,"user":false,"parentId":7242,"childCount":0},{"id":33009,"name":"Button Controller-5.1: E2E_PERM_Button","type":"Button Controller-5.1","disabled":false,"user":false,"parentId":7242,"childCount":0},{"id":33091,"name":"Button Controller-5.1: E2E_PERM_Button","type":"Button Controller-5.1","disabled":false,"user":false,"parentId":7242,"childCount":0},{"id":33173,"name":"Button Controller-5.1: E2E_PERM_Button","type":"Button Controller-5.1","disabled":false,"user":false,"parentId":7242,"childCount":0},{"id":33236,"name":"Button Controller-5.1: E2E_PERM_Button","type":"Button Controller-5.1","disabled":false,"user":false,"parentId":7242,"childCount":0},{"id":33318,"name":"Button Controller-5.1: E2E_PERM_Button","type":"Button Controller-5.1","disabled":false,"user":false,"parentId":7242,"childCount":0},{"id":33400,"name":"Button Controller-5.1: E2E_PERM_Button","type":"Button Controller-5.1","disabled":false,"user":false,"parentId":7242,"childCount":0},{"id":33482,"name":"Button Controller-5.1: E2E_PERM_Button","type":"Button Controller-5.1","disabled":false,"user":false,"parentId":7242,"childCount":0},{"id":33563,"name":"Button Controller-5.1: E2E_PERM_Button","type":"Button Controller-5.1","disabled":false,"user":false,"parentId":7242,"childCount":0},{"id":33645,"name":"Button Controller-5.1: E2E_PERM_Button","type":"Button Controller-5.1","disabled":false,"user":false,"parentId":7242,"childCount":0},{"id":33727,"name":"Button Controller-5.1: E2E_PERM_Button","type":"Button Controller-5.1","disabled":false,"user":false,"parentId":7242,"childCount":0},{"id":33766,"name":"Button Controller-5.1: E2E_PERM_Button","type":"Button Controller-5.1","disabled":false,"user":false,"parentId":7242,"childCount":0},{"id":33846,"name":"Button Controller-5.1: E2E_PERM_Button","type":"Button Controller-5.1","disabled":false,"user":false,"parentId":7242,"childCount":0},{"id":33928,"name":"Button Controller-5.1: E2E_PERM_Button","type":"Button Controller-5.1","disabled":false,"user":false,"parentId":7242,"childCount":0},{"id":34010,"name":"Button Controller-5.1: E2E_PERM_Button","type":"Button Controller-5.1","disabled":false,"user":false,"parentId":7242,"childCount":0},{"id":34092,"name":"Button Controller-5.1: E2E_PERM_Button","type":"Button Controller-5.1","disabled":false,"user":false,"parentId":7242,"childCount":0},{"id":34173,"name":"Button Controller-5.1: E2E_PERM_Button","type":"Button Controller-5.1","disabled":false,"user":false,"parentId":7242,"childCount":0},{"id":34255,"name":"Button Controller-5.1: E2E_PERM_Button","type":"Button Controller-5.1","disabled":false,"user":false,"parentId":7242,"childCount":0},{"id":34334,"name":"Button Controller-5.1: E2E_PERM_Button","type":"Button Controller-5.1","disabled":false,"user":false,"parentId":7242,"childCount":0},{"id":34407,"name":"Button Controller-5.1: E2E_PERM_Button","type":"Button Controller-5.1","disabled":false,"user":false,"parentId":7242,"childCount":0},{"id":34489,"name":"Button Controller-5.1: E2E_PERM_Button","type":"Button Controller-5.1","disabled":false,"user":false,"parentId":7242,"childCount":0},{"id":34571,"name":"Button Controller-5.1: E2E_PERM_Button","type":"Button Controller-5.1","disabled":false,"user":false,"parentId":7242,"childCount":0},{"id":34679,"name":"Button Controller-5.1: E2E_PERM_Button","type":"Button Controller-5.1","disabled":false,"user":false,"parentId":7242,"childCount":0},{"id":34761,"name":"Button Controller-5.1: E2E_PERM_Button","type":"Button Controller-5.1","disabled":false,"user":false,"parentId":7242,"childCount":0},{"id":34841,"name":"Button Controller-5.1: E2E_PERM_Button","type":"Button Controller-5.1","disabled":false,"user":false,"parentId":7242,"childCount":0},{"id":34931,"name":"Button Controller-5.1: E2E_PERM_Button","type":"Button Controller-5.1","disabled":false,"user":false,"parentId":7242,"childCount":0},{"id":35013,"name":"Button Controller-5.1: E2E_PERM_Button","type":"Button Controller-5.1","disabled":false,"user":false,"parentId":7242,"childCount":0},{"id":35107,"name":"Button Controller-5.1: E2E_PERM_Button","type":"Button Controller-5.1","disabled":false,"user":false,"parentId":7242,"childCount":0},{"id":35192,"name":"Button Controller-5.1: E2E_PERM_Button","type":"Button Controller-5.1","disabled":false,"user":false,"parentId":7242,"childCount":0},{"id":35277,"name":"Button Controller-5.1: E2E_PERM_Button","type":"Button Controller-5.1","disabled":false,"user":false,"parentId":7242,"childCount":0},{"id":35362,"name":"Button Controller-5.1: E2E_PERM_Button","type":"Button Controller-5.1","disabled":false,"user":false,"parentId":7242,"childCount":0},{"id":35446,"name":"Button Controller-5.1: E2E_PERM_Button","type":"Button Controller-5.1","disabled":false,"user":false,"parentId":7242,"childCount":0},{"id":35524,"name":"Button Controller-5.1: E2E_PERM_Button","type":"Button Controller-5.1","disabled":false,"user":false,"parentId":7242,"childCount":0},{"id":35594,"name":"Button Controller-5.1: E2E_PERM_Button","type":"Button Controller-5.1","disabled":false,"user":false,"parentId":7242,"childCount":0},{"id":35679,"name":"Button Controller-5.1: E2E_PERM_Button","type":"Button Controller-5.1","disabled":false,"user":false,"parentId":7242,"childCount":0},{"id":35760,"name":"Button Controller-5.1: E2E_PERM_Button","type":"Button Controller-5.1","disabled":false,"user":false,"parentId":7242,"childCount":0},{"id":35829,"name":"Button Controller-5.1: E2E_PERM_Button","type":"Button Controller-5.1","disabled":false,"user":false,"parentId":7242,"childCount":0},{"id":35913,"name":"Button Controller-5.1: E2E_PERM_Button","type":"Button Controller-5.1","disabled":false,"user":false,"parentId":7242,"childCount":0},{"id":35997,"name":"Button Controller-5.1: E2E_PERM_Button","type":"Button Controller-5.1","disabled":false,"user":false,"parentId":7242,"childCount":0},{"id":36081,"name":"Button Controller-5.1: E2E_PERM_Button","type":"Button Controller-5.1","disabled":false,"user":false,"parentId":7242,"childCount":0},{"id":36166,"name":"Button Controller-5.1: E2E_PERM_Button","type":"Button Controller-5.1","disabled":false,"user":false,"parentId":7242,"childCount":0},{"id":36251,"name":"Button Controller-5.1: E2E_PERM_Button","type":"Button Controller-5.1","disabled":false,"user":false,"parentId":7242,"childCount":0},{"id":36336,"name":"Button Controller-5.1: E2E_PERM_Button","type":"Button Controller-5.1","disabled":false,"user":false,"parentId":7242,"childCount":0},{"id":36417,"name":"Button Controller-5.1: E2E_PERM_Button","type":"Button Controller-5.1","disabled":false,"user":false,"parentId":7242,"childCount":0},{"id":36493,"name":"Button Controller-5.1: E2E_PERM_Button","type":"Button Controller-5.1","disabled":false,"user":false,"parentId":7242,"childCount":0},{"id":36578,"name":"Button Controller-5.1: E2E_PERM_Button","type":"Button Controller-5.1","disabled":false,"user":false,"parentId":7242,"childCount":0},{"id":36663,"name":"Button Controller-5.1: E2E_PERM_Button","type":"Button Controller-5.1","disabled":false,"user":false,"parentId":7242,"childCount":0},{"id":36748,"name":"Button Controller-5.1: E2E_PERM_Button","type":"Button Controller-5.1","disabled":false,"user":false,"parentId":7242,"childCount":0},{"id":36833,"name":"Button Controller-5.1: E2E_PERM_Button","type":"Button Controller-5.1","disabled":false,"user":false,"parentId":7242,"childCount":0},{"id":36919,"name":"Button Controller-5.1: E2E_PERM_Button","type":"Button Controller-5.1","disabled":false,"user":false,"parentId":7242,"childCount":0},{"id":37004,"name":"Button Controller-5.1: E2E_PERM_Button","type":"Button Controller-5.1","disabled":false,"user":false,"parentId":7242,"childCount":0},{"id":37088,"name":"Button Controller-5.1: E2E_PERM_Button","type":"Button Controller-5.1","disabled":false,"user":false,"parentId":7242,"childCount":0},{"id":37173,"name":"Button Controller-5.1: E2E_PERM_Button","type":"Button Controller-5.1","disabled":false,"user":false,"parentId":7242,"childCount":0},{"id":37258,"name":"Button Controller-5.1: E2E_PERM_Button","type":"Button Controller-5.1","disabled":false,"user":false,"parentId":7242,"childCount":0},{"id":37342,"name":"Button Controller-5.1: E2E_PERM_Button","type":"Button Controller-5.1","disabled":false,"user":false,"parentId":7242,"childCount":0},{"id":37426,"name":"Button Controller-5.1: E2E_PERM_Button","type":"Button Controller-5.1","disabled":false,"user":false,"parentId":7242,"childCount":0},{"id":37511,"name":"Button Controller-5.1: E2E_PERM_Button","type":"Button Controller-5.1","disabled":false,"user":false,"parentId":7242,"childCount":0},{"id":37596,"name":"Button Controller-5.1: E2E_PERM_Button","type":"Button Controller-5.1","disabled":false,"user":false,"parentId":7242,"childCount":0},{"id":37681,"name":"Button Controller-5.1: E2E_PERM_Button","type":"Button Controller-5.1","disabled":false,"user":false,"parentId":7242,"childCount":0},{"id":37765,"name":"Button Controller-5.1: E2E_PERM_Button","type":"Button Controller-5.1","disabled":false,"user":false,"parentId":7242,"childCount":0},{"id":37849,"name":"Button Controller-5.1: E2E_PERM_Button","type":"Button Controller-5.1","disabled":false,"user":false,"parentId":7242,"childCount":0},{"id":37929,"name":"Button Controller-5.1: E2E_PERM_Button","type":"Button Controller-5.1","disabled":false,"user":false,"parentId":7242,"childCount":0},{"id":38001,"name":"Button Controller-5.1: E2E_PERM_Button","type":"Button Controller-5.1","disabled":false,"user":false,"parentId":7242,"childCount":0},{"id":38085,"name":"Button Controller-5.1: E2E_PERM_Button","type":"Button Controller-5.1","disabled":false,"user":false,"parentId":7242,"childCount":0},{"id":38169,"name":"Button Controller-5.1: E2E_PERM_Button","type":"Button Controller-5.1","disabled":false,"user":false,"parentId":7242,"childCount":0},{"id":38253,"name":"Button Controller-5.1: E2E_PERM_Button","type":"Button Controller-5.1","disabled":false,"user":false,"parentId":7242,"childCount":0},{"id":38338,"name":"Button Controller-5.1: E2E_PERM_Button","type":"Button Controller-5.1","disabled":false,"user":false,"parentId":7242,"childCount":0},{"id":38422,"name":"Button Controller-5.1: E2E_PERM_Button","type":"Button Controller-5.1","disabled":false,"user":false,"parentId":7242,"childCount":0},{"id":38506,"name":"Button Controller-5.1: E2E_PERM_Button","type":"Button Controller-5.1","disabled":false,"user":false,"parentId":7242,"childCount":0},{"id":38590,"name":"Button Controller-5.1: E2E_PERM_Button","type":"Button Controller-5.1","disabled":false,"user":false,"parentId":7242,"childCount":0},{"id":38675,"name":"Button Controller-5.1: E2E_PERM_Button","type":"Button Controller-5.1","disabled":false,"user":false,"parentId":7242,"childCount":0},{"id":38759,"name":"Button Controller-5.1: E2E_PERM_Button","type":"Button Controller-5.1","disabled":false,"user":false,"parentId":7242,"childCount":0},{"id":38843,"name":"Button Controller-5.1: E2E_PERM_Button","type":"Button Controller-5.1","disabled":false,"user":false,"parentId":7242,"childCount":0},{"id":38927,"name":"Button Controller-5.1: E2E_PERM_Button","type":"Button Controller-5.1","disabled":false,"user":false,"parentId":7242,"childCount":0},{"id":39011,"name":"Button Controller-5.1: E2E_PERM_Button","type":"Button Controller-5.1","disabled":false,"user":false,"parentId":7242,"childCount":0},{"id":39096,"name":"Button Controller-5.1: E2E_PERM_Button","type":"Button Controller-5.1","disabled":false,"user":false,"parentId":7242,"childCount":0},{"id":39181,"name":"Button Controller-5.1: E2E_PERM_Button","type":"Button Controller-5.1","disabled":false,"user":false,"parentId":7242,"childCount":0},{"id":39266,"name":"Button Controller-5.1: E2E_PERM_Button","type":"Button Controller-5.1","disabled":false,"user":false,"parentId":7242,"childCount":0},{"id":39351,"name":"Button Controller-5.1: E2E_PERM_Button","type":"Button Controller-5.1","disabled":false,"user":false,"parentId":7242,"childCount":0},{"id":39436,"name":"Button Controller-5.1: E2E_PERM_Button","type":"Button Controller-5.1","disabled":false,"user":false,"parentId":7242,"childCount":0},{"id":39517,"name":"Button Controller-5.1: E2E_PERM_Button","type":"Button Controller-5.1","disabled":false,"user":false,"parentId":7242,"childCount":0},{"id":39582,"name":"Button Controller-5.1: E2E_PERM_Button","type":"Button Controller-5.1","disabled":false,"user":false,"parentId":7242,"childCount":0},{"id":39651,"name":"Button Controller-5.1: E2E_PERM_Button","type":"Button Controller-5.1","disabled":false,"user":false,"parentId":7242,"childCount":0},{"id":39736,"name":"Button Controller-5.1: E2E_PERM_Button","type":"Button Controller-5.1","disabled":false,"user":false,"parentId":7242,"childCount":0},{"id":39821,"name":"Button Controller-5.1: E2E_PERM_Button","type":"Button Controller-5.1","disabled":false,"user":false,"parentId":7242,"childCount":0},{"id":39906,"name":"Button Controller-5.1: E2E_PERM_Button","type":"Button Controller-5.1","disabled":false,"user":false,"parentId":7242,"childCount":0},{"id":39991,"name":"Button Controller-5.1: E2E_PERM_Button","type":"Button Controller-5.1","disabled":false,"user":false,"parentId":7242,"childCount":0},{"id":40066,"name":"Button Controller-5.1: E2E_PERM_Button","type":"Button Controller-5.1","disabled":false,"user":false,"parentId":7242,"childCount":0},{"id":5506,"name":"E2E Dead-Man Watchdog","type":"E2E Dead-Man Watchdog","disabled":true,"user":true,"parentId":null,"childCount":0},{"id":5993,"name":"E2E Dead-Man Watchdog v2","type":"E2E Dead-Man Watchdog v2","disabled":false,"user":true,"parentId":null,"childCount":0},{"id":18166,"name":"Easy Dashboards","type":"Easy Dashboard Parent","disabled":false,"user":false,"parentId":null,"childCount":0},{"id":36462,"name":"HomeKit Bridge","type":"HomeKit Bridge","disabled":false,"user":false,"parentId":null,"childCount":0},{"id":68,"name":"Hub Health Monitor & Auto Reboot","type":"Hub Health Monitor & Auto Reboot","disabled":false,"user":true,"parentId":null,"childCount":0},{"id":37,"name":"Hubitat Package Manager","type":"Hubitat Package Manager","disabled":false,"user":true,"parentId":null,"childCount":0},{"id":2150,"name":"Hubitat\u00ae Dashboards","type":"Hubitat\u00ae Dashboard","disabled":false,"user":false,"parentId":null,"childCount":1},{"id":36461,"name":"E2E_PERM_Configuration_Dashboard","type":"Dashboard","disabled":false,"user":false,"parentId":2150,"childCount":0},{"id":2386,"name":"Hubitat\u00ae Safety Monitor","type":"Hubitat\u00ae Safety Monitor","disabled":false,"user":false,"parentId":null,"childCount":0},{"id":38,"name":"MCP Rule Server","type":"MCP Rule Server","disabled":false,"user":true,"parentId":null,"childCount":0},{"id":929,"name":"Mode Manager <span style='color:green'>Evening</span>","type":"Mode Manager","disabled":false,"user":false,"parentId":null,"childCount":0},{"id":216,"name":"Rule Machine","type":"Rule Machine","disabled":false,"user":false,"parentId":null,"childCount":3},{"id":724,"name":"_PR135_R2_RM_Rule","type":"Rule-5.1","disabled":false,"user":false,"parentId":216,"childCount":0},{"id":21462,"name":"R3VAL_probe","type":"Rule-5.1","disabled":false,"user":false,"parentId":216,"childCount":0},{"id":21463,"name":"R3VAL_probe","type":"Rule-5.1","disabled":false,"user":false,"parentId":216,"childCount":0},{"id":5,"name":"Visual Rules Builder","type":"Visual Rules Builder","disabled":false,"user":false,"parentId":null,"childCount":0}],"count":256}
e2e (run)	Post-run hub status probe	2026-09-13T06:30:19.6016449Z 
e2e (run)	Post-run hub status probe	2026-09-13T06:30:19.6016781Z === hub_list_libraries via watchdog (duplicate name+namespace = the #include hazard) ===
e2e (run)	Post-run hub status probe	2026-09-13T06:30:23.2959584Z {"libraries":[{"id":"33","name":"LevoitChildBase","namespace":"level99","version":8},{"id":"113","name":"LevoitChildBase","namespace":"level99","version":6},{"id":"118","name":"LevoitCoreAQPurifier","namespace":"level99","version":2},{"id":"67","name":"LevoitCorePurifier","namespace":"level99","version":6},{"id":"114","name":"LevoitCorePurifier","namespace":"level99","version":4},{"id":"1","name":"LevoitDiagnostics","namespace":"level99","version":5},{"id":"70","name":"LevoitFan","namespace":"level99","version":5},{"id":"116","name":"LevoitFan","namespace":"level99","version":4},{"id":"69","name":"LevoitHumidifier","namespace":"level99","version":6},{"id":"115","name":"LevoitHumidifier","namespace":"level99","version":4},{"id":"68","name":"LevoitVitalPurifier","namespace":"level99","version":6},{"id":"117","name":"LevoitVitalPurifier","namespace":"level99","version":4},{"id":"368","name":"McpAppClonerLib","namespace":"mcp","version":1242},{"id":"164","name":"McpBundlesLib","namespace":"mcp","version":1787},{"id":"365","name":"McpCodeManagementLib","namespace":"mcp","version":1239},{"id":"364","name":"McpCustomRulesLib","namespace":"mcp","version":1239},{"id":"647","name":"McpDashboardsLib","namespace":"mcp","version":771},{"id":"358","name":"McpDebugLoggingLib","namespace":"mcp","version":1239},{"id":"361","name":"McpDevicesLib","namespace":"mcp","version":1256},{"id":"359","name":"McpDiagnosticsLib","namespace":"mcp","version":1239},{"id":"369","name":"McpDiscoveryLib","namespace":"mcp","version":1239},{"id":"356","name":"McpFilesLib","namespace":"mcp","version":1239},{"id":"366","name":"McpHpmLib","namespace":"mcp","version":1239},{"id":"357","name":"McpItemBackupsLib","namespace":"mcp","version":1239},{"id":"401","name":"McpNativeRulesLib","namespace":"mcp","version":1274},{"id":"163","name":"McpRoomsLib","namespace":"mcp","version":1790},{"id":"367","name":"McpSelfAdminLib","namespace":"mcp","version":1243},{"id":"360","name":"McpSystemLib","namespace":"mcp","version":1239},{"id":"363","name":"McpVariablesLib","namespace":"mcp","version":1241},{"id":"362","name":"McpVirtualDevicesLib","namespace":"mcp","version":1239},{"id":"239","name":"McpVisualRulesLib","namespace":"mcp","version":1465}],"count":31,"source":"hub_api"}
e2e (run)	Post-run hub status probe	2026-09-13T06:30:23.2967244Z 
e2e (run)	Post-run hub status probe	2026-09-13T06:30:23.2980990Z === hub_list_bundles via watchdog (stale bundle containers) ===
e2e (run)	Post-run hub status probe	2026-09-13T06:30:23.5813316Z {"bundles":[{"id":"1","name":"HubitatPackageManager_Bundle","namespace":"dcm.hpm","private":false},{"id":"2","name":"levoit_libraries","namespace":"level99","private":false},{"id":"51","name":"mcp_libraries","namespace":"mcp","private":false}],"count":3,"source":"hub_api"}
e2e (run)	Post-run hub status probe	2026-09-13T06:30:23.5814599Z 
e2e (run)	Post-run hub status probe	2026-09-13T06:30:23.5814760Z === hub_list_devices (ALL devices, paginated) ===
e2e (run)	Post-run hub status probe	2026-09-13T06:30:28.5807946Z {"devices":[{"id":"75","name":"Virtual Button","label":"_CI_Virtual Button","room":null,"disabled":false,"deviceNetworkId":"mcp-virtual-19DF00FD726-A513","lastActivity":"2026-05-03T16:57:43-06:00","parentDeviceId":null,"mcpManaged":true,"currentStates":{}},{"id":"71","name":"Virtual Contact Sensor","label":"_CI_Virtual Contact Sensor","room":null,"disabled":false,"deviceNetworkId":"mcp-virtual-19DF00FC55D-28BB","lastActivity":"2026-05-03T16:57:38-06:00","parentDeviceId":null,"mcpManaged":true,"currentStates":{"contact":"closed"}},{"id":"68","name":"Virtual Dimmer","label":"_CI_Virtual Dimmer","room":null,"disabled":false,"deviceNetworkId":"mcp-virtual-19DF00FBAEA-DBE3","lastActivity":"2026-06-27T21:10:44-06:00","parentDeviceId":null,"mcpManaged":true,"currentStates":{"switch":"on","level":60}},{"id":"333","name":"Virtual Fan Controller","label":"_CI_Virtual Fan","room":null,"disabled":false,"deviceNetworkId":"mcp-virtual-19E3BCE2C7A-63D3","lastActivity":"2026-05-18T09:57:08-06:00","parentDeviceId":null,"mcpManaged":true,"currentStates":{}},{"id":"73","name":"Virtual Humidity Sensor","label":"_CI_Virtual Humidity Sensor","room":null,"disabled":false,"deviceNetworkId":"mcp-virtual-19DF00FCCF6-3684","lastActivity":"2026-05-03T16:57:40-06:00","parentDeviceId":null,"mcpManaged":true,"currentStates":{"humidity":50}},{"id":"74","name":"Virtual Lock","label":"_CI_Virtual Lock","room":null,"disabled":false,"deviceNetworkId":"mcp-virtual-19DF00FD18E-A726","lastActivity":"2026-05-03T16:57:42-06:00","parentDeviceId":null,"mcpManaged":true,"currentStates":{}},{"id":"70","name":"Virtual Motion Sensor","label":"_CI_Virtual Motion Sensor","room":null,"disabled":false,"deviceNetworkId":"mcp-virtual-19DF00FC26B-F735","lastActivity":"2026-05-03T16:57:38-06:00","parentDeviceId":null,"mcpManaged":true,"currentStates":{"motion":"inactive","temperature":70}},{"id":"170","name":"Virtual Omni Sensor","label":"_CI_Virtual Omni Sensor (Water Downstairs)","room":null,"disabled":false,"deviceNetworkId":"mcp-virtual-19DF99917C3-2DBE","lastActivity":"2026-05-05T13:24:13-06:00","parentDeviceId":null,"mcpManaged":true,"currentStates":{"motion":"inactive","contact":"closed","temperature":70,"humidity":35}},{"id":"169","name":"Virtual Omni Sensor","label":"_CI_Virtual Omni Sensor (Water)","room":null,"disabled":false,"deviceNetworkId":"mcp-virtual-19DF99724D8-A2C0","lastActivity":"2026-05-18T10:23:33-06:00","parentDeviceId":null,"mcpManaged":true,"currentStates":{"motion":"inactive","contact":"closed","temperature":70,"humidity":35}},{"id":"77","name":"Virtual Presence","label":"_CI_Virtual Presence","room":null,"disabled":false,"deviceNetworkId":"06a57e66-e845-4b00-91f7-fc62345d6f2f","lastActivity":"2026-05-03T17:05:30-06:00","parentDeviceId":null,"currentStates":{}},{"id":"69","name":"Virtual RGBW Light","label":"_CI_Virtual RGBW Light","room":null,"disabled":false,"deviceNetworkId":"mcp-virtual-19DF00FBDE6-01E8","lastActivity":"2026-05-03T16:57:37-06:00","parentDeviceId":null,"mcpManaged":true,"currentStates":{"switch":"on","level":100}},{"id":"332","name":"Virtual Shade","label":"_CI_Virtual Shade","room":null,"disabled":false,"deviceNetworkId":"mcp-virtual-19E3BCE2A3D-5A45","lastActivity":"2026-05-18T09:57:07-06:00","parentDeviceId":null,"mcpManaged":true,"currentStates":{"switch":"on","level":100}},{"id":"67","name":"Virtual Switch","label":"_CI_Virtual Switch","room":null,"disabled":false,"deviceNetworkId":"mcp-virtual-19DF00FB6D0-4549","lastActivity":"2026-09-12T23:40:30-06:00","parentDeviceId":null,"mcpManaged":true,"currentStates":{"switch":"off"}},{"id":"72","name":"Virtual Temperature Sensor","label":"_CI_Virtual Temperature Sensor","room":null,"disabled":false,"deviceNetworkId":"mcp-virtual-19DF00FC9D2-5B54","lastActivity":"2026-05-03T16:57:39-06:00","parentDeviceId":null,"mcpManaged":true,"currentStates":{"temperature":72}},{"id":"76","name":"Virtual Thermostat","label":"_CI_Virtual Thermostat","room":null,"disabled":false,"deviceNetworkId":"054cf39b-823f-4643-a40f-a8d66b734c88","lastActivity":"2026-09-13T00:02:09-06:00","parentDeviceId":null,"currentStates":{"temperature":68.0}},{"id":"4","name":"Virtual Contact Sensor","label":"Back Door Contact Sensor","room":null,"disabled":false,"deviceNetworkId":"mcp-virtual-19DEC142EA4-54E9","lastActivity":"2026-05-02T21:23:59-06:00","parentDeviceId":null,"mcpManaged":true,"currentStates":{"contact":"closed"}},{"id":"3952","name":"Virtual Shade","label":"BAT_E2E_KEEP_Action_Shade","room":null,"disabled":false,"deviceNetworkId":"mcp-virtual-19F2891778B-DB2C","lastActivity":"2026-07-03T09:20:50-06:00","parentDeviceId":null,"mcpManaged":true,"currentStates":{"switch":"on","level":100}},{"id":"2349","name":"Virtual Switch","label":"BAT_E2E_KEEP_Action_Switch","room":null,"disabled":false,"deviceNetworkId":"mcp-virtual-19EE777F09F-83AE","lastActivity":"2026-09-13T00:18:11-06:00","parentDeviceId":null,"mcpManaged":true,"currentStates":{"switch":"off"}},{"id":"3945","name":"Virtual Switch","label":"BAT_E2E_KEEP_Action_Switch","room":null,"disabled":false,"deviceNetworkId":"mcp-virtual-19F2885E0F9-8105","lastActivity":"2026-07-03T09:08:10-06:00","parentDeviceId":null,"mcpManaged":true,"currentStates":{"switch":"off"}},{"id":"6858","name":"E2E_PERM_Configuration","label":"BAT_E2E_KEEP_Configuration_Child","room":null,"disabled":false,"deviceNetworkId":"mcp-virtual-E2E-PERM-Configuration-Child","lastActivity":"2026-09-12T23:50:13-06:00","parentDeviceId":null,"mcpManaged":true,"currentStates":{"switch":"off"}},{"id":"6860","name":"E2E_PERM_Configuration","label":"BAT_E2E_KEEP_Configuration_StandaloneBypass","room":null,"disabled":false,"deviceNetworkId":"e2e-perm-configuration-standalone-bypass","lastActivity":"2026-09-13T00:16:46-06:00","parentDeviceId":null,"currentStates":{"switch":"off"}},{"id":"6859","name":"E2E_PERM_Configuration","label":"BAT_E2E_KEEP_Configuration_StandaloneSDK","room":null,"disabled":false,"deviceNetworkId":"6e66190d-724f-4a21-8d77-bad638f216ad","lastActivity":"2026-09-12T23:50:18-06:00","parentDeviceId":null,"currentStates":{"switch":"off"}},{"id":"2517","name":"Virtual Temperature Sensor","label":"BAT_E2E_KEEP_Temp_A","room":null,"disabled":false,"deviceNetworkId":"mcp-virtual-19EED70C4B4-C2C3","lastActivity":"2026-06-21T21:47:31-06:00","parentDeviceId":null,"mcpManaged":true,"currentStates":{"temperature":72}},{"id":"2518","name":"Virtual Temperature Sensor","label":"BAT_E2E_KEEP_Temp_B","room":null,"disabled":false,"deviceNetworkId":"mcp-virtual-19EED70CC7A-3A03","lastActivity":"2026-06-21T21:47:33-06:00","parentDeviceId":null,"mcpManaged":true,"currentStates":{"temperature":72}},{"id":"3015","name":"Virtual Temperature Sensor","label":"BAT_E2E_KEEP_Temp_B","room":null,"disabled":false,"deviceNetworkId":"mcp-virtual-19EF6DC2455-BF53","lastActivity":"2026-06-23T17:41:39-06:00","parentDeviceId":null,"mcpManaged":true,"currentStates":{"temperature":72}},{"id":"5330","name":"My Virtual Button","label":"E2E_PERM_Button","room":null,"disabled":false,"deviceNetworkId":"530f4cb0-507a-4a3d-bd72-09979ba9a4ac","lastActivity":"2026-07-27T10:27:52-06:00","parentDeviceId":null,"currentStates":{}},{"id":"5328","name":"My Virtual Dimmer","label":"E2E_PERM_Dimmer","room":null,"disabled":false,"deviceNetworkId":"3c1e55de-f9d9-4096-bcde-632a2ced6e6c","lastActivity":"2026-09-12T23:51:41-06:00","parentDeviceId":null,"currentStates":{"switch":"on","level":10}},{"id":"5327","name":"My Virtual Switch","label":"E2E_PERM_Switch_A","room":null,"disabled":false,"deviceNetworkId":"4d1c7d0f-7ca7-4d12-9bc6-c56e76587575","lastActivity":"2026-09-13T00:18:19-06:00","parentDeviceId":null,"currentStates":{"switch":"off"}},{"id":"5329","name":"My Virtual Switch","label":"E2E_PERM_Switch_B","room":null,"disabled":false,"deviceNetworkId":"6d6424bc-5d94-4db6-83ca-5b7cb40a3519","lastActivity":"2026-09-13T00:18:19-06:00","parentDeviceId":null,"currentStates":{"switch":"off"}},{"id":"5","name":"Virtual Motion Sensor","label":"Garage Motion Sensor","room":null,"disabled":false,"deviceNetworkId":"mcp-virtual-19DEC143145-96C9","lastActivity":"2026-05-18T09:36:30-06:00","parentDeviceId":null,"mcpManaged":true,"currentStates":{"motion":"inactive","temperature":70}},{"id":"3","name":"Virtual Switch","label":"Goodmorning","room":null,"disabled":false,"deviceNetworkId":"mcp-virtual-19DEC142C8A-ABF0","lastActivity":"2026-05-02T21:23:58-06:00","parentDeviceId":null,"mcpManaged":true,"currentStates":{"switch":"off"}},{"id":"3497","name":"My Virtual Switch","label":"My Virtual Switch","room":null,"disabled":false,"deviceNetworkId":"50fc1807-c424-4f6a-b7e2-2ae821207e9d","lastActivity":"2026-09-10T06:54:30-06:00","parentDeviceId":null,"currentStates":{"switch":"off"}},{"id":"1","name":"OpenWeatherMap","label":"Open Weather","room":null,"disabled":true,"deviceNetworkId":"8db343c3-ecd0-49b0-953a-02f9d6a9f53b","lastActivity":null,"parentDeviceId":null,"currentStates":{}},{"id":"34","name":"VeSync Virtual Test Parent","label":"Round0 Test (v2.5 namespace)","room":null,"disabled":false,"deviceNetworkId":"5ee25e48-49bf-4069-87ad-f7ca83365022","lastActivity":"2026-06-07T12:57:22-06:00","parentDeviceId":null,"currentStates":{}},{"id":"66","name":"Syslog","label":"syslog","room":null,"disabled":false,"deviceNetworkId":"63b2cbb7-9243-4bda-b228-45d95b4f8a89","lastActivity":null,"parentDeviceId":null,"currentStates":{}},{"id":"2","name":"Virtual Switch","label":"Test Plug","room":null,"disabled":false,"deviceNetworkId":"mcp-virtual-19DEC1428CF-4E65","lastActivity":"2026-09-11T17:11:23-06:00","parentDeviceId":null,"mcpManaged":true,"currentStates":{"switch":"off"}}],"count":36,"total":36,"offset":0,"limit":200,"hasMore":false}
e2e (run)	Post-run hub status probe	2026-09-13T06:30:28.5915426Z 
e2e (run)	Post-run hub status probe	2026-09-13T06:30:28.5944835Z === hub_list_rules (RM rules via RMUtils) ===
e2e (run)	Post-run hub status probe	2026-09-13T06:30:29.1500561Z {"rules":[{"id":21462,"label":"R3VAL_probe","name":"R3VAL_probe","type":null,"rmVersion":"5.x","disabled":false,"paused":false,"status":"active"},{"id":21463,"label":"R3VAL_probe","name":"R3VAL_probe","type":null,"rmVersion":"5.x","disabled":false,"paused":false,"status":"active"},{"id":724,"label":"_PR135_R2_RM_Rule","name":"_PR135_R2_RM_Rule","type":null,"rmVersion":"5.x","disabled":false,"paused":false,"status":"active"}],"count":3,"ghostsFiltered":[40041,40042,40044,40045,40046,40047,40048,40049,40051,40054,40055,40056,40057,40058,40063,40064,40065,40067,40068,40069,40070,40073,40074,40075,40076,40077,40078,40079,40080,40081,40082,40083,40084,40085,40086,40087,40088,40089,40090,40091,40092,40093,40094,40095,40096,40097,40098,40099,40100,40101,40102,40104,40108,40113],"ghostNote":"RMUtils reported 54 rule id(s) that no longer exist in /hub2/appsList \u2014 these are post-delete RMUtils-cache ghosts (rule is already gone, the cache just hasn't caught up). Filtered out of the rules list."}
e2e (run)	Post-run hub status probe	2026-09-13T06:30:29.1503750Z 
e2e (run)	Post-run hub status probe	2026-09-13T06:30:29.1526678Z === hub_get_visual_rule (Visual Rules list) ===
e2e (run)	Post-run hub status probe	2026-09-13T06:30:29.7283386Z {"success":true,"count":0,"rules":[],"note":"No Visual Rules Builder rules exist yet. Create one with hub_set_visual_rule."}
e2e (run)	Post-run hub status probe	2026-09-13T06:30:29.7284212Z 
e2e (run)	Post-run hub status probe	2026-09-13T06:30:29.7313294Z === hub_list_variables (hub + rule-engine) ===
e2e (run)	Post-run hub status probe	2026-09-13T06:30:30.0271149Z {"hubVariables":[],"ruleVariables":[{"name":"_TEST_HUB_LEASED_BY","value":"{\"by\":\"ci-run-34740627451\",\"since\":1789277989071,\"until\":1789279789071}","source":"rule_engine"}],"totalHubVariables":0,"totalRuleVariables":1,"total":1}
e2e (run)	Post-run hub status probe	2026-09-13T06:30:30.0272077Z 
e2e (run)	Post-run hub status probe	2026-09-13T06:30:30.0302263Z === hub_list_files (File Manager) ===
e2e (run)	Post-run hub status probe	2026-09-13T06:30:30.7490940Z {"files":[{"name":"E2E_PERM_Configuration_Alternate_Source.groovy","directDownload":"http://<HUB_IP>/local/E2E_PERM_Configuration_Alternate_Source.groovy","size":"7801","lastModified":"1788961523996"},{"name":"E2E_PERM_Configuration_Provisioning.groovy","directDownload":"http://<HUB_IP>/local/E2E_PERM_Configuration_Provisioning.groovy","size":"8745","lastModified":"1788965309256"},{"name":"E2E_PERM_Configuration_Provisioning_backup_20260909-075707.groovy","directDownload":"http://<HUB_IP>/local/E2E_PERM_Configuration_Provisioning_backup_20260909-075707.groovy","size":"13221","lastModified":"1788962227648"},{"name":"E2E_PERM_Configuration_Provisioning_backup_20260909-080559.groovy","directDownload":"http://<HUB_IP>/local/E2E_PERM_Configuration_Provisioning_backup_20260909-080559.groovy","size":"13222","lastModified":"1788962759232"},{"name":"E2E_PERM_Configuration_Provisioning_backup_20260909-080902.groovy","directDownload":"http://<HUB_IP>/local/E2E_PERM_Configuration_Provisioning_backup_20260909-080902.groovy","size":"8581","lastModified":"1788962942752"},{"name":"E2E_PERM_Configuration_Provisioning_backup_20260909-081019.groovy","directDownload":"http://<HUB_IP>/local/E2E_PERM_Configuration_Provisioning_backup_20260909-081019.groovy","size":"9360","lastModified":"1788963019908"},{"name":"E2E_PERM_Configuration_Provisioning_backup_20260909-082210.groovy","directDownload":"http://<HUB_IP>/local/E2E_PERM_Configuration_Provisioning_backup_20260909-082210.groovy","size":"8428","lastModified":"1788963730308"},{"name":"E2E_PERM_Configuration_Provisioning_backup_20260909-082423.groovy","directDownload":"http://<HUB_IP>/local/E2E_PERM_Configuration_Provisioning_backup_20260909-082423.groovy","size":"8961","lastModified":"1788963863156"},{"name":"E2E_PERM_Configuration_Provisioning_backup_20260909-082637.groovy","directDownload":"http://<HUB_IP>/local/E2E_PERM_Configuration_Provisioning_backup_20260909-082637.groovy","size":"10699","lastModified":"1788963997852"},{"name":"E2E_PERM_Configuration_Provisioning_backup_20260909-082712.groovy","directDownload":"http://<HUB_IP>/local/E2E_PERM_Configuration_Provisioning_backup_20260909-082712.groovy","size":"10761","lastModified":"1788964032896"},{"name":"E2E_PERM_Configuration_Provisioning_backup_20260909-083521.groovy","directDownload":"http://<HUB_IP>/local/E2E_PERM_Configuration_Provisioning_backup_20260909-083521.groovy","size":"10820","lastModified":"1788964521236"},{"name":"E2E_PERM_Configuration_Provisioning_backup_20260909-084410.groovy","directDownload":"http://<HUB_IP>/local/E2E_PERM_Configuration_Provisioning_backup_20260909-084410.groovy","size":"9947","lastModified":"1788965050560"},{"name":"E2E_PERM_Configuration_Provisioning_backup_20260909-084733.groovy","directDownload":"http://<HUB_IP>/local/E2E_PERM_Configuration_Provisioning_backup_20260909-084733.groovy","size":"8348","lastModified":"1788965253288"},{"name":"E2E_PERM_Configuration_Provisioning_backup_20260909-084829.groovy","directDownload":"http://<HUB_IP>/local/E2E_PERM_Configuration_Provisioning_backup_20260909-084829.groovy","size":"8645","lastModified":"1788965309216"},{"name":"E2E_PERM_Configuration_Response.json","directDownload":"http://<HUB_IP>/local/E2E_PERM_Configuration_Response.json","size":"70","lastModified":"1788961531492"},{"name":"E2E_PERM_Configuration_Source.groovy","directDownload":"http://<HUB_IP>/local/E2E_PERM_Configuration_Source.groovy","size":"7791","lastModified":"1788961515008"},{"name":"LevoitChildBaseLib.groovy","directDownload":"http://<HUB_IP>/local/LevoitChildBaseLib.groovy","size":"15097","lastModified":"1780116700164"},{"name":"LevoitClassic200S.groovy","directDownload":"http://<HUB_IP>/local/LevoitClassic200S.groovy","size":"21843","lastModified":"1780117049260"},{"name":"LevoitClassic300S.groovy","directDownload":"http://<HUB_IP>/local/LevoitClassic300S.groovy","size":"19615","lastModified":"1780117049464"},{"name":"LevoitCore200S.groovy","directDownload":"http://<HUB_IP>/local/LevoitCore200S.groovy","size":"10302","lastModified":"1780117049656"},{"name":"LevoitCore200SLight.groovy","directDownload":"http://<HUB_IP>/local/LevoitCore200SLight.groovy","size":"8381","lastModified":"1780117067732"},{"name":"LevoitCore200S_Light.groovy","directDownload":"http://<HUB_IP>/local/LevoitCore200S_Light.groovy","size":"8575","lastModified":"1779401765452"},{"name":"LevoitCore300S.groovy","directDownload":"http://<HUB_IP>/local/LevoitCore300S.groovy","size":"8539","lastModified":"1780117049840"},{"name":"LevoitCore400S.groovy","directDownload":"http://<HUB_IP>/local/LevoitCore400S.groovy","size":"8555","lastModified":"1780117050072"},{"name":"LevoitCore600S.groovy","directDownload":"http://<HUB_IP>/local/LevoitCore600S.groovy","size":"8476","lastModified":"1780117050256"},{"name":"LevoitCoreAQPurifierLib.groovy","directDownload":"http://<HUB_IP>/local/LevoitCoreAQPurifierLib.groovy","size":"12525","lastModified":"1780116700532"},{"name":"LevoitCorePurifierLib.groovy","directDownload":"http://<HUB_IP>/local/LevoitCorePurifierLib.groovy","size":"23523","lastModified":"1780116700348"},{"name":"LevoitDiagnosticsLib.groovy","directDownload":"http://<HUB_IP>/local/LevoitDiagnosticsLib.groovy","size":"19259","lastModified":"1777827763256"},{"name":"LevoitDual200S.groovy","directDownload":"http://<HUB_IP>/local/LevoitDual200S.groovy","size":"27565","lastModified":"1780117050448"},{"name":"LevoitEverestAir.groovy","directDownload":"http://<HUB_IP>/local/LevoitEverestAir.groovy","size":"28325","lastModified":"1780117050704"},{"name":"LevoitFanLib.groovy","directDownload":"http://<HUB_IP>/local/LevoitFanLib.groovy","size":"19419","lastModified":"1780116701120"},{"name":"LevoitGeneric.groovy","directDownload":"http://<HUB_IP>/local/LevoitGeneric.groovy","size":"22550","lastModified":"1780117050960"},{"name":"LevoitHumidifierLib.groovy","directDownload":"http://<HUB_IP>/local/LevoitHumidifierLib.groovy","size":"15011","lastModified":"1780116700948"},{"name":"LevoitLV600S.groovy","directDownload":"http://<HUB_IP>/local/LevoitLV600S.groovy","size":"28030","lastModified":"1780117051148"},{"name":"LevoitLV600SHubConnect.groovy","directDownload":"http://<HUB_IP>/local/LevoitLV600SHubConnect.groovy","size":"23430","lastModified":"1780117051336"},{"name":"LevoitOasisMist1000S.groovy","directDownload":"http://<HUB_IP>/local/LevoitOasisMist1000S.groovy","size":"22993","lastModified":"1780117051528"},{"name":"LevoitOasisMist450S.groovy","directDownload":"http://<HUB_IP>/local/LevoitOasisMist450S.groovy","size":"49674","lastModified":"1780117051748"},{"name":"LevoitPedestalFan.groovy","directDownload":"http://<HUB_IP>/local/LevoitPedestalFan.groovy","size":"41182","lastModified":"1780117051956"},{"name":"LevoitSproutAir.groovy","directDownload":"http://<HUB_IP>/local/LevoitSproutAir.groovy","size":"21927","lastModified":"1780117052144"},{"name":"LevoitSproutHumidifier.groovy","directDownload":"http://<HUB_IP>/local/LevoitSproutHumidifier.groovy","size":"24757","lastModified":"1780117052356"},{"name":"LevoitSuperior6000S.groovy","directDownload":"http://<HUB_IP>/local/LevoitSuperior6000S.groovy","size":"21456","lastModified":"1780117052592"},{"name":"LevoitTowerFan.groovy","directDownload":"http://<HUB_IP>/local/LevoitTowerFan.groovy","size":"24620","lastModified":"1780117052844"},{"name":"LevoitVital100S.groovy","directDownload":"http://<HUB_IP>/local/LevoitVital100S.groovy","size":"11436","lastModified":"1780117053080"},{"name":"LevoitVital200S.groovy","directDownload":"http://<HUB_IP>/local/LevoitVital200S.groovy","size":"11433","lastModified":"1780117053292"},{"name":"LevoitVitalPurifierLib.groovy","directDownload":"http://<HUB_IP>/local/LevoitVitalPurifierLib.groovy","size":"19909","lastModified":"1780116700720"},{"name":"Syslog.groovy","directDownload":"http://<HUB_IP>/local/Syslog.groovy","size":"15599","lastModified":"1777835079264"},{"name":"VeSyncIntegration.groovy","directDownload":"http://<HUB_IP>/local/VeSyncIntegration.groovy","size":"182378","lastModified":"1780117053548"},{"name":"VeSyncIntegrationVirtual.groovy","directDownload":"http://<HUB_IP>/local/VeSyncIntegrationVirtual.groovy","size":"63829","lastModified":"1780117053844"},{"name":"_main_restore.groovy","directDownload":"http://<HUB_IP>/local/_main_restore.groovy","size":"1785229","lastModified":"1781283928636"},{"name":"_zerocontext_driver.groovy","directDownload":"http://<HUB_IP>/local/_zerocontext_driver.groovy","size":"322","lastModified":"1778292763432"},{"name":"agent_b_drv1_v2.groovy","directDownload":"http://<HUB_IP>/local/agent_b_drv1_v2.groovy","size":"2860","lastModified":"1778263995984"},{"name":"agent_b_drv2_v2.groovy","directDownload":"http://<HUB_IP>/local/agent_b_drv2_v2.groovy","size":"2860","lastModified":"1778263996168"},{"name":"agent_b_drv3_v2.groovy","directDownload":"http://<HUB_IP>/local/agent_b_drv3_v2.groovy","size":"2860","lastModified":"1778263996332"},{"name":"e2e-deadman-v2.json","directDownload":"http://<HUB_IP>/local/e2e-deadman-v2.json","size":"2394","lastModified":"1789280987132"},{"name":"e2e-deadman.json","directDownload":"http://<HUB_IP>/local/e2e-deadman.json","size":"54","lastModified":"1780879800544"},{"name":"e2e-deferred-native-rules.json","directDownload":"http://<HUB_IP>/local/e2e-deferred-native-rules.json","size":"495","lastModified":"1789280346044"},{"name":"e2e-pr-bundle-state.txt","directDownload":"http://<HUB_IP>/local/e2e-pr-bundle-state.txt","size":"21","lastModified":"1789278061064"},{"name":"homeKitQRCode.png","directDownload":"http://<HUB_IP>/local/homeKitQRCode.png","size":"286","lastModified":"1789279341880"},{"name":"hubitat-mcp-server-v1.3.7.groovy","directDownload":"http://<HUB_IP>/local/hubitat-mcp-server-v1.3.7.groovy","size":"1190378","lastModified":"1779125549200"},{"name":"hubitat-mcp-server.groovy","directDownload":"http://<HUB_IP>/local/hubitat-mcp-server.groovy","size":"514469","lastModified":"1783889325140"},{"name":"main-hubitat-mcp-server.groovy","directDownload":"http://<HUB_IP>/local/main-hubitat-mcp-server.groovy","size":"366548","lastModified":"1781573705788"},{"name":"main-mcp-variables-lib_backup_20260615-193744.groovy","directDownload":"http://<HUB_IP>/local/main-mcp-variables-lib_backup_20260615-193744.groovy","size":"54384","lastModified":"1781573864400"},{"name":"mcp-app-cloner-lib.groovy","directDownload":"http://<HUB_IP>/local/mcp-app-cloner-lib.groovy","size":"46917","lastModified":"1783981467872"},{"name":"mcp-backup-app-1537.groovy","directDownload":"http://<HUB_IP>/local/mcp-backup-app-1537.groovy","size":"801","lastModified":"1789280347236"},{"name":"mcp-backup-app-1538.groovy","directDownload":"http://<HUB_IP>/local/mcp-backup-app-1538.groovy","size":"1173","lastModified":"1789279872420"},{"name":"mcp-backup-app-1539.groovy","directDownload":"http://<HUB_IP>/local/mcp-backup-app-1539.groovy","size":"801","lastModified":"1789279875748"},{"name":"mcp-backup-app-1540.groovy","directDownload":"http://<HUB_IP>/local/mcp-backup-app-1540.groovy","size":"1391","lastModified":"1789279892724"},{"name":"mcp-backup-app-427.groovy","directDownload":"http://<HUB_IP>/local/mcp-backup-app-427.groovy","size":"1173","lastModified":"1781243473028"},{"name":"mcp-backup-driver-1651.groovy","directDownload":"http://<HUB_IP>/local/mcp-backup-driver-1651.groovy","size":"336","lastModified":"1789279907880"},{"name":"mcp-backup-library-1006.groovy","directDownload":"http://<HUB_IP>/local/mcp-backup-library-1006.groovy","size":"358","lastModified":"1789280354980"},{"name":"mcp-backup-library-140.groovy","directDownload":"http://<HUB_IP>/local/mcp-backup-library-140.groovy","size":"18918","lastModified":"1780860360884"},{"name":"mcp-backup-library-423.groovy","directDownload":"http://<HUB_IP>/local/mcp-backup-library-423.groovy","size":"358","lastModified":"1781705129860"},{"name":"mcp-backup-library-479.groovy","directDownload":"http://<HUB_IP>/local/mcp-backup-library-479.groovy","size":"358","lastModified":"1782093070932"},{"name":"mcp-devices-lib.groovy","directDownload":"http://<HUB_IP>/local/mcp-devices-lib.groovy","size":"194257","lastModified":"1782275939748"},{"name":"mcp-e2e-mcp-libraries.zip","directDownload":"http://<HUB_IP>/local/mcp-e2e-mcp-libraries.zip","size":"866882","lastModified":"1781149827192"},{"name":"mcp-main-bundle-mcp_libraries.zip","directDownload":"http://<HUB_IP>/local/mcp-main-bundle-mcp_libraries.zip","size":"93008","lastModified":"1781197817800"},{"name":"mcp-main-cache-sha.txt","directDownload":"http://<HUB_IP>/local/mcp-main-cache-sha.txt","size":"40","lastModified":"1781197819860"},{"name":"mcp-main-deployed-sha.txt","directDownload":"http://<HUB_IP>/local/mcp-main-deployed-sha.txt","size":"40","lastModified":"1789280987096"},{"name":"mcp-native-rules-lib.groovy","directDownload":"http://<HUB_IP>/local/mcp-native-rules-lib.groovy","size":"968333","lastModified":"1783982224116"},{"name":"mcp-op-result-auto-19ff4fcc505-652c8a46-d67e-4a30-b658-7760c3e0e029.json","directDownload":"http://<HUB_IP>/local/mcp-op-result-auto-19ff4fcc505-652c8a46-d67e-4a30-b658-7760c3e0e029.json","size":"2037","lastModified":"1786521645732"},{"name":"mcp-op-result-auto-19ff6d0b4f8-d7cd08d8-1e22-4b17-85d7-6a3855fceb79.json","directDownload":"http://<HUB_IP>/local/mcp-op-result-auto-19ff6d0b4f8-d7cd08d8-1e22-4b17-85d7-6a3855fceb79.json","size":"1603","lastModified":"1786552304048"},{"name":"mcp-op-result-bat.opreplay.bulk.27990.r1.json","directDownload":"http://<HUB_IP>/local/mcp-op-result-bat.opreplay.bulk.27990.r1.json","size":"1517","lastModified":"1786499580620"},{"name":"mcp-op-result-bat.opreplay.bulk.28317.json","directDownload":"http://<HUB_IP>/local/mcp-op-result-bat.opreplay.bulk.28317.json","size":"2129","lastModified":"1786550086764"},{"name":"mcp-op-result-bat.opreplay.patch.27826.json","directDownload":"http://<HUB_IP>/local/mcp-op-result-bat.opreplay.patch.27826.json","size":"1525","lastModified":"1786477068080"},{"name":"mcp-op-result-e2e.1786466134.87d4.native_apps.test_set_rule_enum_doactpage.83.json","directDownload":"http://<HUB_IP>/local/mcp-op-result-e2e.1786466134.87d4.native_apps.test_set_rule_enum_doactpage.83.json","size":"1699","lastModified":"1786468330576"},{"name":"mcp-op-result-e2e.1786466134.87d4.native_apps.test_set_rule_modifyaction_retarget.6.json","directDownload":"http://<HUB_IP>/local/mcp-op-result-e2e.1786466134.87d4.native_apps.test_set_rule_modifyaction_retarget.6.json","size":"1051","lastModified":"1786466443916"},{"name":"mcp-op-result-e2e.1786466134.87d4.native_apps.test_set_rule_self_gateway_envelope_edit.2.json","directDownload":"http://<HUB_IP>/local/mcp-op-result-e2e.1786466134.87d4.native_apps.test_set_rule_self_gateway_envelope_edit.2.json","size":"1485","lastModified":"1786466157500"},{"name":"mcp-op-result-e2e.1786466134.87d4.native_apps.test_set_rule_setvariable_from_device_and_math.57.json","directDownload":"http://<HUB_IP>/local/mcp-op-result-e2e.1786466134.87d4.native_apps.test_set_rule_setvariable_from_device_and_math.57.json","size":"1110","lastModified":"1786467811388"},{"name":"mcp-op-result-e2e.1786466134.87d4.native_apps.test_set_rule_trigger_mutations.31.json","directDownload":"http://<HUB_IP>/local/mcp-op-result-e2e.1786466134.87d4.native_apps.test_set_rule_trigger_mutations.31.json","size":"1071","lastModified":"1786467059804"},{"name":"mcp-op-result-e2e.1786475850.57ef.native_apps.test_button_rule_create_via_controller.19.json","directDownload":"http://<HUB_IP>/local/mcp-op-result-e2e.1786475850.57ef.native_apps.test_button_rule_create_via_controller.19.json","size":"1144","lastModified":"1786476537292"},{"name":"mcp-op-result-e2e.1786475850.57ef.native_apps.test_set_rule_modifyaction_retarget.6.json","directDownload":"http://<HUB_IP>/local/mcp-op-result-e2e.1786475850.57ef.native_apps.test_set_rule_modifyaction_retarget.6.json","size":"1051","lastModified":"1786476164576"},{"name":"mcp-op-result-e2e.1786475850.57ef.native_apps.test_set_rule_replace_required_expression.54.json","directDownload":"http://<HUB_IP>/local/mcp-op-result-e2e.1786475850.57ef.native_apps.test_set_rule_replace_required_expression.54.json","size":"1114","lastModified":"1786477340892"},{"name":"mcp-op-result-e2e.1786475850.57ef.native_apps.test_set_rule_required_expression_multi_condition.65.json","directDownload":"http://<HUB_IP>/local/mcp-op-result-e2e.1786475850.57ef.native_apps.test_set_rule_required_expression_multi_condition.65.json","size":"1227","lastModified":"1786477612604"},{"name":"mcp-op-result-e2e.1786475850.57ef.native_apps.test_set_rule_self_gateway_envelope_edit.2.json","directDownload":"http://<HUB_IP>/local/mcp-op-result-e2e.1786475850.57ef.native_apps.test_set_rule_self_gateway_envelope_edit.2.json","size":"1485","lastModified":"1786475872652"},{"name":"mcp-op-result-e2e.1786475850.57ef.native_apps.test_set_rule_trigger_mutations.31.json","directDownload":"http://<HUB_IP>/local/mcp-op-result-e2e.1786475850.57ef.native_apps.test_set_rule_trigger_mutations.31.json","size":"1071","lastModified":"1786476781048"},{"name":"mcp-op-result-e2e.1786475850.57ef.native_apps.test_set_rule_waitevents_on_offset_action_slot.13.json","directDownload":"http://<HUB_IP>/local/mcp-op-result-e2e.1786475850.57ef.native_apps.test_set_rule_waitevents_on_offset_action_slot.13.json","size":"1157","lastModified":"1786476418080"},{"name":"mcp-op-result-e2e.1786480819.5295.native_apps.test_button_rule_create_via_controller.23.json","directDownload":"http://<HUB_IP>/local/mcp-op-result-e2e.1786480819.5295.native_apps.test_button_rule_create_via_controller.23.json","size":"1144","lastModified":"1786481624604"},{"name":"mcp-op-result-e2e.1786480819.5295.native_apps.test_set_rule_enum_doactpage.88.json","directDownload":"http://<HUB_IP>/local/mcp-op-result-e2e.1786480819.5295.native_apps.test_set_rule_enum_doactpage.88.json","size":"1040","lastModified":"1786483068892"},{"name":"mcp-op-result-e2e.1786480819.5295.native_apps.test_set_rule_modifyaction_retarget.6.json","directDownload":"http://<HUB_IP>/local/mcp-op-result-e2e.1786480819.5295.native_apps.test_set_rule_modifyaction_retarget.6.json","size":"1051","lastModified":"1786481126768"},{"name":"mcp-op-result-e2e.1786480819.5295.native_apps.test_set_rule_move_action.81.json","directDownload":"http://<HUB_IP>/local/mcp-op-result-e2e.1786480819.5295.native_apps.test_set_rule_move_action.81.json","size":"1049","lastModified":"1786482941096"},{"name":"mcp-op-result-e2e.1786480819.5295.native_apps.test_set_rule_required_expression_and_local_var.44.json","directDownload":"http://<HUB_IP>/local/mcp-op-result-e2e.1786480819.5295.native_apps.test_set_rule_required_expression_and_local_var.44.json","size":"1086","lastModified":"1786481993604"},{"name":"mcp-op-result-e2e.1786480819.5295.native_apps.test_set_rule_required_expression_and_local_var.45.json","directDownload":"http://<HUB_IP>/local/mcp-op-result-e2e.1786480819.5295.native_apps.test_set_rule_required_expression_and_local_var.45.json","size":"1049","lastModified":"1786482006584"},{"name":"mcp-op-result-e2e.1786480819.5295.native_apps.test_set_rule_self_gateway_envelope_edit.2.json","directDownload":"http://<HUB_IP>/local/mcp-op-result-e2e.1786480819.5295.native_apps.test_set_rule_self_gateway_envelope_edit.2.json","size":"1485","lastModified":"1786480842820"},{"name":"mcp-op-result-e2e.1786480819.5295.native_apps.test_set_rule_setvariable_from_device_and_math.61.json","directDownload":"http://<HUB_IP>/local/mcp-op-result-e2e.1786480819.5295.native_apps.test_set_rule_setvariable_from_device_and_math.61.json","size":"1110","lastModified":"1786482553640"},{"name":"mcp-op-result-e2e.1786480819.5295.native_apps.test_set_rule_setvariable_from_device_and_math.62.json","directDownload":"http://<HUB_IP>/local/mcp-op-result-e2e.1786480819.5295.native_apps.test_set_rule_setvariable_from_device_and_math.62.json","size":"1128","lastModified":"1786482578704"},{"name":"mcp-op-result-e2e.1786480819.5295.native_apps.test_set_rule_trigger_mutations.35.json","directDownload":"http://<HUB_IP>/local/mcp-op-result-e2e.1786480819.5295.native_apps.test_set_rule_trigger_mutations.35.json","size":"1071","lastModified":"1786481865660"},{"name":"mcp-op-result-e2e.1786480819.5295.native_apps.test_set_rule_walker_compare_to_device.70.json","directDownload":"http://<HUB_IP>/local/mcp-op-result-e2e.1786480819.5295.native_apps.test_set_rule_walker_compare_to_device.70.json","size":"1122","lastModified":"1786482726860"},{"name":"mcp-op-result-e2e.1786498134.1127.native_apps.test_button_rule_create_via_controller.19.json","directDownload":"http://<HUB_IP>/local/mcp-op-result-e2e.1786498134.1127.native_apps.test_button_rule_create_via_controller.19.json","size":"1144","lastModified":"1786498825016"},{"name":"mcp-op-result-e2e.1786498134.1127.native_apps.test_set_rule_enum_doactpage.84.json","directDownload":"http://<HUB_IP>/local/mcp-op-result-e2e.1786498134.1127.native_apps.test_set_rule_enum_doactpage.84.json","size":"1699","lastModified":"1786500364340"},{"name":"mcp-op-result-e2e.1786498134.1127.native_apps.test_set_rule_failloud_wrong_trigger_shape.4.json","directDownload":"http://<HUB_IP>/local/mcp-op-result-e2e.1786498134.1127.native_apps.test_set_rule_failloud_wrong_trigger_shape.4.json","size":"1075","lastModified":"1786498350524"},{"name":"mcp-op-result-e2e.1786498134.1127.native_apps.test_set_rule_modifyaction_retarget.6.json","directDownload":"http://<HUB_IP>/local/mcp-op-result-e2e.1786498134.1127.native_apps.test_set_rule_modifyaction_retarget.6.json","size":"1051","lastModified":"1786498445916"},{"name":"mcp-op-result-e2e.1786498134.1127.native_apps.test_set_rule_move_action.78.json","directDownload":"http://<HUB_IP>/local/mcp-op-result-e2e.1786498134.1127.native_apps.test_set_rule_move_action.78.json","size":"1049","lastModified":"1786500249668"},{"name":"mcp-op-result-e2e.1786498134.1127.native_apps.test_set_rule_required_expression_and_local_var.41.json","directDownload":"http://<HUB_IP>/local/mcp-op-result-e2e.1786498134.1127.native_apps.test_set_rule_required_expression_and_local_var.41.json","size":"1086","lastModified":"1786499294360"},{"name":"mcp-op-result-e2e.1786498134.1127.native_apps.test_set_rule_required_expression_and_local_var.42.json","directDownload":"http://<HUB_IP>/local/mcp-op-result-e2e.1786498134.1127.native_apps.test_set_rule_required_expression_and_local_var.42.json","size":"1049","lastModified":"1786499307680"},{"name":"mcp-op-result-e2e.1786498134.1127.native_apps.test_set_rule_self_gateway_envelope_edit.2.json","directDownload":"http://<HUB_IP>/local/mcp-op-result-e2e.1786498134.1127.native_apps.test_set_rule_self_gateway_envelope_edit.2.json","size":"1485","lastModified":"1786498157960"},{"name":"mcp-op-result-e2e.1786498134.1127.native_apps.test_set_rule_setvariable_from_device_and_math.58.json","directDownload":"http://<HUB_IP>/local/mcp-op-result-e2e.1786498134.1127.native_apps.test_set_rule_setvariable_from_device_and_math.58.json","size":"1110","lastModified":"1786499857512"},{"name":"mcp-op-result-e2e.1786498134.1127.native_apps.test_set_rule_trigger_mutations.31.json","directDownload":"http://<HUB_IP>/local/mcp-op-result-e2e.1786498134.1127.native_apps.test_set_rule_trigger_mutations.31.json","size":"1071","lastModified":"1786499073152"},{"name":"mcp-op-result-e2e.1786498134.1127.native_apps.test_set_rule_waitevents_on_offset_action_slot.13.json","directDownload":"http://<HUB_IP>/local/mcp-op-result-e2e.1786498134.1127.native_apps.test_set_rule_waitevents_on_offset_action_slot.13.json","size":"1098","lastModified":"1786498705032"},{"name":"mcp-op-result-e2e.1786521589.f5e1.native_apps.test_set_rule_enum_doactpage.84.json","directDownload":"http://<HUB_IP>/local/mcp-op-result-e2e.1786521589.f5e1.native_apps.test_set_rule_enum_doactpage.84.json","size":"1699","lastModified":"1786523676232"},{"name":"mcp-op-result-e2e.1786521589.f5e1.native_apps.test_set_rule_modifyaction_retarget.7.json","directDownload":"http://<HUB_IP>/local/mcp-op-result-e2e.1786521589.f5e1.native_apps.test_set_rule_modifyaction_retarget.7.json","size":"2333","lastModified":"1786521913312"},{"name":"mcp-op-result-e2e.1786536614.d932.native_apps.test_set_rule_enum_doactpage.82.json","directDownload":"http://<HUB_IP>/local/mcp-op-result-e2e.1786536614.d932.native_apps.test_set_rule_enum_doactpage.82.json","size":"1699","lastModified":"1786538801664"},{"name":"mcp-op-result-e2e.1786548478.4338.native_apps.test_set_rule_enum_doactpage.91.json","directDownload":"http://<HUB_IP>/local/mcp-op-result-e2e.1786548478.4338.native_apps.test_set_rule_enum_doactpage.91.json","size":"1699","lastModified":"1786550865424"},{"name":"mcp-op-result-e2e.1786548478.4338.native_apps.test_set_rule_modifyaction_retarget.11.json","directDownload":"http://<HUB_IP>/local/mcp-op-result-e2e.1786548478.4338.native_apps.test_set_rule_modifyaction_retarget.11.json","size":"2333","lastModified":"1786549005224"},{"name":"mcp-performance-history.csv","directDownload":"http://<HUB_IP>/local/mcp-performance-history.csv","size":"9283","lastModified":"1779852905384"},{"name":"mcp-prerestore-app-1539.groovy","directDownload":"http://<HUB_IP>/local/mcp-prerestore-app-1539.groovy","size":"801","lastModified":"1789279881376"},{"name":"mcp-self-admin-lib.groovy","directDownload":"http://<HUB_IP>/local/mcp-self-admin-lib.groovy","size":"56402","lastModified":"1782419560516"},{"name":"mcp-source-app-178.groovy","directDownload":"http://<HUB_IP>/local/mcp-source-app-178.groovy","size":"401858","lastModified":"1782387822600"},{"name":"mcp-source-app-179.groovy","directDownload":"http://<HUB_IP>/local/mcp-source-app-179.groovy","size":"179169","lastModified":"1781284834604"},{"name":"mcp-source-app-254.groovy","directDownload":"http://<HUB_IP>/local/mcp-source-app-254.groovy","size":"155671","lastModified":"1788433967416"},{"name":"mcp-source-library-119.groovy","directDownload":"http://<HUB_IP>/local/mcp-source-library-119.groovy","size":"453","lastModified":"1781284832524"},{"name":"mcp-source-library-139.groovy","directDownload":"http://<HUB_IP>/local/mcp-source-library-139.groovy","size":"28384","lastModified":"1780868260016"},{"name":"mcp-source-library-145.groovy","directDownload":"http://<HUB_IP>/local/mcp-source-library-145.groovy","size":"19520","lastModified":"1780868261240"},{"name":"mcp-source-library-163.groovy","directDownload":"http://<HUB_IP>/local/mcp-source-library-163.groovy","size":"19520","lastModified":"1781284831396"},{"name":"mcp-source-library-164.groovy","directDownload":"http://<HUB_IP>/local/mcp-source-library-164.groovy","size":"28384","lastModified":"1781284829952"},{"name":"mcp-source-library-239.groovy","directDownload":"http://<HUB_IP>/local/mcp-source-library-239.groovy","size":"43619","lastModified":"1781284833788"},{"name":"mcp-variables-lib.groovy","directDownload":"http://<HUB_IP>/local/mcp-variables-lib.groovy","size":"60873","lastModified":"1781572981380"},{"name":"mcp_rule_backup_BAT_E2E_VAR_CONSUMER_20260503-233159.json","directDownload":"http://<HUB_IP>/local/mcp_rule_backup_BAT_E2E_VAR_CONSUMER_20260503-233159.json","size":"972","lastModified":"1777872719428"},{"name":"memory-monitor-reboot.groovy","directDownload":"http://<HUB_IP>/local/memory-monitor-reboot.groovy","size":"36775","lastModified":"1777994013216"},{"name":"probe-library.groovy","directDownload":"http://<HUB_IP>/local/probe-library.groovy","size":"158","lastModified":"1778272663432"},{"name":"v1_drv1_named.groovy","directDownload":"http://<HUB_IP>/local/v1_drv1_named.groovy","size":"2852","lastModified":"1778263970944"},{"name":"v1_drv2_named.groovy","directDownload":"http://<HUB_IP>/local/v1_drv2_named.groovy","size":"2852","lastModified":"1778263971052"},{"name":"v1_drv3_named.groovy","directDownload":"http://<HUB_IP>/local/v1_drv3_named.groovy","size":"2852","lastModified":"1778263971208"},{"name":"webcore","directDownload":"http://<HUB_IP>/local/webcore","size":"0"}],"total":143,"storage":"Files are stored locally on the hub's file system. Access via http://<HUB_IP>/local/<filename> or Hubitat > Settings > File Manager."}
e2e (run)	Post-run hub status probe	2026-09-13T06:30:30.7592587Z 
e2e (run)	Post-run hub status probe	2026-09-13T06:30:30.7592856Z === hub_list_files filter=mcp-rm-backup (per-rule snapshots) ===
e2e (run)	Post-run hub status probe	2026-09-13T06:30:31.3715315Z {"files":[],"total":0,"storage":"Files are stored locally on the hub's file system. Access via http://<HUB_IP>/local/<filename> or Hubitat > Settings > File Manager."}
e2e (run)	Post-run hub status probe	2026-09-13T06:30:31.3716107Z 
e2e (run)	Post-run hub status probe	2026-09-13T06:30:31.3745985Z === location events (lowMemory / systemStart / mode / HSM, last 24h) ===
e2e (run)	Post-run hub status probe	2026-09-13T06:30:32.9155361Z {"source":"location","attributeFilter":null,"events":[{"name":"variable:BAT_E2E_LegacyVar_34740627451_1","value":"legacy-era-v1","unit":null,"description":"Variable 'BAT_E2E_LegacyVar_34740627451_1' set to legacy-era-v1","date":"2026-09-13T00:18:43.316-0600","type":"HUB_VARIABLE_SET","isStateChange":true},{"name":"variable:BAT_E2E_BPS_SelfDisable","value":"v1","unit":null,"description":"Variable 'BAT_E2E_BPS_SelfDisable' set to v1","date":"2026-09-13T00:17:30.553-0600","type":"HUB_VARIABLE_SET","isStateChange":true},{"name":"variable:BAT_E2E_BPS_Off","value":"v1","unit":null,"description":"Variable 'BAT_E2E_BPS_Off' set to v1","date":"2026-09-13T00:17:22.744-0600","type":"HUB_VARIABLE_SET","isStateChange":true},{"name":"variable:BAT_E2E_BPS_Unlock","value":"v1","unit":null,"description":"Variable 'BAT_E2E_BPS_Unlock' set to v1","date":"2026-09-13T00:17:01.085-0600","type":"HUB_VARIABLE_SET","isStateChange":true},{"name":"variable:BAT_E2E_WriteCap_3_34740627451_1","value":"held","unit":null,"description":"Variable 'BAT_E2E_WriteCap_3_34740627451_1' set to held","date":"2026-09-13T00:15:32.101-0600","type":"HUB_VARIABLE_SET","isStateChange":true},{"name":"variable:BAT_E2E_WriteCap_2_34740627451_1","value":"held","unit":null,"description":"Variable 'BAT_E2E_WriteCap_2_34740627451_1' set to held","date":"2026-09-13T00:15:31.199-0600","type":"HUB_VARIABLE_SET","isStateChange":true},{"name":"variable:BAT_E2E_WriteCap_1_34740627451_1","value":"held","unit":null,"description":"Variable 'BAT_E2E_WriteCap_1_34740627451_1' set to held","date":"2026-09-13T00:15:30.327-0600","type":"HUB_VARIABLE_SET","isStateChange":true},{"name":"variable:BAT_E2E_WriteCap_0_34740627451_1","value":"held","unit":null,"description":"Variable 'BAT_E2E_WriteCap_0_34740627451_1' set to held","date":"2026-09-13T00:15:29.427-0600","type":"HUB_VARIABLE_SET","isStateChange":true},{"name":"sunriseSunsetUpdated","value":"","unit":null,"description":null,"date":"2026-09-13T00:13:58.438-0600","type":"API","isStateChange":true},{"name":"mode","value":"Evening","unit":null,"description":"hubitat-test is now in Evening mode","date":"2026-09-13T00:13:39.402-0600","type":"LOCATION_MODE_CHANGE","isStateChange":true},{"name":"mode","value":"BAT_E2E_Mode3","unit":null,"description":"hubitat-test is now in BAT_E2E_Mode3 mode","date":"2026-09-13T00:13:37.133-0600","type":"LOCATION_MODE_CHANGE","isStateChange":true},{"name":"variable:BAT_E2E_BulkVar_C","value":"true","unit":null,"description":"Variable 'BAT_E2E_BulkVar_C' set to true","date":"2026-09-13T00:12:45.569-0600","type":"HUB_VARIABLE_SET","isStateChange":true},{"name":"variable:BAT_E2E_BulkVar_B","value":"two","unit":null,"description":"Variable 'BAT_E2E_BulkVar_B' set to two","date":"2026-09-13T00:12:44.678-0600","type":"HUB_VARIABLE_SET","isStateChange":true},{"name":"variable:BAT_E2E_BulkVar_A","value":"1","unit":null,"description":"Variable 'BAT_E2E_BulkVar_A' set to 1","date":"2026-09-13T00:12:43.817-0600","type":"HUB_VARIABLE_SET","isStateChange":true},{"name":"variable:BAT_E2E_HubVar_RT","value":"round-trip-v1","unit":null,"description":"Variable 'BAT_E2E_HubVar_RT' set to round-trip-v1","date":"2026-09-13T00:12:38.047-0600","type":"HUB_VARIABLE_SET","isStateChange":true},{"name":"variable:BAT_E2E_sv_bool","value":"false","unit":null,"description":"Variable 'BAT_E2E_sv_bool' set to false","date":"2026-09-13T00:06:07.306-0600","type":"HUB_VARIABLE_SET","isStateChange":true},{"name":"variable:BAT_E2E_sv_str","value":"init","unit":null,"description":"Variable 'BAT_E2E_sv_str' set to init","date":"2026-09-13T00:06:06.268-0600","type":"HUB_VARIABLE_SET","isStateChange":true},{"name":"variable:BAT_E2E_sv_modes","value":"0","unit":null,"description":"Variable 'BAT_E2E_sv_modes' set to 0","date":"2026-09-13T00:06:05.210-0600","type":"HUB_VARIABLE_SET","isStateChange":true},{"name":"variable:BAT_E2E_contains_msg","value":"init","unit":null,"description":"Variable 'BAT_E2E_contains_msg' set to init","date":"2026-09-13T00:04:59.731-0600","type":"HUB_VARIABLE_SET","isStateChange":true},{"name":"sunriseSunsetUpdated","value":"","unit":null,"description":null,"date":"2026-09-13T00:02:00.413-0600","type":"API","isStateChange":true},{"name":"manualReboot","value":"","unit":null,"description":"","date":"2026-09-13T00:00:03.200-0600","type":"SYSTEM","isStateChange":true},{"name":"sunriseSunsetUpdated","value":"","unit":null,"description":null,"date":"2026-09-13T00:00:00.342-0600","type":"API","isStateChange":true},{"name":"ruleMachineV","value":"pauseRule","unit":null,"description":null,"date":"2026-09-12T23:55:14.298-0600","type":null,"isStateChange":true},{"name":"ruleMachineV","value":"resumeRule","unit":null,"description":null,"date":"2026-09-12T23:53:52.128-0600","type":null,"isStateChange":true},{"name":"ruleMachineV","value":"pauseRule","unit":null,"description":null,"date":"2026-09-12T23:53:49.868-0600","type":null,"isStateChange":true},{"name":"variable:BAT_E2E_sv_bool","value":"false","unit":null,"description":"Variable 'BAT_E2E_sv_bool' set to false","date":"2026-09-12T23:31:01.460-0600","type":"HUB_VARIABLE_SET","isStateChange":true},{"name":"variable:BAT_E2E_sv_str","value":"init","unit":null,"description":"Variable 'BAT_E2E_sv_str' set to init","date":"2026-09-12T23:31:00.570-0600","type":"HUB_VARIABLE_SET","isStateChange":true},{"name":"variable:BAT_E2E_sv_modes","value":"0","unit":null,"description":"Variable 'BAT_E2E_sv_modes' set to 0","date":"2026-09-12T23:30:59.701-0600","type":"HUB_VARIABLE_SET","isStateChange":true},{"name":"variable:BAT_E2E_contains_msg","value":"init","unit":null,"description":"Variable 'BAT_E2E_contains_msg' set to init","date":"2026-09-12T23:29:58.409-0600","type":"HUB_VARIABLE_SET","isStateChange":true},{"name":"ruleMachineV","value":"pauseRule","unit":null,"description":null,"date":"2026-09-12T23:23:11.319-0600","type":null,"isStateChange":true},{"name":"ruleMachineV","value":"resumeRule","unit":null,"description":null,"date":"2026-09-12T23:21:50.649-0600","type":null,"isStateChange":true},{"name":"ruleMachineV","value":"pauseRule","unit":null,"description":null,"date":"2026-09-12T23:21:48.509-0600","type":null,"isStateChange":true},{"name":"sunriseSunsetUpdated","value":"","unit":null,"description":null,"date":"2026-09-12T23:00:00.275-0600","type":"API","isStateChange":true},{"name":"variable:BAT_E2E_LegacyVar_34736645595_1","value":"legacy-era-v1","unit":null,"description":"Variable 'BAT_E2E_LegacyVar_34736645595_1' set to legacy-era-v1","date":"2026-09-12T22:32:52.373-0600","type":"HUB_VARIABLE_SET","isStateChange":true},{"name":"variable:BAT_E2E_BPS_SelfDisable","value":"v1","unit":null,"description":"Variable 'BAT_E2E_BPS_SelfDisable' set to v1","date":"2026-09-12T22:31:25.366-0600","type":"HUB_VARIABLE_SET","isStateChange":true},{"name":"variable:BAT_E2E_BPS_Off","value":"v1","unit":null,"description":"Variable 'BAT_E2E_BPS_Off' set to v1","date":"2026-09-12T22:31:16.679-0600","type":"HUB_VARIABLE_SET","isStateChange":true},{"name":"variable:BAT_E2E_BPS_Unlock","value":"v1","unit":null,"description":"Variable 'BAT_E2E_BPS_Unlock' set to v1","date":"2026-09-12T22:30:56.034-0600","type":"HUB_VARIABLE_SET","isStateChange":true},{"name":"variable:BAT_E2E_WriteCap_3_34736645595_1","value":"held","unit":null,"description":"Variable 'BAT_E2E_WriteCap_3_34736645595_1' set to held","date":"2026-09-12T22:29:18.408-0600","type":"HUB_VARIABLE_SET","isStateChange":true},{"name":"variable:BAT_E2E_WriteCap_2_34736645595_1","value":"held","unit":null,"description":"Variable 'BAT_E2E_WriteCap_2_34736645595_1' set to held","date":"2026-09-12T22:29:17.618-0600","type":"HUB_VARIABLE_SET","isStateChange":true},{"name":"variable:BAT_E2E_WriteCap_1_34736645595_1","value":"held","unit":null,"description":"Variable 'BAT_E2E_WriteCap_1_34736645595_1' set to held","date":"2026-09-12T22:29:16.926-0600","type":"HUB_VARIABLE_SET","isStateChange":true},{"name":"variable:BAT_E2E_WriteCap_0_34736645595_1","value":"held","unit":null,"description":"Variable 'BAT_E2E_WriteCap_0_34736645595_1' set to held","date":"2026-09-12T22:29:16.192-0600","type":"HUB_VARIABLE_SET","isStateChange":true},{"name":"sunriseSunsetUpdated","value":"","unit":null,"description":null,"date":"2026-09-12T22:27:50.317-0600","type":"API","isStateChange":true},{"name":"mode","value":"Evening","unit":null,"description":"hubitat-test is now in Evening mode","date":"2026-09-12T22:27:30.864-0600","type":"LOCATION_MODE_CHANGE","isStateChange":true},{"name":"mode","value":"BAT_E2E_Mode3","unit":null,"description":"hubitat-test is now in BAT_E2E_Mode3 mode","date":"2026-09-12T22:27:28.278-0600","type":"LOCATION_MODE_CHANGE","isStateChange":true},{"name":"variable:BAT_E2E_BulkVar_C","value":"true","unit":null,"description":"Variable 'BAT_E2E_BulkVar_C' set to true","date":"2026-09-12T22:26:42.553-0600","type":"HUB_VARIABLE_SET","isStateChange":true},{"name":"variable:BAT_E2E_BulkVar_B","value":"two","unit":null,"description":"Variable 'BAT_E2E_BulkVar_B' set to two","date":"2026-09-12T22:26:41.713-0600","type":"HUB_VARIABLE_SET","isStateChange":true},{"name":"variable:BAT_E2E_BulkVar_A","value":"1","unit":null,"description":"Variable 'BAT_E2E_BulkVar_A' set to 1","date":"2026-09-12T22:26:40.861-0600","type":"HUB_VARIABLE_SET","isStateChange":true},{"name":"variable:BAT_E2E_HubVar_RT","value":"round-trip-v1","unit":null,"description":"Variable 'BAT_E2E_HubVar_RT' set to round-trip-v1","date":"2026-09-12T22:26:34.804-0600","type":"HUB_VARIABLE_SET","isStateChange":true},{"name":"variable:BAT_E2E_sv_bool","value":"false","unit":null,"description":"Variable 'BAT_E2E_sv_bool' set to false","date":"2026-09-12T22:20:06.027-0600","type":"HUB_VARIABLE_SET","isStateChange":true},{"name":"variable:BAT_E2E_sv_str","value":"init","unit":null,"description":"Variable 'BAT_E2E_sv_str' set to init","date":"2026-09-12T22:20:05.108-0600","type":"HUB_VARIABLE_SET","isStateChange":true}],"count":50,"sinceMode":"relative","sinceTimestamp":"2026-09-12T00:30:32.638-0600","hoursBack":24}
e2e (run)	Post-run hub status probe	2026-09-13T06:30:32.9187182Z 
e2e (run)	Post-run hub status probe	2026-09-13T06:30:32.9187482Z ######## BAT_E2E_ device deep-dive (events + subscribers) ########
e2e (run)	Post-run hub status probe	2026-09-13T06:30:32.9188167Z === events for BAT_E2E_KEEP_Action_Shade (3952) ===
e2e (run)	Post-run hub status probe	2026-09-13T06:30:33.3700075Z {"device":"BAT_E2E_KEEP_Action_Shade","events":[],"count":0}
e2e (run)	Post-run hub status probe	2026-09-13T06:30:33.3700605Z 
e2e (run)	Post-run hub status probe	2026-09-13T06:30:33.3730816Z === apps subscribed to BAT_E2E_KEEP_Action_Shade (3952) ===
e2e (run)	Post-run hub status probe	2026-09-13T06:30:33.8129871Z {"deviceId":"3952","deviceName":"BAT_E2E_KEEP_Action_Shade","appsUsing":[],"count":0,"parentApp":{"appType":{"DEPRECATED":"dep","SYSTEM":"sys","USER":"usr","appSettings":null,"author":"kingpanther13","bundled":false,"category":"Automation","classLocation":null,"createTime":"2026-05-03T03:04:27+0000","deprecated":false,"description":"MCP Server with Custom Rule Engine for Hubitat","doNotAutoFocus":false,"documentationLink":null,"encryptedPassword":"","firmwareVersion":null,"hidden":false,"iconUrl":"","iconX2Url":"","iconX3Url":"","id":178,"installOnOpen":false,"menu":"Apps","mustCommitUi":false,"name":"MCP Rule Server","namespace":"mcp","oauthClientId":"350e273a-23d1-4386-a5e6-b07f60dc1d21","oauthClientSecret":"ab14e5b3-fe50-4d1c-85f1-6c5656a6d96e","oauthDisplayLink":"","oauthDisplayName":"MCP Rule Server","oauthRedirectUri":null,"parentAppId":null,"private":false,"setting":false,"showAppTitle":true,"singleInstance":true,"singleInstanceInstalledId":38,"singleThreaded":false,"source":"","sourcePassword":"","sourceUrl":null,"system":false,"type":"usr","updateTime":"2026-09-13T06:28:05+0000","useBrowserTaskQueue":false,"user":true,"version":2072,"videoLink":null},"appTypeId":178,"cleanLabelForDAO":null,"disabled":false,"documentationLink":null,"id":38,"installed":true,"label":"MCP Rule Server","name":"MCP Rule Server","parentAppId":null,"restrictedModes":[],"singleThreaded":false,"systemAppType":false,"trueLabel":null,"uiContext":false,"uiTransactionInProgress":false,"version":1}}
e2e (run)	Post-run hub status probe	2026-09-13T06:30:33.8135953Z 
e2e (run)	Post-run hub status probe	2026-09-13T06:30:33.8156879Z === events for BAT_E2E_KEEP_Action_Switch (2349) ===
e2e (run)	Post-run hub status probe	2026-09-13T06:30:34.3839456Z {"device":"BAT_E2E_KEEP_Action_Switch","events":[{"name":"switch","value":"off","unit":null,"description":"BAT_E2E_KEEP_Action_Switch was turned off","date":"2026-09-12T23:40:29.165-0600","isStateChange":true},{"name":"switch","value":"on","unit":null,"description":"BAT_E2E_KEEP_Action_Switch was turned on","date":"2026-09-12T23:08:24.965-0600","isStateChange":true},{"name":"switch","value":"off","unit":null,"description":"BAT_E2E_KEEP_Action_Switch was turned off","date":"2026-09-12T22:32:10.387-0600","isStateChange":true},{"name":"switch","value":"on","unit":null,"description":"BAT_E2E_KEEP_Action_Switch was turned on","date":"2026-09-12T21:56:17.691-0600","isStateChange":true},{"name":"switch","value":"off","unit":null,"description":"BAT_E2E_KEEP_Action_Switch was turned off","date":"2026-09-12T21:23:35.860-0600","isStateChange":true},{"name":"switch","value":"on","unit":null,"description":"BAT_E2E_KEEP_Action_Switch was turned on","date":"2026-09-12T20:50:02.253-0600","isStateChange":true},{"name":"switch","value":"off","unit":null,"description":"BAT_E2E_KEEP_Action_Switch was turned off","date":"2026-09-12T19:54:47.317-0600","isStateChange":true},{"name":"switch","value":"on","unit":null,"description":"BAT_E2E_KEEP_Action_Switch was turned on","date":"2026-09-12T19:20:56.160-0600","isStateChange":true},{"name":"switch","value":"off","unit":null,"description":"BAT_E2E_KEEP_Action_Switch was turned off","date":"2026-09-12T18:31:14.437-0600","isStateChange":true},{"name":"switch","value":"on","unit":null,"description":"BAT_E2E_KEEP_Action_Switch was turned on","date":"2026-09-12T17:56:43.645-0600","isStateChange":true}],"count":10}
e2e (run)	Post-run hub status probe	2026-09-13T06:30:34.3845761Z 
e2e (run)	Post-run hub status probe	2026-09-13T06:30:34.3866075Z === apps subscribed to BAT_E2E_KEEP_Action_Switch (2349) ===
e2e (run)	Post-run hub status probe	2026-09-13T06:30:34.7708079Z {"deviceId":"2349","deviceName":"BAT_E2E_KEEP_Action_Switch","appsUsing":[],"count":0,"parentApp":{"appType":{"DEPRECATED":"dep","SYSTEM":"sys","USER":"usr","appSettings":null,"author":"kingpanther13","bundled":false,"category":"Automation","classLocation":null,"createTime":"2026-05-03T03:04:27+0000","deprecated":false,"description":"MCP Server with Custom Rule Engine for Hubitat","doNotAutoFocus":false,"documentationLink":null,"encryptedPassword":"","firmwareVersion":null,"hidden":false,"iconUrl":"","iconX2Url":"","iconX3Url":"","id":178,"installOnOpen":false,"menu":"Apps","mustCommitUi":false,"name":"MCP Rule Server","namespace":"mcp","oauthClientId":"350e273a-23d1-4386-a5e6-b07f60dc1d21","oauthClientSecret":"ab14e5b3-fe50-4d1c-85f1-6c5656a6d96e","oauthDisplayLink":"","oauthDisplayName":"MCP Rule Server","oauthRedirectUri":null,"parentAppId":null,"private":false,"setting":false,"showAppTitle":true,"singleInstance":true,"singleInstanceInstalledId":38,"singleThreaded":false,"source":"","sourcePassword":"","sourceUrl":null,"system":false,"type":"usr","updateTime":"2026-09-13T06:28:05+0000","useBrowserTaskQueue":false,"user":true,"version":2072,"videoLink":null},"appTypeId":178,"cleanLabelForDAO":null,"disabled":false,"documentationLink":null,"id":38,"installed":true,"label":"MCP Rule Server","name":"MCP Rule Server","parentAppId":null,"restrictedModes":[],"singleThreaded":false,"systemAppType":false,"trueLabel":null,"uiContext":false,"uiTransactionInProgress":false,"version":1}}
e2e (run)	Post-run hub status probe	2026-09-13T06:30:34.7713870Z 
e2e (run)	Post-run hub status probe	2026-09-13T06:30:34.7735923Z === events for BAT_E2E_KEEP_Action_Switch (3945) ===
e2e (run)	Post-run hub status probe	2026-09-13T06:30:35.1718343Z {"device":"BAT_E2E_KEEP_Action_Switch","events":[],"count":0}
e2e (run)	Post-run hub status probe	2026-09-13T06:30:35.1719085Z 
e2e (run)	Post-run hub status probe	2026-09-13T06:30:35.1749862Z === apps subscribed to BAT_E2E_KEEP_Action_Switch (3945) ===
e2e (run)	Post-run hub status probe	2026-09-13T06:30:35.5170082Z {"deviceId":"3945","deviceName":"BAT_E2E_KEEP_Action_Switch","appsUsing":[],"count":0,"parentApp":{"appType":{"DEPRECATED":"dep","SYSTEM":"sys","USER":"usr","appSettings":null,"author":"kingpanther13","bundled":false,"category":"Automation","classLocation":null,"createTime":"2026-05-03T03:04:27+0000","deprecated":false,"description":"MCP Server with Custom Rule Engine for Hubitat","doNotAutoFocus":false,"documentationLink":null,"encryptedPassword":"","firmwareVersion":null,"hidden":false,"iconUrl":"","iconX2Url":"","iconX3Url":"","id":178,"installOnOpen":false,"menu":"Apps","mustCommitUi":false,"name":"MCP Rule Server","namespace":"mcp","oauthClientId":"350e273a-23d1-4386-a5e6-b07f60dc1d21","oauthClientSecret":"ab14e5b3-fe50-4d1c-85f1-6c5656a6d96e","oauthDisplayLink":"","oauthDisplayName":"MCP Rule Server","oauthRedirectUri":null,"parentAppId":null,"private":false,"setting":false,"showAppTitle":true,"singleInstance":true,"singleInstanceInstalledId":38,"singleThreaded":false,"source":"","sourcePassword":"","sourceUrl":null,"system":false,"type":"usr","updateTime":"2026-09-13T06:28:05+0000","useBrowserTaskQueue":false,"user":true,"version":2072,"videoLink":null},"appTypeId":178,"cleanLabelForDAO":null,"disabled":false,"documentationLink":null,"id":38,"installed":true,"label":"MCP Rule Server","name":"MCP Rule Server","parentAppId":null,"restrictedModes":[],"singleThreaded":false,"systemAppType":false,"trueLabel":null,"uiContext":false,"uiTransactionInProgress":false,"version":1}}
e2e (run)	Post-run hub status probe	2026-09-13T06:30:35.5175611Z 
e2e (run)	Post-run hub status probe	2026-09-13T06:30:35.5194016Z === events for BAT_E2E_KEEP_Configuration_Child (6858) ===
e2e (run)	Post-run hub status probe	2026-09-13T06:30:36.4382629Z {"device":"BAT_E2E_KEEP_Configuration_Child","events":[{"name":"lanProbeAck","value":"idle","unit":null,"description":null,"date":"2026-09-12T23:50:13.496-0600","isStateChange":true},{"name":"lanProbeAck","value":"1789278607389652182","unit":null,"description":null,"date":"2026-09-12T23:50:12.114-0600","isStateChange":true},{"name":"lanProbeAck","value":"pending","unit":null,"description":null,"date":"2026-09-12T23:50:11.855-0600","isStateChange":true},{"name":"nativeDeviceInfo","value":"{\"nonce\":\"1789278607389652182\",\"deviceId\":\"6858\",\"fixtureVersion\":2,\"largeReadProbePresent\":false,\"name\":\"E2E_PERM_Configuration\",\"label\":\"BAT_E2E_KEEP_Configuration_Child\",\"deviceNetworkId\":\"mcp-virtual-E2E-PERM-Configuration-Child\",\"deviceTypeId\":1609,\"notes\":\"\",\"maxEvents\":40,\"maxStates\":30,\"spammyThreshold\":300,\"tags\":\"\",\"defaultIcon\":\"\",\"showOnHome\":true,\"defaultCurrentState\":\"switch\",\"roomId\":0,\"roomName\":null,\"isComponent\":false,\"meshSelectionEnabled\":true,\"retryAvailable\":false,\"retryEnabled\":false,\"parentAppId\":38,\"parentDeviceId\":null,\"virtual\":false,\"controllerType\":\"\",\"zigbeeId\":null,\"linkedDevice\":false,\"meshEnabled\":false,\"meshFullSync\":true,\"enabled\":true,\"dataValues\":{\"configurationProbe\":\"original\",\"mcpDriverNamespace\":\"mcptest\"},\"hasDashboards\":\"true\",\"commandRetrySelectionEnabled\":false,\"hubMeshRefreshEnabled\":true,\"homeKitSelectionEnabled\":true,\"homeKitEnabled\":false,\"amazonAlexaInstalled\":false,\"amazonAlexaSupported\":null,\"amazonAlexaEnabled\":false,\"googleHomeInstalled\":false,\"googleHomeSupported\":null,\"googleHomeEnabled\":false,\"dashboardIds\":[]}","unit":null,"description":null,"date":"2026-09-12T23:50:09.851-0600","isStateChange":true},{"name":"nativeConfiguration","value":"{\"nonce\":\"1789278607389652182\",\"deviceId\":\"6858\",\"fixtureVersion\":2,\"settings\":[{\"name\":\"probeBool\",\"type\":\"bool\",\"multiple\":false,\"multiplePresent\":true,\"value\":\"false\",\"valuePresent\":true,\"storageId\":null,\"storageIdPresent\":true,\"storageDeviceId\":6858,\"storageDeviceIdPresent\":true,\"defaultValue\":\"true\"},{\"name\":\"probeNumber\",\"type\":\"number\",\"multiple\":false,\"multiplePresent\":true,\"value\":\"3\",\"valuePresent\":true,\"storageId\":null,\"storageIdPresent\":true,\"storageDeviceId\":6858,\"storageDeviceIdPresent\":true,\"defaultValue\":\"7\"},{\"name\":\"probeText\",\"type\":\"text\",\"multiple\":false,\"multiplePresent\":true,\"value\":\"original saved text\",\"valuePresent\":true,\"storageId\":null,\"storageIdPresent\":true,\"storageDeviceId\":6858,\"storageDeviceIdPresent\":true,\"defaultValue\":\"declaration default\"},{\"name\":\"probeEnum\",\"type\":\"enum\",\"multiple\":false,\"multiplePresent\":true,\"value\":\"eco\",\"valuePresent\":true,\"storageId\":null,\"storageIdPresent\":true,\"storageDeviceId\":6858,\"storageDeviceIdPresent\":true,\"defaultValue\":\"comfort\"},{\"name\":\"probeMultiple\",\"type\":\"enum\",\"multiple\":true,\"multiplePresent\":true,\"value\":\"[\\\"red\\\"]\",\"valuePresent\":true,\"storageId\":null,\"storageIdPresent\":true,\"storageDeviceId\":6858,\"storageDeviceIdPresent\":true,\"defaultValue\":null}],\"inputValues\":[{\"name\":\"probeBool\",\"inputValue\":\"false\"},{\"name\":\"probeNumber\",\"inputValue\":\"3\"},{\"name\":\"probeText\",\"inputValue\":\"original saved text\"},{\"name\":\"probeEnum\",\"inputValue\":\"eco\"},{\"name\":\"probeMultiple\",\"inputValue\":\"[\\\"red\\\"]\"}],\"runtimeMultiple\":[\"red\"],\"runtimeMultipleIsList\":true}","unit":null,"description":null,"date":"2026-09-12T23:50:09.849-0600","isStateChange":true},{"name":"nativeDeviceInfo","value":"{\"nonce\":\"1789278580262502936\",\"deviceId\":\"6860\",\"fixtureVersion\":2,\"enabled\":false}","unit":null,"description":null,"date":"2026-09-12T23:49:42.727-0600","isStateChange":true},{"name":"nativeDeviceInfo","value":"{\"nonce\":\"1789278501384484023\",\"deviceId\":\"6858\",\"fixtureVersion\":2,\"largeReadProbePresent\":false,\"name\":\"E2E_PERM_Configuration\",\"label\":\"BAT_E2E_KEEP_Configuration_Child\",\"deviceNetworkId\":\"mcp-virtual-E2E-PERM-Configuration-Child\",\"deviceTypeId\":1609,\"notes\":\"\",\"maxEvents\":40,\"maxStates\":30,\"spammyThreshold\":300,\"tags\":\"\",\"defaultIcon\":\"\",\"showOnHome\":true,\"defaultCurrentState\":\"switch\",\"roomId\":0,\"roomName\":null,\"isComponent\":false,\"meshSelectionEnabled\":true,\"retryAvailable\":false,\"retryEnabled\":false,\"parentAppId\":38,\"parentDeviceId\":null,\"virtual\":false,\"controllerType\":\"\",\"zigbeeId\":null,\"linkedDevice\":false,\"meshEnabled\":false,\"meshFullSync\":true,\"enabled\":true,\"dataValues\":{\"configurationProbe\":\"original\",\"mcpDriverNamespace\":\"mcptest\"},\"hasDashboards\":\"true\",\"commandRetrySelectionEnabled\":false,\"hubMeshRefreshEnabled\":true,\"homeKitSelectionEnabled\":true,\"homeKitEnabled\":false,\"amazonAlexaInstalled\":false,\"amazonAlexaSupported\":null,\"amazonAlexaEnabled\":false,\"googleHomeInstalled\":false,\"googleHomeSupported\":null,\"googleHomeEnabled\":false,\"dashboardIds\":[]}","unit":null,"description":null,"date":"2026-09-12T23:48:23.841-0600","isStateChange":true},{"name":"nativeConfiguration","value":"{\"nonce\":\"1789278501384484023\",\"deviceId\":\"6858\",\"fixtureVersion\":2,\"settings\":[{\"name\":\"probeBool\",\"type\":\"bool\",\"multiple\":false,\"multiplePresent\":true,\"value\":\"false\",\"valuePresent\":true,\"storageId\":null,\"storageIdPresent\":true,\"storageDeviceId\":6858,\"storageDeviceIdPresent\":true,\"defaultValue\":\"true\"},{\"name\":\"probeNumber\",\"type\":\"number\",\"multiple\":false,\"multiplePresent\":true,\"value\":\"3\",\"valuePresent\":true,\"storageId\":null,\"storageIdPresent\":true,\"storageDeviceId\":6858,\"storageDeviceIdPresent\":true,\"defaultValue\":\"7\"},{\"name\":\"probeText\",\"type\":\"text\",\"multiple\":false,\"multiplePresent\":true,\"value\":\"original saved text\",\"valuePresent\":true,\"storageId\":null,\"storageIdPresent\":true,\"storageDeviceId\":6858,\"storageDeviceIdPresent\":true,\"defaultValue\":\"declaration default\"},{\"name\":\"probeEnum\",\"type\":\"enum\",\"multiple\":false,\"multiplePresent\":true,\"value\":\"eco\",\"valuePresent\":true,\"storageId\":null,\"storageIdPresent\":true,\"storageDeviceId\":6858,\"storageDeviceIdPresent\":true,\"defaultValue\":\"comfort\"},{\"name\":\"probeMultiple\",\"type\":\"enum\",\"multiple\":true,\"multiplePresent\":true,\"value\":\"[\\\"red\\\"]\",\"valuePresent\":true,\"storageId\":null,\"storageIdPresent\":true,\"storageDeviceId\":6858,\"storageDeviceIdPresent\":true,\"defaultValue\":null}],\"inputValues\":[{\"name\":\"probeBool\",\"inputValue\":\"false\"},{\"name\":\"probeNumber\",\"inputValue\":\"3\"},{\"name\":\"probeText\",\"inputValue\":\"original saved text\"},{\"name\":\"probeEnum\",\"inputValue\":\"eco\"},{\"name\":\"probeMultiple\",\"inputValue\":\"[\\\"red\\\"]\"}],\"runtimeMultiple\":[\"red\"],\"runtimeMultipleIsList\":true}","unit":null,"description":null,"date":"2026-09-12T23:48:23.839-0600","isStateChange":true},{"name":"nativeDeviceInfo","value":"{\"nonce\":\"1789278476909733494\",\"deviceId\":\"6858\",\"fixtureVersion\":2,\"largeReadProbePresent\":false,\"name\":\"BAT_E2E_KEEP_Configuration_Child_name\",\"label\":\"BAT_E2E_KEEP_Configuration_Child_Changed\",\"deviceNetworkId\":\"BAT_E2E_KEEP_Configuration_Child_retarget\",\"deviceTypeId\":1610,\"notes\":\"Native persistence: caf\\u00e9 & + =\",\"maxEvents\":47,\"maxStates\":31,\"spammyThreshold\":321,\"tags\":\"configuration-probe\",\"defaultIcon\":\"he-switch_1\",\"showOnHome\":false,\"defaultCurrentState\":\"\",\"roomId\":1280,\"roomName\":\"BAT_E2E_KEEP_Room\",\"isComponent\":false,\"meshSelectionEnabled\":true,\"retryAvailable\":false,\"retryEnabled\":false,\"parentAppId\":38,\"parentDeviceId\":null,\"virtual\":false,\"controllerType\":\"\",\"zigbeeId\":null,\"linkedDevice\":false,\"meshEnabled\":true,\"meshFullSync\":true,\"enabled\":true,\"dataValues\":{\"configurationProbe\":\"changed\",\"mcpDriverNamespace\":\"mcptest\"},\"hasDashboards\":\"true\",\"commandRetrySelectionEnabled\":false,\"hubMeshRefreshEnabled\":true,\"homeKitSelectionEnabled\":true,\"homeKitEnabled\":true,\"amazonAlexaInstalled\":false,\"amazonAlexaSupported\":null,\"amazonAlexaEnabled\":false,\"googleHomeInstalled\":false,\"googleHomeSupported\":null,\"googleHomeEnabled\":false,\"dashboardIds\":[36461]}","unit":null,"description":null,"date":"2026-09-12T23:47:59.391-0600","isStateChange":true},{"name":"nativeConfiguration","value":"{\"nonce\":\"1789278476909733494\",\"deviceId\":\"6858\",\"fixtureVersion\":2,\"settings\":[{\"name\":\"probeBool\",\"type\":\"bool\",\"multiple\":false,\"multiplePresent\":true,\"value\":\"false\",\"valuePresent\":true,\"storageId\":18735,\"storageIdPresent\":true,\"storageDeviceId\":6858,\"storageDeviceIdPresent\":true,\"defaultValue\":\"true\"},{\"name\":\"probeNumber\",\"type\":\"number\",\"multiple\":false,\"multiplePresent\":true,\"value\":\"0\",\"valuePresent\":true,\"storageId\":18736,\"storageIdPresent\":true,\"storageDeviceId\":6858,\"storageDeviceIdPresent\":true,\"defaultValue\":\"7\"},{\"name\":\"probeText\",\"type\":\"text\",\"multiple\":false,\"multiplePresent\":true,\"value\":null,\"valuePresent\":true,\"storageId\":null,\"storageIdPresent\":true,\"storageDeviceId\":null,\"storageDeviceIdPresent\":true,\"defaultValue\":\"declaration default\"},{\"name\":\"probeEnum\",\"type\":\"enum\",\"multiple\":false,\"multiplePresent\":true,\"value\":\"comfort\",\"valuePresent\":true,\"storageId\":18738,\"storageIdPresent\":true,\"storageDeviceId\":6858,\"storageDeviceIdPresent\":true,\"defaultValue\":\"comfort\"},{\"name\":\"probeMultiple\",\"type\":\"enum\",\"multiple\":false,\"multiplePresent\":true,\"value\":null,\"valuePresent\":true,\"storageId\":null,\"storageIdPresent\":true,\"storageDeviceId\":null,\"storageDeviceIdPresent\":true,\"defaultValue\":null}],\"inputValues\":[{\"name\":\"probeBool\",\"inputValue\":\"false\"},{\"name\":\"probeNumber\",\"inputValue\":\"0\"},{\"name\":\"probeText\",\"inputValue\":\"declaration default\"},{\"name\":\"probeEnum\",\"inputValue\":\"comfort\"},{\"name\":\"probeMultiple\",\"inputValue\":\"\"}],\"runtimeMultiple\":null,\"runtimeMultipleIsList\":false}","unit":null,"description":null,"date":"2026-09-12T23:47:59.389-0600","isStateChange":true}],"count":10}
e2e (run)	Post-run hub status probe	2026-09-13T06:30:36.4417249Z 
e2e (run)	Post-run hub status probe	2026-09-13T06:30:36.4417513Z === apps subscribed to BAT_E2E_KEEP_Configuration_Child (6858) ===
e2e (run)	Post-run hub status probe	2026-09-13T06:30:36.8913845Z {"deviceId":"6858","deviceName":"BAT_E2E_KEEP_Configuration_Child","appsUsing":[],"count":0,"parentApp":{"appType":{"DEPRECATED":"dep","SYSTEM":"sys","USER":"usr","appSettings":null,"author":"kingpanther13","bundled":false,"category":"Automation","classLocation":null,"createTime":"2026-05-03T03:04:27+0000","deprecated":false,"description":"MCP Server with Custom Rule Engine for Hubitat","doNotAutoFocus":false,"documentationLink":null,"encryptedPassword":"","firmwareVersion":null,"hidden":false,"iconUrl":"","iconX2Url":"","iconX3Url":"","id":178,"installOnOpen":false,"menu":"Apps","mustCommitUi":false,"name":"MCP Rule Server","namespace":"mcp","oauthClientId":"350e273a-23d1-4386-a5e6-b07f60dc1d21","oauthClientSecret":"ab14e5b3-fe50-4d1c-85f1-6c5656a6d96e","oauthDisplayLink":"","oauthDisplayName":"MCP Rule Server","oauthRedirectUri":null,"parentAppId":null,"private":false,"setting":false,"showAppTitle":true,"singleInstance":true,"singleInstanceInstalledId":38,"singleThreaded":false,"source":"","sourcePassword":"","sourceUrl":null,"system":false,"type":"usr","updateTime":"2026-09-13T06:28:05+0000","useBrowserTaskQueue":false,"user":true,"version":2072,"videoLink":null},"appTypeId":178,"cleanLabelForDAO":null,"disabled":false,"documentationLink":null,"id":38,"installed":true,"label":"MCP Rule Server","name":"MCP Rule Server","parentAppId":null,"restrictedModes":[],"singleThreaded":false,"systemAppType":false,"trueLabel":null,"uiContext":false,"uiTransactionInProgress":false,"version":1}}
e2e (run)	Post-run hub status probe	2026-09-13T06:30:36.8920330Z 
e2e (run)	Post-run hub status probe	2026-09-13T06:30:36.8941962Z === events for BAT_E2E_KEEP_Configuration_StandaloneBypass (6860) ===
e2e (run)	Post-run hub status probe	2026-09-13T06:30:37.7233490Z {"device":"BAT_E2E_KEEP_Configuration_StandaloneBypass","events":[{"name":"nativeDeviceInfo","value":"{\"nonce\":\"1789280204330575244\",\"deviceId\":\"6860\",\"fixtureVersion\":2,\"largeReadProbePresent\":false,\"name\":\"E2E_PERM_Configuration\",\"label\":\"BAT_E2E_KEEP_Configuration_StandaloneBypass\",\"deviceNetworkId\":\"e2e-perm-configuration-standalone-bypass\",\"deviceTypeId\":1609,\"notes\":\"\",\"maxEvents\":40,\"maxStates\":30,\"spammyThreshold\":300,\"tags\":\"\",\"defaultIcon\":\"\",\"showOnHome\":false,\"defaultCurrentState\":\"\",\"roomId\":0,\"roomName\":null,\"isComponent\":false,\"meshSelectionEnabled\":true,\"retryAvailable\":false,\"retryEnabled\":false,\"parentAppId\":null,\"parentDeviceId\":null,\"virtual\":false,\"controllerType\":\"\",\"zigbeeId\":\"0200000000006860\",\"linkedDevice\":false,\"meshEnabled\":false,\"meshFullSync\":true,\"enabled\":true,\"dataValues\":{\"configurationProbe\":\"original\"},\"hasDashboards\":\"true\",\"commandRetrySelectionEnabled\":false,\"hubMeshRefreshEnabled\":true,\"homeKitSelectionEnabled\":true,\"homeKitEnabled\":false,\"amazonAlexaInstalled\":false,\"amazonAlexaSupported\":null,\"amazonAlexaEnabled\":false,\"googleHomeInstalled\":false,\"googleHomeSupported\":null,\"googleHomeEnabled\":false,\"dashboardIds\":[]}","unit":null,"description":null,"date":"2026-09-13T00:16:46.235-0600","isStateChange":true},{"name":"nativeConfiguration","value":"{\"nonce\":\"1789280204330575244\",\"deviceId\":\"6860\",\"fixtureVersion\":2,\"settings\":[{\"name\":\"probeBool\",\"type\":\"bool\",\"multiple\":false,\"multiplePresent\":true,\"value\":\"false\",\"valuePresent\":true,\"storageId\":18745,\"storageIdPresent\":true,\"storageDeviceId\":6860,\"storageDeviceIdPresent\":true,\"defaultValue\":\"true\"},{\"name\":\"probeNumber\",\"type\":\"number\",\"multiple\":false,\"multiplePresent\":true,\"value\":\"3\",\"valuePresent\":true,\"storageId\":18746,\"storageIdPresent\":true,\"storageDeviceId\":6860,\"storageDeviceIdPresent\":true,\"defaultValue\":\"7\"},{\"name\":\"probeText\",\"type\":\"text\",\"multiple\":false,\"multiplePresent\":true,\"value\":\"original saved text\",\"valuePresent\":true,\"storageId\":18747,\"storageIdPresent\":true,\"storageDeviceId\":6860,\"storageDeviceIdPresent\":true,\"defaultValue\":\"declaration default\"},{\"name\":\"probeEnum\",\"type\":\"enum\",\"multiple\":false,\"multiplePresent\":true,\"value\":\"eco\",\"valuePresent\":true,\"storageId\":18748,\"storageIdPresent\":true,\"storageDeviceId\":6860,\"storageDeviceIdPresent\":true,\"defaultValue\":\"comfort\"},{\"name\":\"probeMultiple\",\"type\":\"enum\",\"multiple\":true,\"multiplePresent\":true,\"value\":\"[\\\"red\\\"]\",\"valuePresent\":true,\"storageId\":18749,\"storageIdPresent\":true,\"storageDeviceId\":6860,\"storageDeviceIdPresent\":true,\"defaultValue\":null}],\"inputValues\":[{\"name\":\"probeBool\",\"inputValue\":\"false\"},{\"name\":\"probeNumber\",\"inputValue\":\"3\"},{\"name\":\"probeText\",\"inputValue\":\"original saved text\"},{\"name\":\"probeEnum\",\"inputValue\":\"eco\"},{\"name\":\"probeMultiple\",\"inputValue\":\"[\\\"red\\\"]\"}],\"runtimeMultiple\":[\"red\"],\"runtimeMultipleIsList\":true}","unit":null,"description":null,"date":"2026-09-13T00:16:46.216-0600","isStateChange":true},{"name":"lanProbeAck","value":"idle","unit":null,"description":null,"date":"2026-09-12T23:50:24.019-0600","isStateChange":true},{"name":"lanProbeAck","value":"1789278618080430964","unit":null,"description":null,"date":"2026-09-12T23:50:22.560-0600","isStateChange":true},{"name":"lanProbeAck","value":"pending","unit":null,"description":null,"date":"2026-09-12T23:50:22.469-0600","isStateChange":true},{"name":"nativeDeviceInfo","value":"{\"nonce\":\"1789278618080430964\",\"deviceId\":\"6860\",\"fixtureVersion\":2,\"largeReadProbePresent\":false,\"name\":\"E2E_PERM_Configuration\",\"label\":\"BAT_E2E_KEEP_Configuration_StandaloneBypass\",\"deviceNetworkId\":\"e2e-perm-configuration-standalone-bypass\",\"deviceTypeId\":1609,\"notes\":\"\",\"maxEvents\":40,\"maxStates\":30,\"spammyThreshold\":300,\"tags\":\"\",\"defaultIcon\":\"\",\"showOnHome\":false,\"defaultCurrentState\":\"\",\"roomId\":0,\"roomName\":null,\"isComponent\":false,\"meshSelectionEnabled\":true,\"retryAvailable\":false,\"retryEnabled\":false,\"parentAppId\":null,\"parentDeviceId\":null,\"virtual\":false,\"controllerType\":\"\",\"zigbeeId\":\"0200000000006860\",\"linkedDevice\":false,\"meshEnabled\":false,\"meshFullSync\":true,\"enabled\":true,\"dataValues\":{\"configurationProbe\":\"original\"},\"hasDashboards\":\"true\",\"commandRetrySelectionEnabled\":false,\"hubMeshRefreshEnabled\":true,\"homeKitSelectionEnabled\":true,\"homeKitEnabled\":false,\"amazonAlexaInstalled\":false,\"amazonAlexaSupported\":null,\"amazonAlexaEnabled\":false,\"googleHomeInstalled\":false,\"googleHomeSupported\":null,\"googleHomeEnabled\":false,\"dashboardIds\":[]}","unit":null,"description":null,"date":"2026-09-12T23:50:20.492-0600","isStateChange":true},{"name":"nativeConfiguration","value":"{\"nonce\":\"1789278618080430964\",\"deviceId\":\"6860\",\"fixtureVersion\":2,\"settings\":[{\"name\":\"probeBool\",\"type\":\"bool\",\"multiple\":false,\"multiplePresent\":true,\"value\":\"false\",\"valuePresent\":true,\"storageId\":null,\"storageIdPresent\":true,\"storageDeviceId\":6860,\"storageDeviceIdPresent\":true,\"defaultValue\":\"true\"},{\"name\":\"probeNumber\",\"type\":\"number\",\"multiple\":false,\"multiplePresent\":true,\"value\":\"3\",\"valuePresent\":true,\"storageId\":null,\"storageIdPresent\":true,\"storageDeviceId\":6860,\"storageDeviceIdPresent\":true,\"defaultValue\":\"7\"},{\"name\":\"probeText\",\"type\":\"text\",\"multiple\":false,\"multiplePresent\":true,\"value\":\"original saved text\",\"valuePresent\":true,\"storageId\":null,\"storageIdPresent\":true,\"storageDeviceId\":6860,\"storageDeviceIdPresent\":true,\"defaultValue\":\"declaration default\"},{\"name\":\"probeEnum\",\"type\":\"enum\",\"multiple\":false,\"multiplePresent\":true,\"value\":\"eco\",\"valuePresent\":true,\"storageId\":null,\"storageIdPresent\":true,\"storageDeviceId\":6860,\"storageDeviceIdPresent\":true,\"defaultValue\":\"comfort\"},{\"name\":\"probeMultiple\",\"type\":\"enum\",\"multiple\":true,\"multiplePresent\":true,\"value\":\"[\\\"red\\\"]\",\"valuePresent\":true,\"storageId\":null,\"storageIdPresent\":true,\"storageDeviceId\":6860,\"storageDeviceIdPresent\":true,\"defaultValue\":null}],\"inputValues\":[{\"name\":\"probeBool\",\"inputValue\":\"false\"},{\"name\":\"probeNumber\",\"inputValue\":\"3\"},{\"name\":\"probeText\",\"inputValue\":\"original saved text\"},{\"name\":\"probeEnum\",\"inputValue\":\"eco\"},{\"name\":\"probeMultiple\",\"inputValue\":\"[\\\"red\\\"]\"}],\"runtimeMultiple\":[\"red\"],\"runtimeMultipleIsList\":true}","unit":null,"description":null,"date":"2026-09-12T23:50:20.491-0600","isStateChange":true},{"name":"nativeDeviceInfo","value":"{\"nonce\":\"1789278600860753147\",\"deviceId\":\"6860\",\"fixtureVersion\":2,\"largeReadProbePresent\":false,\"name\":\"E2E_PERM_Configuration\",\"label\":\"BAT_E2E_KEEP_Configuration_StandaloneBypass\",\"deviceNetworkId\":\"e2e-perm-configuration-standalone-bypass\",\"deviceTypeId\":1609,\"notes\":\"\",\"maxEvents\":40,\"maxStates\":30,\"spammyThreshold\":300,\"tags\":\"\",\"defaultIcon\":\"\",\"showOnHome\":false,\"defaultCurrentState\":\"\",\"roomId\":0,\"roomName\":null,\"isComponent\":false,\"meshSelectionEnabled\":true,\"retryAvailable\":false,\"retryEnabled\":false,\"parentAppId\":null,\"parentDeviceId\":null,\"virtual\":false,\"controllerType\":\"\",\"zigbeeId\":\"0200000000006860\",\"linkedDevice\":false,\"meshEnabled\":false,\"meshFullSync\":true,\"enabled\":true,\"dataValues\":{\"configurationProbe\":\"original\"},\"hasDashboards\":\"true\",\"commandRetrySelectionEnabled\":false,\"hubMeshRefreshEnabled\":true,\"homeKitSelectionEnabled\":true,\"homeKitEnabled\":false,\"amazonAlexaInstalled\":false,\"amazonAlexaSupported\":null,\"amazonAlexaEnabled\":false,\"googleHomeInstalled\":false,\"googleHomeSupported\":null,\"googleHomeEnabled\":false,\"dashboardIds\":[]}","unit":null,"description":null,"date":"2026-09-12T23:50:03.336-0600","isStateChange":true},{"name":"nativeConfiguration","value":"{\"nonce\":\"1789278600860753147\",\"deviceId\":\"6860\",\"fixtureVersion\":2,\"settings\":[{\"name\":\"probeBool\",\"type\":\"bool\",\"multiple\":false,\"multiplePresent\":true,\"value\":\"false\",\"valuePresent\":true,\"storageId\":null,\"storageIdPresent\":true,\"storageDeviceId\":6860,\"storageDeviceIdPresent\":true,\"defaultValue\":\"true\"},{\"name\":\"probeNumber\",\"type\":\"number\",\"multiple\":false,\"multiplePresent\":true,\"value\":\"3\",\"valuePresent\":true,\"storageId\":null,\"storageIdPresent\":true,\"storageDeviceId\":6860,\"storageDeviceIdPresent\":true,\"defaultValue\":\"7\"},{\"name\":\"probeText\",\"type\":\"text\",\"multiple\":false,\"multiplePresent\":true,\"value\":\"original saved text\",\"valuePresent\":true,\"storageId\":null,\"storageIdPresent\":true,\"storageDeviceId\":6860,\"storageDeviceIdPresent\":true,\"defaultValue\":\"declaration default\"},{\"name\":\"probeEnum\",\"type\":\"enum\",\"multiple\":false,\"multiplePresent\":true,\"value\":\"eco\",\"valuePresent\":true,\"storageId\":null,\"storageIdPresent\":true,\"storageDeviceId\":6860,\"storageDeviceIdPresent\":true,\"defaultValue\":\"comfort\"},{\"name\":\"probeMultiple\",\"type\":\"enum\",\"multiple\":true,\"multiplePresent\":true,\"value\":\"[\\\"red\\\"]\",\"valuePresent\":true,\"storageId\":null,\"storageIdPresent\":true,\"storageDeviceId\":6860,\"storageDeviceIdPresent\":true,\"defaultValue\":null}],\"inputValues\":[{\"name\":\"probeBool\",\"inputValue\":\"false\"},{\"name\":\"probeNumber\",\"inputValue\":\"3\"},{\"name\":\"probeText\",\"inputValue\":\"original saved text\"},{\"name\":\"probeEnum\",\"inputValue\":\"eco\"},{\"name\":\"probeMultiple\",\"inputValue\":\"[\\\"red\\\"]\"}],\"runtimeMultiple\":[\"red\"],\"runtimeMultipleIsList\":true}","unit":null,"description":null,"date":"2026-09-12T23:50:03.334-0600","isStateChange":true},{"name":"nativeDeviceInfo","value":"{\"nonce\":\"1789278575821256235\",\"deviceId\":\"6860\",\"fixtureVersion\":2,\"largeReadProbePresent\":false,\"name\":\"BAT_E2E_KEEP_Configuration_StandaloneBypass_name\",\"label\":\"BAT_E2E_KEEP_Configuration_StandaloneBypass_Changed\",\"deviceNetworkId\":\"BAT_E2E_KEEP_Configuration_StandaloneBypass_retarget\",\"deviceTypeId\":1610,\"notes\":\"Native persistence: caf\\u00e9 & + =\",\"maxEvents\":47,\"maxStates\":31,\"spammyThreshold\":321,\"tags\":\"configuration-probe\",\"defaultIcon\":\"he-switch_1\",\"showOnHome\":false,\"defaultCurrentState\":\"\",\"roomId\":1280,\"roomName\":\"BAT_E2E_KEEP_Room\",\"isComponent\":false,\"meshSelectionEnabled\":true,\"retryAvailable\":false,\"retryEnabled\":false,\"parentAppId\":null,\"parentDeviceId\":null,\"virtual\":false,\"controllerType\":\"\",\"zigbeeId\":\"0200000000016860\",\"linkedDevice\":false,\"meshEnabled\":true,\"meshFullSync\":true,\"enabled\":true,\"dataValues\":{\"configurationProbe\":\"changed\"},\"hasDashboards\":\"true\",\"commandRetrySelectionEnabled\":false,\"hubMeshRefreshEnabled\":true,\"homeKitSelectionEnabled\":true,\"homeKitEnabled\":true,\"amazonAlexaInstalled\":false,\"amazonAlexaSupported\":null,\"amazonAlexaEnabled\":false,\"googleHomeInstalled\":false,\"googleHomeSupported\":null,\"googleHomeEnabled\":false,\"dashboardIds\":[36461]}","unit":null,"description":null,"date":"2026-09-12T23:49:38.280-0600","isStateChange":true}],"count":10}
e2e (run)	Post-run hub status probe	2026-09-13T06:30:37.7270559Z 
e2e (run)	Post-run hub status probe	2026-09-13T06:30:37.7270859Z === apps subscribed to BAT_E2E_KEEP_Configuration_StandaloneBypass (6860) ===
e2e (run)	Post-run hub status probe	2026-09-13T06:30:38.1584247Z {"deviceId":"6860","deviceName":"BAT_E2E_KEEP_Configuration_StandaloneBypass","appsUsing":[],"count":0,"parentApp":null}
e2e (run)	Post-run hub status probe	2026-09-13T06:30:38.1584904Z 
e2e (run)	Post-run hub status probe	2026-09-13T06:30:38.1615594Z === events for BAT_E2E_KEEP_Configuration_StandaloneSDK (6859) ===
e2e (run)	Post-run hub status probe	2026-09-13T06:30:39.0528488Z {"device":"BAT_E2E_KEEP_Configuration_StandaloneSDK","events":[{"name":"lanProbeAck","value":"idle","unit":null,"description":null,"date":"2026-09-12T23:50:18.822-0600","isStateChange":true},{"name":"lanProbeAck","value":"1789278612766960501","unit":null,"description":null,"date":"2026-09-12T23:50:17.294-0600","isStateChange":true},{"name":"lanProbeAck","value":"pending","unit":null,"description":null,"date":"2026-09-12T23:50:17.249-0600","isStateChange":true},{"name":"nativeDeviceInfo","value":"{\"nonce\":\"1789278612766960501\",\"deviceId\":\"6859\",\"fixtureVersion\":2,\"largeReadProbePresent\":false,\"name\":\"E2E_PERM_Configuration\",\"label\":\"BAT_E2E_KEEP_Configuration_StandaloneSDK\",\"deviceNetworkId\":\"6e66190d-724f-4a21-8d77-bad638f216ad\",\"deviceTypeId\":1609,\"notes\":\"\",\"maxEvents\":40,\"maxStates\":30,\"spammyThreshold\":300,\"tags\":\"\",\"defaultIcon\":\"\",\"showOnHome\":true,\"defaultCurrentState\":\"switch\",\"roomId\":0,\"roomName\":null,\"isComponent\":false,\"meshSelectionEnabled\":true,\"retryAvailable\":false,\"retryEnabled\":false,\"parentAppId\":null,\"parentDeviceId\":null,\"virtual\":false,\"controllerType\":\"\",\"zigbeeId\":\"0200000000006859\",\"linkedDevice\":false,\"meshEnabled\":false,\"meshFullSync\":true,\"enabled\":true,\"dataValues\":{\"configurationProbe\":\"original\"},\"hasDashboards\":\"true\",\"commandRetrySelectionEnabled\":false,\"hubMeshRefreshEnabled\":true,\"homeKitSelectionEnabled\":true,\"homeKitEnabled\":false,\"amazonAlexaInstalled\":false,\"amazonAlexaSupported\":null,\"amazonAlexaEnabled\":false,\"googleHomeInstalled\":false,\"googleHomeSupported\":null,\"googleHomeEnabled\":false,\"dashboardIds\":[]}","unit":null,"description":null,"date":"2026-09-12T23:50:15.226-0600","isStateChange":true},{"name":"nativeConfiguration","value":"{\"nonce\":\"1789278612766960501\",\"deviceId\":\"6859\",\"fixtureVersion\":2,\"settings\":[{\"name\":\"probeBool\",\"type\":\"bool\",\"multiple\":false,\"multiplePresent\":true,\"value\":\"false\",\"valuePresent\":true,\"storageId\":null,\"storageIdPresent\":true,\"storageDeviceId\":6859,\"storageDeviceIdPresent\":true,\"defaultValue\":\"true\"},{\"name\":\"probeNumber\",\"type\":\"number\",\"multiple\":false,\"multiplePresent\":true,\"value\":\"3\",\"valuePresent\":true,\"storageId\":null,\"storageIdPresent\":true,\"storageDeviceId\":6859,\"storageDeviceIdPresent\":true,\"defaultValue\":\"7\"},{\"name\":\"probeText\",\"type\":\"text\",\"multiple\":false,\"multiplePresent\":true,\"value\":\"original saved text\",\"valuePresent\":true,\"storageId\":null,\"storageIdPresent\":true,\"storageDeviceId\":6859,\"storageDeviceIdPresent\":true,\"defaultValue\":\"declaration default\"},{\"name\":\"probeEnum\",\"type\":\"enum\",\"multiple\":false,\"multiplePresent\":true,\"value\":\"eco\",\"valuePresent\":true,\"storageId\":null,\"storageIdPresent\":true,\"storageDeviceId\":6859,\"storageDeviceIdPresent\":true,\"defaultValue\":\"comfort\"},{\"name\":\"probeMultiple\",\"type\":\"enum\",\"multiple\":true,\"multiplePresent\":true,\"value\":\"[\\\"red\\\"]\",\"valuePresent\":true,\"storageId\":null,\"storageIdPresent\":true,\"storageDeviceId\":6859,\"storageDeviceIdPresent\":true,\"defaultValue\":null}],\"inputValues\":[{\"name\":\"probeBool\",\"inputValue\":\"false\"},{\"name\":\"probeNumber\",\"inputValue\":\"3\"},{\"name\":\"probeText\",\"inputValue\":\"original saved text\"},{\"name\":\"probeEnum\",\"inputValue\":\"eco\"},{\"name\":\"probeMultiple\",\"inputValue\":\"[\\\"red\\\"]\"}],\"runtimeMultiple\":[\"red\"],\"runtimeMultipleIsList\":true}","unit":null,"description":null,"date":"2026-09-12T23:50:15.224-0600","isStateChange":true},{"name":"nativeDeviceInfo","value":"{\"nonce\":\"1789278547337475601\",\"deviceId\":\"6859\",\"fixtureVersion\":2,\"largeReadProbePresent\":false,\"name\":\"E2E_PERM_Configuration\",\"label\":\"BAT_E2E_KEEP_Configuration_StandaloneSDK\",\"deviceNetworkId\":\"6e66190d-724f-4a21-8d77-bad638f216ad\",\"deviceTypeId\":1609,\"notes\":\"\",\"maxEvents\":40,\"maxStates\":30,\"spammyThreshold\":300,\"tags\":\"\",\"defaultIcon\":\"\",\"showOnHome\":true,\"defaultCurrentState\":\"switch\",\"roomId\":0,\"roomName\":null,\"isComponent\":false,\"meshSelectionEnabled\":true,\"retryAvailable\":false,\"retryEnabled\":false,\"parentAppId\":null,\"parentDeviceId\":null,\"virtual\":false,\"controllerType\":\"\",\"zigbeeId\":\"0200000000006859\",\"linkedDevice\":false,\"meshEnabled\":false,\"meshFullSync\":true,\"enabled\":true,\"dataValues\":{\"configurationProbe\":\"original\"},\"hasDashboards\":\"true\",\"commandRetrySelectionEnabled\":false,\"hubMeshRefreshEnabled\":true,\"homeKitSelectionEnabled\":true,\"homeKitEnabled\":false,\"amazonAlexaInstalled\":false,\"amazonAlexaSupported\":null,\"amazonAlexaEnabled\":false,\"googleHomeInstalled\":false,\"googleHomeSupported\":null,\"googleHomeEnabled\":false,\"dashboardIds\":[]}","unit":null,"description":null,"date":"2026-09-12T23:49:09.731-0600","isStateChange":true},{"name":"nativeConfiguration","value":"{\"nonce\":\"1789278547337475601\",\"deviceId\":\"6859\",\"fixtureVersion\":2,\"settings\":[{\"name\":\"probeBool\",\"type\":\"bool\",\"multiple\":false,\"multiplePresent\":true,\"value\":\"false\",\"valuePresent\":true,\"storageId\":null,\"storageIdPresent\":true,\"storageDeviceId\":6859,\"storageDeviceIdPresent\":true,\"defaultValue\":\"true\"},{\"name\":\"probeNumber\",\"type\":\"number\",\"multiple\":false,\"multiplePresent\":true,\"value\":\"3\",\"valuePresent\":true,\"storageId\":null,\"storageIdPresent\":true,\"storageDeviceId\":6859,\"storageDeviceIdPresent\":true,\"defaultValue\":\"7\"},{\"name\":\"probeText\",\"type\":\"text\",\"multiple\":false,\"multiplePresent\":true,\"value\":\"original saved text\",\"valuePresent\":true,\"storageId\":null,\"storageIdPresent\":true,\"storageDeviceId\":6859,\"storageDeviceIdPresent\":true,\"defaultValue\":\"declaration default\"},{\"name\":\"probeEnum\",\"type\":\"enum\",\"multiple\":false,\"multiplePresent\":true,\"value\":\"eco\",\"valuePresent\":true,\"storageId\":null,\"storageIdPresent\":true,\"storageDeviceId\":6859,\"storageDeviceIdPresent\":true,\"defaultValue\":\"comfort\"},{\"name\":\"probeMultiple\",\"type\":\"enum\",\"multiple\":true,\"multiplePresent\":true,\"value\":\"[\\\"red\\\"]\",\"valuePresent\":true,\"storageId\":null,\"storageIdPresent\":true,\"storageDeviceId\":6859,\"storageDeviceIdPresent\":true,\"defaultValue\":null}],\"inputValues\":[{\"name\":\"probeBool\",\"inputValue\":\"false\"},{\"name\":\"probeNumber\",\"inputValue\":\"3\"},{\"name\":\"probeText\",\"inputValue\":\"original saved text\"},{\"name\":\"probeEnum\",\"inputValue\":\"eco\"},{\"name\":\"probeMultiple\",\"inputValue\":\"[\\\"red\\\"]\"}],\"runtimeMultiple\":[\"red\"],\"runtimeMultipleIsList\":true}","unit":null,"description":null,"date":"2026-09-12T23:49:09.730-0600","isStateChange":true},{"name":"nativeDeviceInfo","value":"{\"nonce\":\"1789278522368075923\",\"deviceId\":\"6859\",\"fixtureVersion\":2,\"largeReadProbePresent\":false,\"name\":\"BAT_E2E_KEEP_Configuration_StandaloneSDK_name\",\"label\":\"BAT_E2E_KEEP_Configuration_StandaloneSDK_Changed\",\"deviceNetworkId\":\"BAT_E2E_KEEP_Configuration_StandaloneSDK_retarget\",\"deviceTypeId\":1610,\"notes\":\"Native persistence: caf\\u00e9 & + =\",\"maxEvents\":47,\"maxStates\":31,\"spammyThreshold\":321,\"tags\":\"configuration-probe\",\"defaultIcon\":\"he-switch_1\",\"showOnHome\":false,\"defaultCurrentState\":\"\",\"roomId\":1280,\"roomName\":\"BAT_E2E_KEEP_Room\",\"isComponent\":false,\"meshSelectionEnabled\":true,\"retryAvailable\":false,\"retryEnabled\":false,\"parentAppId\":null,\"parentDeviceId\":null,\"virtual\":false,\"controllerType\":\"\",\"zigbeeId\":\"0200000000016859\",\"linkedDevice\":false,\"meshEnabled\":true,\"meshFullSync\":true,\"enabled\":true,\"dataValues\":{\"configurationProbe\":\"changed\"},\"hasDashboards\":\"true\",\"commandRetrySelectionEnabled\":false,\"hubMeshRefreshEnabled\":true,\"homeKitSelectionEnabled\":true,\"homeKitEnabled\":true,\"amazonAlexaInstalled\":false,\"amazonAlexaSupported\":null,\"amazonAlexaEnabled\":false,\"googleHomeInstalled\":false,\"googleHomeSupported\":null,\"googleHomeEnabled\":false,\"dashboardIds\":[36461]}","unit":null,"description":null,"date":"2026-09-12T23:48:44.947-0600","isStateChange":true},{"name":"nativeConfiguration","value":"{\"nonce\":\"1789278522368075923\",\"deviceId\":\"6859\",\"fixtureVersion\":2,\"settings\":[{\"name\":\"probeBool\",\"type\":\"bool\",\"multiple\":false,\"multiplePresent\":true,\"value\":\"true\",\"valuePresent\":true,\"storageId\":null,\"storageIdPresent\":true,\"storageDeviceId\":6859,\"storageDeviceIdPresent\":true,\"defaultValue\":\"true\"},{\"name\":\"probeNumber\",\"type\":\"number\",\"multiple\":false,\"multiplePresent\":true,\"value\":\"0\",\"valuePresent\":true,\"storageId\":null,\"storageIdPresent\":true,\"storageDeviceId\":6859,\"storageDeviceIdPresent\":true,\"defaultValue\":\"7\"},{\"name\":\"probeText\",\"type\":\"text\",\"multiple\":false,\"multiplePresent\":true,\"value\":\"literal & + = caf\\u00e9\",\"valuePresent\":true,\"storageId\":null,\"storageIdPresent\":true,\"storageDeviceId\":6859,\"storageDeviceIdPresent\":true,\"defaultValue\":\"declaration default\"},{\"name\":\"probeEnum\",\"type\":\"enum\",\"multiple\":false,\"multiplePresent\":true,\"value\":\"comfort\",\"valuePresent\":true,\"storageId\":null,\"storageIdPresent\":true,\"storageDeviceId\":6859,\"storageDeviceIdPresent\":true,\"defaultValue\":\"comfort\"},{\"name\":\"probeMultiple\",\"type\":\"enum\",\"multiple\":true,\"multiplePresent\":true,\"value\":\"[\\\"red\\\",\\\"blue\\\"]\",\"valuePresent\":true,\"storageId\":null,\"storageIdPresent\":true,\"storageDeviceId\":6859,\"storageDeviceIdPresent\":true,\"defaultValue\":null}],\"inputValues\":[{\"name\":\"probeBool\",\"inputValue\":\"true\"},{\"name\":\"probeNumber\",\"inputValue\":\"0\"},{\"name\":\"probeText\",\"inputValue\":\"literal & + = caf\\u00e9\"},{\"name\":\"probeEnum\",\"inputValue\":\"comfort\"},{\"name\":\"probeMultiple\",\"inputValue\":\"[\\\"red\\\",\\\"blue\\\"]\"}],\"runtimeMultiple\":[\"red\",\"blue\"],\"runtimeMultipleIsList\":true}","unit":null,"description":null,"date":"2026-09-12T23:48:44.945-0600","isStateChange":true},{"name":"nativeDeviceInfo","value":"{\"nonce\":\"1789278516124293257\",\"deviceId\":\"6859\",\"fixtureVersion\":2,\"largeReadProbePresent\":false,\"name\":\"BAT_E2E_KEEP_Configuration_StandaloneSDK_name\",\"label\":\"BAT_E2E_KEEP_Configuration_StandaloneSDK_Changed\",\"deviceNetworkId\":\"BAT_E2E_KEEP_Configuration_StandaloneSDK_retarget\",\"deviceTypeId\":1609,\"notes\":\"Native persistence: caf\\u00e9 & + =\",\"maxEvents\":47,\"maxStates\":31,\"spammyThreshold\":321,\"tags\":\"configuration-probe\",\"defaultIcon\":\"he-switch_1\",\"showOnHome\":false,\"defaultCurrentState\":\"\",\"roomId\":1280,\"roomName\":\"BAT_E2E_KEEP_Room\",\"isComponent\":false,\"meshSelectionEnabled\":true,\"retryAvailable\":false,\"retryEnabled\":false,\"parentAppId\":null,\"parentDeviceId\":null,\"virtual\":false,\"controllerType\":\"\",\"zigbeeId\":\"0200000000016859\",\"linkedDevice\":false,\"meshEnabled\":true,\"meshFullSync\":true,\"enabled\":true,\"dataValues\":{\"configurationProbe\":\"changed\"},\"hasDashboards\":\"true\",\"commandRetrySelectionEnabled\":false,\"hubMeshRefreshEnabled\":true,\"homeKitSelectionEnabled\":true,\"homeKitEnabled\":true,\"amazonAlexaInstalled\":false,\"amazonAlexaSupported\":null,\"amazonAlexaEnabled\":false,\"googleHomeInstalled\":false,\"googleHomeSupported\":null,\"googleHomeEnabled\":false,\"dashboardIds\":[36461]}","unit":null,"description":null,"date":"2026-09-12T23:48:38.606-0600","isStateChange":true}],"count":10}
e2e (run)	Post-run hub status probe	2026-09-13T06:30:39.0565912Z 
e2e (run)	Post-run hub status probe	2026-09-13T06:30:39.0566178Z === apps subscribed to BAT_E2E_KEEP_Configuration_StandaloneSDK (6859) ===
e2e (run)	Post-run hub status probe	2026-09-13T06:30:39.5730926Z {"deviceId":"6859","deviceName":"BAT_E2E_KEEP_Configuration_StandaloneSDK","appsUsing":[{"id":38,"name":"MCP Rule Server","label":"MCP Rule Server","trueLabel":null,"disabled":false}],"count":1,"parentApp":null}
e2e (run)	Post-run hub status probe	2026-09-13T06:30:39.5731773Z 
e2e (run)	Post-run hub status probe	2026-09-13T06:30:39.5762351Z === events for BAT_E2E_KEEP_Temp_A (2517) ===
e2e (run)	Post-run hub status probe	2026-09-13T06:30:39.9971024Z {"device":"BAT_E2E_KEEP_Temp_A","events":[],"count":0}
e2e (run)	Post-run hub status probe	2026-09-13T06:30:39.9971486Z 
e2e (run)	Post-run hub status probe	2026-09-13T06:30:40.0001876Z === apps subscribed to BAT_E2E_KEEP_Temp_A (2517) ===
e2e (run)	Post-run hub status probe	2026-09-13T06:30:40.3858400Z {"deviceId":"2517","deviceName":"BAT_E2E_KEEP_Temp_A","appsUsing":[],"count":0,"parentApp":{"appType":{"DEPRECATED":"dep","SYSTEM":"sys","USER":"usr","appSettings":null,"author":"kingpanther13","bundled":false,"category":"Automation","classLocation":null,"createTime":"2026-05-03T03:04:27+0000","deprecated":false,"description":"MCP Server with Custom Rule Engine for Hubitat","doNotAutoFocus":false,"documentationLink":null,"encryptedPassword":"","firmwareVersion":null,"hidden":false,"iconUrl":"","iconX2Url":"","iconX3Url":"","id":178,"installOnOpen":false,"menu":"Apps","mustCommitUi":false,"name":"MCP Rule Server","namespace":"mcp","oauthClientId":"350e273a-23d1-4386-a5e6-b07f60dc1d21","oauthClientSecret":"ab14e5b3-fe50-4d1c-85f1-6c5656a6d96e","oauthDisplayLink":"","oauthDisplayName":"MCP Rule Server","oauthRedirectUri":null,"parentAppId":null,"private":false,"setting":false,"showAppTitle":true,"singleInstance":true,"singleInstanceInstalledId":38,"singleThreaded":false,"source":"","sourcePassword":"","sourceUrl":null,"system":false,"type":"usr","updateTime":"2026-09-13T06:28:05+0000","useBrowserTaskQueue":false,"user":true,"version":2072,"videoLink":null},"appTypeId":178,"cleanLabelForDAO":null,"disabled":false,"documentationLink":null,"id":38,"installed":true,"label":"MCP Rule Server","name":"MCP Rule Server","parentAppId":null,"restrictedModes":[],"singleThreaded":false,"systemAppType":false,"trueLabel":null,"uiContext":false,"uiTransactionInProgress":false,"version":1}}
e2e (run)	Post-run hub status probe	2026-09-13T06:30:40.3864434Z 
e2e (run)	Post-run hub status probe	2026-09-13T06:30:40.3883430Z === events for BAT_E2E_KEEP_Temp_B (2518) ===
e2e (run)	Post-run hub status probe	2026-09-13T06:30:40.7787641Z {"device":"BAT_E2E_KEEP_Temp_B","events":[],"count":0}
e2e (run)	Post-run hub status probe	2026-09-13T06:30:40.7788158Z 
e2e (run)	Post-run hub status probe	2026-09-13T06:30:40.7818131Z === apps subscribed to BAT_E2E_KEEP_Temp_B (2518) ===
e2e (run)	Post-run hub status probe	2026-09-13T06:30:41.1406144Z {"deviceId":"2518","deviceName":"BAT_E2E_KEEP_Temp_B","appsUsing":[],"count":0,"parentApp":{"appType":{"DEPRECATED":"dep","SYSTEM":"sys","USER":"usr","appSettings":null,"author":"kingpanther13","bundled":false,"category":"Automation","classLocation":null,"createTime":"2026-05-03T03:04:27+0000","deprecated":false,"description":"MCP Server with Custom Rule Engine for Hubitat","doNotAutoFocus":false,"documentationLink":null,"encryptedPassword":"","firmwareVersion":null,"hidden":false,"iconUrl":"","iconX2Url":"","iconX3Url":"","id":178,"installOnOpen":false,"menu":"Apps","mustCommitUi":false,"name":"MCP Rule Server","namespace":"mcp","oauthClientId":"350e273a-23d1-4386-a5e6-b07f60dc1d21","oauthClientSecret":"ab14e5b3-fe50-4d1c-85f1-6c5656a6d96e","oauthDisplayLink":"","oauthDisplayName":"MCP Rule Server","oauthRedirectUri":null,"parentAppId":null,"private":false,"setting":false,"showAppTitle":true,"singleInstance":true,"singleInstanceInstalledId":38,"singleThreaded":false,"source":"","sourcePassword":"","sourceUrl":null,"system":false,"type":"usr","updateTime":"2026-09-13T06:28:05+0000","useBrowserTaskQueue":false,"user":true,"version":2072,"videoLink":null},"appTypeId":178,"cleanLabelForDAO":null,"disabled":false,"documentationLink":null,"id":38,"installed":true,"label":"MCP Rule Server","name":"MCP Rule Server","parentAppId":null,"restrictedModes":[],"singleThreaded":false,"systemAppType":false,"trueLabel":null,"uiContext":false,"uiTransactionInProgress":false,"version":1}}
e2e (run)	Post-run hub status probe	2026-09-13T06:30:41.1411792Z 
e2e (run)	Post-run hub status probe	2026-09-13T06:30:41.1432701Z === events for BAT_E2E_KEEP_Temp_B (3015) ===
e2e (run)	Post-run hub status probe	2026-09-13T06:30:41.4961161Z {"device":"BAT_E2E_KEEP_Temp_B","events":[],"count":0}
e2e (run)	Post-run hub status probe	2026-09-13T06:30:41.4961606Z 
e2e (run)	Post-run hub status probe	2026-09-13T06:30:41.4991702Z === apps subscribed to BAT_E2E_KEEP_Temp_B (3015) ===
e2e (run)	Post-run hub status probe	2026-09-13T06:30:41.8929074Z {"deviceId":"3015","deviceName":"BAT_E2E_KEEP_Temp_B","appsUsing":[],"count":0,"parentApp":{"appType":{"DEPRECATED":"dep","SYSTEM":"sys","USER":"usr","appSettings":null,"author":"kingpanther13","bundled":false,"category":"Automation","classLocation":null,"createTime":"2026-05-03T03:04:27+0000","deprecated":false,"description":"MCP Server with Custom Rule Engine for Hubitat","doNotAutoFocus":false,"documentationLink":null,"encryptedPassword":"","firmwareVersion":null,"hidden":false,"iconUrl":"","iconX2Url":"","iconX3Url":"","id":178,"installOnOpen":false,"menu":"Apps","mustCommitUi":false,"name":"MCP Rule Server","namespace":"mcp","oauthClientId":"350e273a-23d1-4386-a5e6-b07f60dc1d21","oauthClientSecret":"ab14e5b3-fe50-4d1c-85f1-6c5656a6d96e","oauthDisplayLink":"","oauthDisplayName":"MCP Rule Server","oauthRedirectUri":null,"parentAppId":null,"private":false,"setting":false,"showAppTitle":true,"singleInstance":true,"singleInstanceInstalledId":38,"singleThreaded":false,"source":"","sourcePassword":"","sourceUrl":null,"system":false,"type":"usr","updateTime":"2026-09-13T06:28:05+0000","useBrowserTaskQueue":false,"user":true,"version":2072,"videoLink":null},"appTypeId":178,"cleanLabelForDAO":null,"disabled":false,"documentationLink":null,"id":38,"installed":true,"label":"MCP Rule Server","name":"MCP Rule Server","parentAppId":null,"restrictedModes":[],"singleThreaded":false,"systemAppType":false,"trueLabel":null,"uiContext":false,"uiTransactionInProgress":false,"version":1}}
e2e (run)	Post-run hub status probe	2026-09-13T06:30:41.8938863Z 
e2e (run)	Post-run hub status probe	2026-09-13T06:30:41.8939207Z ######## LIVE wedge matrix (sacrificial test devices only) ########
e2e (run)	Post-run hub status probe	2026-09-13T06:30:42.2693505Z [A: BAT scaffold (new MCP child)] device 2349 current state: {"device":"BAT_E2E_KEEP_Action_Switch","attribute":"switch","value":"off"}
e2e (run)	Post-run hub status probe	2026-09-13T06:30:42.7867846Z === [A: BAT scaffold (new MCP child)] poll device 2349 -> on (timedOut=true = wedged) ===
e2e (run)	Post-run hub status probe	2026-09-13T06:30:43.1740189Z {"success":true,"finalValue":"on","elapsedMs":1,"polledCount":1,"timedOut":false}
e2e (run)	Post-run hub status probe	2026-09-13T06:30:43.1740869Z 
e2e (run)	Post-run hub status probe	2026-09-13T06:30:43.5904253Z [B: old MCP child] device 67 current state: {"device":"_CI_Virtual Switch","attribute":"switch","value":"off"}
e2e (run)	Post-run hub status probe	2026-09-13T06:30:44.0729477Z === [B: old MCP child] poll device 67 -> on (timedOut=true = wedged) ===
e2e (run)	Post-run hub status probe	2026-09-13T06:30:44.5090555Z {"success":true,"finalValue":"on","elapsedMs":0,"polledCount":1,"timedOut":false}
e2e (run)	Post-run hub status probe	2026-09-13T06:30:44.5091508Z 
e2e (run)	Post-run hub status probe	2026-09-13T06:30:44.9328092Z [C: non-MCP thermostat] device 76 current heatingSetpoint: {"device":"_CI_Virtual Thermostat","attribute":"heatingSetpoint","value":69.00}
e2e (run)	Post-run hub status probe	2026-09-13T06:30:45.9773109Z === [C: non-MCP thermostat] poll heatingSetpoint -> 68 (timedOut=true = wedged) ===
e2e (run)	Post-run hub status probe	2026-09-13T06:30:46.4436215Z {"success":true,"finalValue":68.00,"elapsedMs":0,"polledCount":1,"timedOut":false}
e2e (run)	Post-run hub status probe	2026-09-13T06:30:46.4437116Z 
e2e (run)	Post-run hub status probe	2026-09-13T06:30:47.2361799Z [D: fresh MCP child] created device 7425 (DNI mcp-virtual-1A099761470-2CB7)
e2e (run)	Post-run hub status probe	2026-09-13T06:30:48.0537660Z [D: fresh MCP child] device 7425 current state: {"device":"BAT_E2E_ProbeFresh","attribute":"switch","value":null,"neverReported":true,"reportedAttributes":[],"note":"Reported names can help identify a typo; an omitted name may also be a driver attribute that has never reported."}
e2e (run)	Post-run hub status probe	2026-09-13T06:30:48.5836528Z === [D: fresh MCP child] poll device 7425 -> on (timedOut=true = wedged) ===
e2e (run)	Post-run hub status probe	2026-09-13T06:30:49.0008403Z {"success":true,"finalValue":"on","elapsedMs":2,"polledCount":1,"timedOut":false}
e2e (run)	Post-run hub status probe	2026-09-13T06:30:49.0009070Z 
e2e (run)	Post-run hub status probe	2026-09-13T06:30:49.4061650Z [D] fresh device deleted
e2e (run)	Post-run hub status probe	2026-09-13T06:30:49.4062287Z ######## Watchdog flag / marker files ########
e2e (run)	Post-run hub status probe	2026-09-13T06:30:49.4096523Z === watchdog read e2e-deadman-v2.json ===
e2e (run)	Post-run hub status probe	2026-09-13T06:30:49.6571305Z {"success":true,"fileName":"e2e-deadman-v2.json","totalLength":2394,"offset":0,"chunkLength":2394,"hasMore":false,"content":"{\"armPrSha\":\"1e97719aa540a6dffdf3140c4500ea9cf4609b93\",\"armed\":false,\"canonicalMainSha\":\"1de06f1c0bc356b8e8251b436f15e247ddb81e2c\",\"disarmedAt\":1789280379000,\"fireAttempts\":0,\"intent\":\"disarm\",\"lastAttemptAt\":1789280687497,\"manifest\":{\"app\":{\"classId\":\"178\",\"mainChars\":\"708266\",\"url\":\"https://raw.githubusercontent.com/kingpanther13/Hubitat-local-MCP-server/1de06f1c0bc356b8e8251b436f15e247ddb81e2c/hubitat-mcp-server.groovy\"},\"apps\":[{\"classId\":\"178\",\"mainChars\":\"708266\",\"url\":\"https://raw.githubusercontent.com/kingpanther13/Hubitat-local-MCP-server/1de06f1c0bc356b8e8251b436f15e247ddb81e2c/hubitat-mcp-server.groovy\"},{\"classId\":\"179\",\"mainChars\":\"179138\",\"url\":\"https://raw.githubusercontent.com/kingpanther13/Hubitat-local-MCP-server/1de06f1c0bc356b8e8251b436f15e247ddb81e2c/hubitat-mcp-rule.groovy\"}],\"bundles\":[{\"name\":\"mcp_libraries\",\"namespace\":\"mcp\",\"url\":\"https://raw.githubusercontent.com/kingpanther13/Hubitat-local-MCP-server/bundle-artifacts/shas/1de06f1c0bc356b8e8251b436f15e247ddb81e2c/mcp-libraries.zip\"}],\"libraries\":[{\"id\":\"368\",\"name\":\"McpAppClonerLib\",\"namespace\":\"mcp\"},{\"id\":\"164\",\"name\":\"McpBundlesLib\",\"namespace\":\"mcp\"},{\"id\":\"365\",\"name\":\"McpCodeManagementLib\",\"namespace\":\"mcp\"},{\"id\":\"364\",\"name\":\"McpCustomRulesLib\",\"namespace\":\"mcp\"},{\"id\":\"647\",\"name\":\"McpDashboardsLib\",\"namespace\":\"mcp\"},{\"id\":\"358\",\"name\":\"McpDebugLoggingLib\",\"namespace\":\"mcp\"},{\"id\":\"361\",\"name\":\"McpDevicesLib\",\"namespace\":\"mcp\"},{\"id\":\"359\",\"name\":\"McpDiagnosticsLib\",\"namespace\":\"mcp\"},{\"id\":\"369\",\"name\":\"McpDiscoveryLib\",\"namespace\":\"mcp\"},{\"id\":\"356\",\"name\":\"McpFilesLib\",\"namespace\":\"mcp\"},{\"id\":\"366\",\"name\":\"McpHpmLib\",\"namespace\":\"mcp\"},{\"id\":\"357\",\"name\":\"McpItemBackupsLib\",\"namespace\":\"mcp\"},{\"id\":\"401\",\"name\":\"McpNativeRulesLib\",\"namespace\":\"mcp\"},{\"id\":\"163\",\"name\":\"McpRoomsLib\",\"namespace\":\"mcp\"},{\"id\":\"367\",\"name\":\"McpSelfAdminLib\",\"namespace\":\"mcp\"},{\"id\":\"360\",\"name\":\"McpSystemLib\",\"namespace\":\"mcp\"},{\"id\":\"363\",\"name\":\"McpVariablesLib\",\"namespace\":\"mcp\"},{\"id\":\"362\",\"name\":\"McpVirtualDevicesLib\",\"namespace\":\"mcp\"},{\"id\":\"239\",\"name\":\"McpVisualRulesLib\",\"namespace\":\"mcp\"}]},\"restoreDetail\":\"bundle-cleanup:removed=[]; bundle-skip:pr-identical-to-main(run 34740627451); app 178(url)=true; app 179(url)=true; lib-cleanup:removed=[]\",\"restoreFor\":\"34740627451\",\"restoreResult\":\"restored\",\"restoreTrigger\":\"disarm\",\"restoredAt\":1789280987063,\"runId\":\"34740627451\"}"}
e2e (run)	Post-run hub status probe	2026-09-13T06:30:49.6581128Z 
e2e (run)	Post-run hub status probe	2026-09-13T06:30:49.6593242Z === watchdog read e2e-deferred-native-rules.json ===
e2e (run)	Post-run hub status probe	2026-09-13T06:30:49.8545950Z {"success":true,"fileName":"e2e-deferred-native-rules.json","totalLength":495,"offset":0,"chunkLength":495,"hasMore":false,"content":"[\"40041\", \"40042\", \"40044\", \"40045\", \"40046\", \"40047\", \"40048\", \"40049\", \"40051\", \"40054\", \"40055\", \"40056\", \"40057\", \"40058\", \"40063\", \"40064\", \"40065\", \"40066\", \"40067\", \"40068\", \"40069\", \"40070\", \"40073\", \"40074\", \"40075\", \"40076\", \"40077\", \"40078\", \"40079\", \"40080\", \"40081\", \"40082\", \"40083\", \"40084\", \"40085\", \"40086\", \"40087\", \"40088\", \"40089\", \"40090\", \"40091\", \"40092\", \"40093\", \"40094\", \"40095\", \"40096\", \"40097\", \"40098\", \"40099\", \"40100\", \"40101\", \"40102\", \"40104\", \"40108\", \"40113\"]"}
e2e (run)	Post-run hub status probe	2026-09-13T06:30:49.8547914Z 
e2e (run)	Post-run hub status probe	2026-09-13T06:30:49.8575271Z === watchdog read mcp-main-deployed-sha.txt ===
e2e (run)	Post-run hub status probe	2026-09-13T06:30:50.0254688Z {"success":true,"fileName":"mcp-main-deployed-sha.txt","totalLength":40,"offset":0,"chunkLength":40,"hasMore":false,"content":"1de06f1c0bc356b8e8251b436f15e247ddb81e2c"}
e2e (run)	Post-run hub status probe	2026-09-13T06:30:50.0255848Z 
e2e (run)	Post-run hub status probe	2026-09-13T06:30:50.0256027Z ######## PROBE COMPLETE ########
e2e (run)	Release test hub lease	﻿2026-09-13T06:30:50.0292723Z ##[group]Run bash .github/scripts/lease_release.sh "ci-run-34740627451"
e2e (run)	Release test hub lease	2026-09-13T06:30:50.0293286Z ^[[36;1mbash .github/scripts/lease_release.sh "ci-run-34740627451"^[[0m
e2e (run)	Release test hub lease	2026-09-13T06:30:50.0330317Z shell: /usr/bin/bash -e {0}
e2e (run)	Release test hub lease	2026-09-13T06:30:50.0330587Z env:
e2e (run)	Release test hub lease	2026-09-13T06:30:50.0331243Z   MCP_URL: ***
e2e (run)	Release test hub lease	2026-09-13T06:30:50.0331860Z   WATCHDOG_URL: ***
e2e (run)	Release test hub lease	2026-09-13T06:30:50.0332154Z   pythonLocation: /opt/hostedtoolcache/Python/3.14.7/x64
e2e (run)	Release test hub lease	2026-09-13T06:30:50.0332595Z   PKG_CONFIG_PATH: /opt/hostedtoolcache/Python/3.14.7/x64/lib/pkgconfig
e2e (run)	Release test hub lease	2026-09-13T06:30:50.0333031Z   Python_ROOT_DIR: /opt/hostedtoolcache/Python/3.14.7/x64
e2e (run)	Release test hub lease	2026-09-13T06:30:50.0333441Z   Python2_ROOT_DIR: /opt/hostedtoolcache/Python/3.14.7/x64
e2e (run)	Release test hub lease	2026-09-13T06:30:50.0333822Z   Python3_ROOT_DIR: /opt/hostedtoolcache/Python/3.14.7/x64
e2e (run)	Release test hub lease	2026-09-13T06:30:50.0334572Z   LD_LIBRARY_PATH: /opt/hostedtoolcache/Python/3.14.7/x64/lib
e2e (run)	Release test hub lease	2026-09-13T06:30:50.0335066Z   HUBITAT_HUB_URL: https://cloud.hubitat.com/api/8f03d35e-e8fd-443f-8548-d5fdc889583e
e2e (run)	Release test hub lease	2026-09-13T06:30:50.0335748Z   HUBITAT_APP_ID: 38
e2e (run)	Release test hub lease	2026-09-13T06:30:50.0336055Z   HUBITAT_ACCESS_TOKEN: ***
e2e (run)	Release test hub lease	2026-09-13T06:30:50.0336744Z   PR_SOURCE_URL: https://raw.githubusercontent.com/kingpanther13/Hubitat-local-MCP-server/1e97719aa540a6dffdf3140c4500ea9cf4609b93/hubitat-mcp-server.groovy
e2e (run)	Release test hub lease	2026-09-13T06:30:50.0337629Z   PR_RAW_BASE: https://raw.githubusercontent.com/kingpanther13/Hubitat-local-MCP-server
e2e (run)	Release test hub lease	2026-09-13T06:30:50.0338145Z   PR_HEAD_SHA_RESOLVED: 1e97719aa540a6dffdf3140c4500ea9cf4609b93
e2e (run)	Release test hub lease	2026-09-13T06:30:50.0338930Z   MAIN_SOURCE_URL: https://raw.githubusercontent.com/kingpanther13/Hubitat-local-MCP-server/1de06f1c0bc356b8e8251b436f15e247ddb81e2c/hubitat-mcp-server.groovy
e2e (run)	Release test hub lease	2026-09-13T06:30:50.0339696Z   MAIN_SHA: 1de06f1c0bc356b8e8251b436f15e247ddb81e2c
e2e (run)	Release test hub lease	2026-09-13T06:30:50.0340003Z   MAIN_CHARS: 708266
e2e (run)	Release test hub lease	2026-09-13T06:30:50.0340223Z ##[endgroup]
e2e (run)	Release test hub lease	2026-09-13T06:30:50.7516054Z Lease released.
e2e (run)	Post Run actions/checkout@v7	﻿2026-09-13T06:30:50.7641444Z Post job cleanup.
e2e (run)	Post Run actions/checkout@v7	2026-09-13T06:30:50.8524539Z [command]/usr/bin/git version
e2e (run)	Post Run actions/checkout@v7	2026-09-13T06:30:50.8568143Z git version 2.55.0
e2e (run)	Post Run actions/checkout@v7	2026-09-13T06:30:50.8607198Z Temporarily overriding HOME='/home/runner/work/_temp/841d6293-0f05-4119-947c-a43eedb958b4' before making global git config changes
e2e (run)	Post Run actions/checkout@v7	2026-09-13T06:30:50.8608525Z Adding repository directory to the temporary git global config as a safe directory
e2e (run)	Post Run actions/checkout@v7	2026-09-13T06:30:50.8612886Z [command]/usr/bin/git config --global --add safe.directory /home/runner/work/Hubitat-local-MCP-server/Hubitat-local-MCP-server
e2e (run)	Post Run actions/checkout@v7	2026-09-13T06:30:50.8648393Z Removing SSH command configuration
e2e (run)	Post Run actions/checkout@v7	2026-09-13T06:30:50.8656604Z [command]/usr/bin/git config --local --name-only --get-regexp core\.sshCommand
e2e (run)	Post Run actions/checkout@v7	2026-09-13T06:30:50.8696312Z [command]/usr/bin/git submodule foreach --recursive sh -c "git config --local --name-only --get-regexp 'core\.sshCommand' && git config --local --unset-all 'core.sshCommand' || :"
e2e (run)	Post Run actions/checkout@v7	2026-09-13T06:30:50.8950627Z Removing HTTP extra header
e2e (run)	Post Run actions/checkout@v7	2026-09-13T06:30:50.8958681Z [command]/usr/bin/git config --local --name-only --get-regexp http\.https\:\/\/github\.com\/\.extraheader
e2e (run)	Post Run actions/checkout@v7	2026-09-13T06:30:50.9008552Z [command]/usr/bin/git submodule foreach --recursive sh -c "git config --local --name-only --get-regexp 'http\.https\:\/\/github\.com\/\.extraheader' && git config --local --unset-all 'http.https://github.com/.extraheader' || :"
e2e (run)	Post Run actions/checkout@v7	2026-09-13T06:30:50.9289083Z Removing includeIf entries pointing to credentials config files
e2e (run)	Post Run actions/checkout@v7	2026-09-13T06:30:50.9290094Z [command]/usr/bin/git config --local --name-only --get-regexp ^includeIf\.gitdir:
e2e (run)	Post Run actions/checkout@v7	2026-09-13T06:30:50.9325812Z includeif.gitdir:/home/runner/work/Hubitat-local-MCP-server/Hubitat-local-MCP-server/.git.path
e2e (run)	Post Run actions/checkout@v7	2026-09-13T06:30:50.9334255Z includeif.gitdir:/home/runner/work/Hubitat-local-MCP-server/Hubitat-local-MCP-server/.git/worktrees/*.path
e2e (run)	Post Run actions/checkout@v7	2026-09-13T06:30:50.9335560Z includeif.gitdir:/github/workspace/.git.path
e2e (run)	Post Run actions/checkout@v7	2026-09-13T06:30:50.9336421Z includeif.gitdir:/github/workspace/.git/worktrees/*.path
e2e (run)	Post Run actions/checkout@v7	2026-09-13T06:30:50.9348485Z [command]/usr/bin/git config --local --get-all includeif.gitdir:/home/runner/work/Hubitat-local-MCP-server/Hubitat-local-MCP-server/.git.path
e2e (run)	Post Run actions/checkout@v7	2026-09-13T06:30:50.9385594Z /home/runner/work/_temp/git-credentials-eea58f0c-e7b5-4944-a45c-1465a7774d25.config
e2e (run)	Post Run actions/checkout@v7	2026-09-13T06:30:50.9395704Z [command]/usr/bin/git config --local --unset includeif.gitdir:/home/runner/work/Hubitat-local-MCP-server/Hubitat-local-MCP-server/.git.path \/home\/runner\/work\/_temp\/git\-credentials\-eea58f0c\-e7b5\-4944\-a45c\-1465a7774d25\.config
e2e (run)	Post Run actions/checkout@v7	2026-09-13T06:30:50.9452279Z [command]/usr/bin/git config --local --get-all includeif.gitdir:/home/runner/work/Hubitat-local-MCP-server/Hubitat-local-MCP-server/.git/worktrees/*.path
e2e (run)	Post Run actions/checkout@v7	2026-09-13T06:30:50.9486229Z /home/runner/work/_temp/git-credentials-eea58f0c-e7b5-4944-a45c-1465a7774d25.config
e2e (run)	Post Run actions/checkout@v7	2026-09-13T06:30:50.9496986Z [command]/usr/bin/git config --local --unset includeif.gitdir:/home/runner/work/Hubitat-local-MCP-server/Hubitat-local-MCP-server/.git/worktrees/*.path \/home\/runner\/work\/_temp\/git\-credentials\-eea58f0c\-e7b5\-4944\-a45c\-1465a7774d25\.config
e2e (run)	Post Run actions/checkout@v7	2026-09-13T06:30:50.9534948Z [command]/usr/bin/git config --local --get-all includeif.gitdir:/github/workspace/.git.path
e2e (run)	Post Run actions/checkout@v7	2026-09-13T06:30:50.9565290Z /github/runner_temp/git-credentials-eea58f0c-e7b5-4944-a45c-1465a7774d25.config
e2e (run)	Post Run actions/checkout@v7	2026-09-13T06:30:50.9579745Z [command]/usr/bin/git config --local --unset includeif.gitdir:/github/workspace/.git.path \/github\/runner_temp\/git\-credentials\-eea58f0c\-e7b5\-4944\-a45c\-1465a7774d25\.config
e2e (run)	Post Run actions/checkout@v7	2026-09-13T06:30:50.9623418Z [command]/usr/bin/git config --local --get-all includeif.gitdir:/github/workspace/.git/worktrees/*.path
e2e (run)	Post Run actions/checkout@v7	2026-09-13T06:30:50.9654417Z /github/runner_temp/git-credentials-eea58f0c-e7b5-4944-a45c-1465a7774d25.config
e2e (run)	Post Run actions/checkout@v7	2026-09-13T06:30:50.9667296Z [command]/usr/bin/git config --local --unset includeif.gitdir:/github/workspace/.git/worktrees/*.path \/github\/runner_temp\/git\-credentials\-eea58f0c\-e7b5\-4944\-a45c\-1465a7774d25\.config
e2e (run)	Post Run actions/checkout@v7	2026-09-13T06:30:50.9717188Z [command]/usr/bin/git submodule foreach --recursive git config --local --show-origin --name-only --get-regexp remote.origin.url
e2e (run)	Post Run actions/checkout@v7	2026-09-13T06:30:50.9975064Z Removing credentials config '/home/runner/work/_temp/git-credentials-eea58f0c-e7b5-4944-a45c-1465a7774d25.config'
e2e (run)	Complete job	﻿2026-09-13T06:30:51.0134883Z Cleaning up orphan processes
